Design Assistant report for top_lcd_st7789
Sun Sep  6 00:46:58 2026
Quartus Prime Version 25.1.1 Build 125 07/31/2025 Patches 1.03 SC Pro Edition


---------------------
; Table of Contents ;
---------------------
  1. Legal Notice
  2. Design Assistant (Signoff) Results - 8 of 85 Rules Failed
  3. TMC-20012 - Missing Output Delay Constraint
  4. RES-50001 - Asynchronous Reset Is Not Synchronized
  5. TMC-20011 - Missing Input Delay Constraint
  6. TMC-20221 - Nodes Failing Minimum Pulse Width Due to Clock Pulse Collapse
  7. TMC-20204 - Endpoints of Paths Failing Setup Analysis with Retiming Restrictions
  8. TMC-20205 - Endpoints of Paths Failing Setup Analysis with Explicit Power-Up States that Restrict Retiming
  9. TMC-20215 - Buses with Incoming Paths Failing Setup Analysis with Multipliers Implemented in Logic
 10. RES-50010 - Reset Synchronizer Chains with Constant Output
 11. CDC-50001 - 1-Bit Asynchronous Transfer Not Synchronized
 12. CDC-50002 - 1-Bit Asynchronous Transfer with Insufficient Constraints
 13. CDC-50003 - CE-Type CDC Transfer with Insufficient Constraints
 14. CDC-50004 - MUX-type CDC Transfer with Insufficient Constraints
 15. CDC-50005 - CDC Bus Constructed with Multi-bit Synchronizer Chains of Different Lengths
 16. CDC-50006 - CDC Bus Constructed with Unsynchronized Registers
 17. CDC-50007 - CDC Bus Constructed with Multi-bit Synchronizer Chains with Insufficient Constraints
 18. CDC-50011 - Combinational Logic Before Synchronizer Chain
 19. CDC-50012 - Multiple Clock Domains Driving a Synchronizer Chain
 20. CLK-30026 - Missing Clock Assignment
 21. CLK-30027 - Multiple Clock Assignments Found
 22. CLK-30028 - Invalid Generated Clock
 23. CLK-30029 - Invalid Clock Assignments
 24. CLK-30030 - PLL Setting Violation
 25. CLK-30033 - Invalid Clock Group Assignment
 26. CLK-30034 - Clock Pairs Missing Logically Exclusive Clock Group Assignment
 27. CLK-30035 - Clock Pairs Missing Physically Exclusive Clock Group Assignment
 28. CLK-30042 - Incorrect Clock Group Type
 29. RES-50002 - Asynchronous Reset is Insufficiently Synchronized
 30. RES-50003 - Asynchronous Reset with Insufficient Constraints
 31. RES-50004 - Multiple Asynchronous Resets within Reset Synchronizer Chain
 32. TMC-20013 - Partial Input Delay
 33. TMC-20014 - Partial Output Delay
 34. TMC-20015 - Inconsistent Min-Max Delay
 35. TMC-20016 - Invalid Reference Pin
 36. TMC-20017 - Loops Detected
 37. TMC-20019 - Partial Multicycle Assignment
 38. TMC-20022 - I/O Delay Assignment Missing Parameters
 39. TMC-20023 - Invalid Set Net Delay Assignment
 40. TMC-20027 - Collection Filter Matching Multiple Types
 41. TMC-30041 - Constraint with Invalid Clock Reference
 42. CDC-50103 - Unsynchronized Intra-Clock Forced Synchronizer
 43. CLK-30031 - Input Delay Assigned to Clock
 44. CLK-30032 - Improper Clock Targets
 45. FLP-10000 - Physical RAM with Utilization Below Threshold
 46. FLP-10501 - Top-Level Ports Without Pin Location Assignment
 47. LNT-30023 - Reset Nets with Polarity Conflict
 48. RDC-50003 - Multiple Asynchronous Reset Synchronizers in the Same Clock Domain
 49. TMC-20018 - Unsupported Latches Detected
 50. TMC-20021 - Partial Min-Max Delay Assignment
 51. TMC-20024 - Synchronous Data Delay Assignment
 52. TMC-20025 - Ignored or Overridden Constraints
 53. TMC-20026 - Empty Collection Due To Unmatched Filter
 54. TMC-20200 - Paths Failing Setup Analysis with Impossible Requirements
 55. TMC-20201 - Paths Failing Setup Analysis with High Clock Skew
 56. TMC-20206 - DSP Blocks with Unregistered Outputs that are the Source of Paths Failing Setup Analysis
 57. TMC-20207 - DSP Blocks with Unregistered Inputs that are the Destination of Paths Failing Setup Analysis
 58. TMC-20208 - RAM Blocks with Unregistered Outputs that are the Source of Paths Failing Setup Analysis
 59. TMC-20209 - Paths Failing Setup Analysis with High Routing Delay due to Congestion
 60. TMC-20210 - Paths Failing Setup Analysis with High Routing Delay Added for Hold
 61. TMC-20212 - Paths Failing Setup Analysis with Global Routing in Data Path
 62. TMC-20213 - Paths Failing Setup Analysis with Locally Routed Clock
 63. TMC-20214 - Buses with Incoming Paths Failing Setup Analysis with Multiple Sequential Adder Chains
 64. TMC-20216 - Paths Failing Setup Analysis with Inferred-RAM Shift Register Endpoints
 65. TMC-20217 - Paths Failing Setup Analysis with Clock-As-Data
 66. TMC-20219 - DSP Blocks with Restricted Fmax below Required Fmax
 67. TMC-20220 - RAM Blocks with Restricted Fmax below Required Fmax
 68. TMC-20312 - Paths Failing Hold Analysis with Global Routing in Data Path
 69. TMC-20313 - Paths Failing Hold Analysis with Locally Routed Clock
 70. TMC-20712 - Paths Failing Recovery Analysis with Global Routing in Data Path
 71. TMC-20713 - Paths Failing Recovery Analysis with Locally Routed Clock
 72. TMC-20812 - Paths Failing Removal Analysis with Global Routing in Data Path
 73. TMC-20813 - Paths Failing Removal Analysis with Locally Routed Clock
 74. CDC-50008 - CDC Bus Constructed with Multi-bit Synchronizer Chains
 75. CDC-50101 - Intra-Clock False Path Synchronizer
 76. CDC-50102 - Synchronizer after CDC Topology with Control Signal
 77. FLP-40006 - Pipelining Registers That Might Be Recoverable
 78. LNT-30010 - Nets Driving both Reset and Clock Enable Signals
 79. RES-50101 - Intra-Clock False Path Reset Synchronizer
 80. TMC-20020 - Invalid Multicycle Assignment
 81. TMC-20550 - Automatically Selected Duplication Candidate Rejected for Placement Constraint
 82. TMC-20551 - Automatically Selected Duplication Candidate Likely Requires More Duplication
 83. TMC-20552 - User Selected Duplication Candidate was Rejected
 84. TMC-20601 - Registers with High Immediate Fan-Out Tension
 85. TMC-20602 - Registers with High Timing Path Endpoint Tension
 86. TMC-20603 - Registers with High Immediate Fan-Out Span
 87. TMC-20604 - Registers with High Timing Path Endpoint Span



----------------
; Legal Notice ;
----------------
Copyright (C) 2025  Altera Corporation. All rights reserved.
Your use of Altera Corporation's design tools, logic functions 
and other software and tools, and any partner logic 
functions, and any output files from any of the foregoing 
(including device programming or simulation files), and any 
associated documentation or information are expressly subject 
to the terms and conditions of the Altera Program License 
Subscription Agreement, the Altera Quartus Prime License Agreement,
the Altera IP License Agreement, or other applicable license
agreement, including, without limitation, that your use is for
the sole purpose of programming logic devices manufactured by
Altera and sold by Altera or its authorized distributors.  Please
refer to the Altera Software License Subscription Agreements 
on the Quartus Prime software download page.



+----------------------------------------------------------------------------------------------------------------------------------------------------------------------------------------------+
; Design Assistant (Signoff) Results - 8 of 85 Rules Failed                                                                                                                                    ;
+------------------------------------------------------------------------------------------------------------+----------+------------+--------+------------------------------------------------+
; Rule                                                                                                       ; Severity ; Violations ; Waived ; Tags                                           ;
+------------------------------------------------------------------------------------------------------------+----------+------------+--------+------------------------------------------------+
; TMC-20012 - Missing Output Delay Constraint                                                                ; High     ; 6          ; 0      ; sdc, system                                    ;
; RES-50001 - Asynchronous Reset Is Not Synchronized                                                         ; High     ; 1          ; 0      ; synchronizer                                   ;
; TMC-20011 - Missing Input Delay Constraint                                                                 ; High     ; 1          ; 0      ; sdc, system                                    ;
; TMC-20221 - Nodes Failing Minimum Pulse Width Due to Clock Pulse Collapse                                  ; Medium   ; 434        ; 0      ; minimum-pulse-width                            ;
; TMC-20204 - Endpoints of Paths Failing Setup Analysis with Retiming Restrictions                           ; Medium   ; 55         ; 0      ; retime                                         ;
; TMC-20205 - Endpoints of Paths Failing Setup Analysis with Explicit Power-Up States that Restrict Retiming ; Medium   ; 4          ; 0      ; retime                                         ;
; TMC-20215 - Buses with Incoming Paths Failing Setup Analysis with Multipliers Implemented in Logic         ; Medium   ; 1          ; 0      ; logic-levels, dsp                              ;
; RES-50010 - Reset Synchronizer Chains with Constant Output                                                 ; Low      ; 1          ; 0      ; synchronizer                                   ;
; CDC-50001 - 1-Bit Asynchronous Transfer Not Synchronized                                                   ; High     ; 0          ; 0      ; synchronizer                                   ;
; CDC-50002 - 1-Bit Asynchronous Transfer with Insufficient Constraints                                      ; High     ; 0          ; 0      ; synchronizer                                   ;
; CDC-50003 - CE-Type CDC Transfer with Insufficient Constraints                                             ; High     ; 0          ; 0      ; cdc-bus                                        ;
; CDC-50004 - MUX-type CDC Transfer with Insufficient Constraints                                            ; High     ; 0          ; 0      ; cdc-bus                                        ;
; CDC-50005 - CDC Bus Constructed with Multi-bit Synchronizer Chains of Different Lengths                    ; High     ; 0          ; 0      ; synchronizer, cdc-bus                          ;
; CDC-50006 - CDC Bus Constructed with Unsynchronized Registers                                              ; High     ; 0          ; 0      ; synchronizer, cdc-bus                          ;
; CDC-50007 - CDC Bus Constructed with Multi-bit Synchronizer Chains with Insufficient Constraints           ; High     ; 0          ; 0      ; synchronizer, cdc-bus                          ;
; CDC-50011 - Combinational Logic Before Synchronizer Chain                                                  ; High     ; 0          ; 0      ; synchronizer                                   ;
; CDC-50012 - Multiple Clock Domains Driving a Synchronizer Chain                                            ; High     ; 0          ; 0      ; synchronizer                                   ;
; CLK-30026 - Missing Clock Assignment                                                                       ; High     ; 0          ; 0      ; sdc                                            ;
; CLK-30027 - Multiple Clock Assignments Found                                                               ; High     ; 0          ; 0      ; sdc                                            ;
; CLK-30028 - Invalid Generated Clock                                                                        ; High     ; 0          ; 0      ; sdc                                            ;
; CLK-30029 - Invalid Clock Assignments                                                                      ; High     ; 0          ; 0      ; sdc                                            ;
; CLK-30030 - PLL Setting Violation                                                                          ; High     ; 0          ; 0      ; sdc                                            ;
; CLK-30033 - Invalid Clock Group Assignment                                                                 ; High     ; 0          ; 0      ; sdc                                            ;
; CLK-30034 - Clock Pairs Missing Logically Exclusive Clock Group Assignment                                 ; High     ; 0          ; 0      ; sdc                                            ;
; CLK-30035 - Clock Pairs Missing Physically Exclusive Clock Group Assignment                                ; High     ; 0          ; 0      ; sdc                                            ;
; CLK-30042 - Incorrect Clock Group Type                                                                     ; High     ; 0          ; 0      ; sdc                                            ;
; RES-50002 - Asynchronous Reset is Insufficiently Synchronized                                              ; High     ; 0          ; 0      ; synchronizer                                   ;
; RES-50003 - Asynchronous Reset with Insufficient Constraints                                               ; High     ; 0          ; 0      ; synchronizer                                   ;
; RES-50004 - Multiple Asynchronous Resets within Reset Synchronizer Chain                                   ; High     ; 0          ; 0      ; synchronizer                                   ;
; TMC-20013 - Partial Input Delay                                                                            ; High     ; 0          ; 0      ; sdc, system                                    ;
; TMC-20014 - Partial Output Delay                                                                           ; High     ; 0          ; 0      ; sdc, system                                    ;
; TMC-20015 - Inconsistent Min-Max Delay                                                                     ; High     ; 0          ; 0      ; sdc                                            ;
; TMC-20016 - Invalid Reference Pin                                                                          ; High     ; 0          ; 0      ; sdc, system                                    ;
; TMC-20017 - Loops Detected                                                                                 ; High     ; 0          ; 0      ; sdc                                            ;
; TMC-20019 - Partial Multicycle Assignment                                                                  ; High     ; 0          ; 0      ; sdc                                            ;
; TMC-20022 - I/O Delay Assignment Missing Parameters                                                        ; High     ; 0          ; 0      ; sdc, system                                    ;
; TMC-20023 - Invalid Set Net Delay Assignment                                                               ; High     ; 0          ; 0      ; sdc                                            ;
; TMC-20027 - Collection Filter Matching Multiple Types                                                      ; High     ; 0          ; 0      ; sdc                                            ;
; TMC-30041 - Constraint with Invalid Clock Reference                                                        ; High     ; 0          ; 0      ; sdc                                            ;
; CDC-50103 - Unsynchronized Intra-Clock Forced Synchronizer                                                 ; Medium   ; 0          ; 0      ; synchronizer                                   ;
; CLK-30031 - Input Delay Assigned to Clock                                                                  ; Medium   ; 0          ; 0      ; sdc, system                                    ;
; CLK-30032 - Improper Clock Targets                                                                         ; Medium   ; 0          ; 0      ; sdc                                            ;
; FLP-10000 - Physical RAM with Utilization Below Threshold                                                  ; Medium   ; 0          ; 0      ; ram, resource-usage                            ;
; FLP-10501 - Top-Level Ports Without Pin Location Assignment                                                ; Medium   ; 0          ; 0      ; system                                         ;
; LNT-30023 - Reset Nets with Polarity Conflict                                                              ; Medium   ; 0          ; 0      ; reset-usage                                    ;
; RDC-50003 - Multiple Asynchronous Reset Synchronizers in the Same Clock Domain                             ; Medium   ; 0          ; 0      ; reset-usage, reset-reachability                ;
; TMC-20018 - Unsupported Latches Detected                                                                   ; Medium   ; 0          ; 0      ; latch                                          ;
; TMC-20021 - Partial Min-Max Delay Assignment                                                               ; Medium   ; 0          ; 0      ; sdc                                            ;
; TMC-20024 - Synchronous Data Delay Assignment                                                              ; Medium   ; 0          ; 0      ; sdc                                            ;
; TMC-20025 - Ignored or Overridden Constraints                                                              ; Medium   ; 0          ; 0      ; sdc                                            ;
; TMC-20026 - Empty Collection Due To Unmatched Filter                                                       ; Medium   ; 0          ; 0      ; sdc                                            ;
; TMC-20200 - Paths Failing Setup Analysis with Impossible Requirements                                      ; Medium   ; 0          ; 0      ; intrinsic-margin, impossible-requirements, sdc ;
; TMC-20201 - Paths Failing Setup Analysis with High Clock Skew                                              ; Medium   ; 0          ; 0      ; intrinsic-margin                               ;
; TMC-20206 - DSP Blocks with Unregistered Outputs that are the Source of Paths Failing Setup Analysis       ; Medium   ; 0          ; 0      ; dsp                                            ;
; TMC-20207 - DSP Blocks with Unregistered Inputs that are the Destination of Paths Failing Setup Analysis   ; Medium   ; 0          ; 0      ; dsp                                            ;
; TMC-20208 - RAM Blocks with Unregistered Outputs that are the Source of Paths Failing Setup Analysis       ; Medium   ; 0          ; 0      ; ram                                            ;
; TMC-20209 - Paths Failing Setup Analysis with High Routing Delay due to Congestion                         ; Medium   ; 0          ; 0      ; route                                          ;
; TMC-20210 - Paths Failing Setup Analysis with High Routing Delay Added for Hold                            ; Medium   ; 0          ; 0      ; route                                          ;
; TMC-20212 - Paths Failing Setup Analysis with Global Routing in Data Path                                  ; Medium   ; 0          ; 0      ; global-signal, route                           ;
; TMC-20213 - Paths Failing Setup Analysis with Locally Routed Clock                                         ; Medium   ; 0          ; 0      ; global-signal, clock-skew                      ;
; TMC-20214 - Buses with Incoming Paths Failing Setup Analysis with Multiple Sequential Adder Chains         ; Medium   ; 0          ; 0      ; logic-levels                                   ;
; TMC-20216 - Paths Failing Setup Analysis with Inferred-RAM Shift Register Endpoints                        ; Medium   ; 0          ; 0      ; ram                                            ;
; TMC-20217 - Paths Failing Setup Analysis with Clock-As-Data                                                ; Medium   ; 0          ; 0      ; nonstandard-timing                             ;
; TMC-20219 - DSP Blocks with Restricted Fmax below Required Fmax                                            ; Medium   ; 0          ; 0      ; dsp, minimum-pulse-width                       ;
; TMC-20220 - RAM Blocks with Restricted Fmax below Required Fmax                                            ; Medium   ; 0          ; 0      ; ram, minimum-pulse-width                       ;
; TMC-20312 - Paths Failing Hold Analysis with Global Routing in Data Path                                   ; Medium   ; 0          ; 0      ; global-signal, route                           ;
; TMC-20313 - Paths Failing Hold Analysis with Locally Routed Clock                                          ; Medium   ; 0          ; 0      ; global-signal, clock-skew                      ;
; TMC-20712 - Paths Failing Recovery Analysis with Global Routing in Data Path                               ; Medium   ; 0          ; 0      ; global-signal, route                           ;
; TMC-20713 - Paths Failing Recovery Analysis with Locally Routed Clock                                      ; Medium   ; 0          ; 0      ; global-signal, clock-skew                      ;
; TMC-20812 - Paths Failing Removal Analysis with Global Routing in Data Path                                ; Medium   ; 0          ; 0      ; global-signal, route                           ;
; TMC-20813 - Paths Failing Removal Analysis with Locally Routed Clock                                       ; Medium   ; 0          ; 0      ; global-signal, clock-skew                      ;
; CDC-50008 - CDC Bus Constructed with Multi-bit Synchronizer Chains                                         ; Low      ; 0          ; 0      ; synchronizer, cdc-bus                          ;
; CDC-50101 - Intra-Clock False Path Synchronizer                                                            ; Low      ; 0          ; 0      ; synchronizer, false-positive-synchronizer      ;
; CDC-50102 - Synchronizer after CDC Topology with Control Signal                                            ; Low      ; 0          ; 0      ; synchronizer, false-positive-synchronizer      ;
; FLP-40006 - Pipelining Registers That Might Be Recoverable                                                 ; Low      ; 0          ; 0      ; resource-usage                                 ;
; LNT-30010 - Nets Driving both Reset and Clock Enable Signals                                               ; Low      ; 0          ; 0      ; reset-usage                                    ;
; RES-50101 - Intra-Clock False Path Reset Synchronizer                                                      ; Low      ; 0          ; 0      ; synchronizer, false-positive-synchronizer      ;
; TMC-20020 - Invalid Multicycle Assignment                                                                  ; Low      ; 0          ; 0      ; sdc                                            ;
; TMC-20550 - Automatically Selected Duplication Candidate Rejected for Placement Constraint                 ; Low      ; 0          ; 0      ; register-duplication, place                    ;
; TMC-20551 - Automatically Selected Duplication Candidate Likely Requires More Duplication                  ; Low      ; 0          ; 0      ; register-duplication, place                    ;
; TMC-20552 - User Selected Duplication Candidate was Rejected                                               ; Low      ; 0          ; 0      ; register-duplication, place                    ;
; TMC-20601 - Registers with High Immediate Fan-Out Tension                                                  ; Low      ; 0          ; 0      ; register-duplication, register-spread, place   ;
; TMC-20602 - Registers with High Timing Path Endpoint Tension                                               ; Low      ; 0          ; 0      ; register-duplication, register-spread, place   ;
; TMC-20603 - Registers with High Immediate Fan-Out Span                                                     ; Low      ; 0          ; 0      ; register-duplication, register-spread, place   ;
; TMC-20604 - Registers with High Timing Path Endpoint Span                                                  ; Low      ; 0          ; 0      ; register-duplication, register-spread, place   ;
+------------------------------------------------------------------------------------------------------------+----------+------------+--------+------------------------------------------------+


Status:		FAIL
Severity:		High
Number of violations: 	6
Rule Parameters:      	max_violations = 5000
+-----------------------------------------------------------------+
; TMC-20012 - Missing Output Delay Constraint                     ;
+----------+---------------------------------------------+--------+
; Port     ; Reason                                      ; Waived ;
+----------+---------------------------------------------+--------+
; lcd_sclk ; No output delay was set on the output port. ;        ;
; lcd_sda  ; No output delay was set on the output port. ;        ;
; lcd_res  ; No output delay was set on the output port. ;        ;
; lcd_dc   ; No output delay was set on the output port. ;        ;
; lcd_cs   ; No output delay was set on the output port. ;        ;
; lcd_blk  ; No output delay was set on the output port. ;        ;
+----------+---------------------------------------------+--------+


Status:		FAIL
Severity:		High
Number of violations: 	1
Rule Parameters:      	max_violations = 500
+--------------------------------------------------------------------------------------------------------------------------------+
; RES-50001 - Asynchronous Reset Is Not Synchronized                                                                             ;
+--------------+----------------------+-----------------+---------------------------------+-----------------------------+--------+
; Reset Source ; Reset Source Clock   ; Register Clock  ; Number of Registers Being Reset ; Sample Register Being Reset ; Waived ;
+--------------+----------------------+-----------------+---------------------------------+-----------------------------+--------+
; sys_rst_n    ; Unconstrained domain ; clk_50m~derived ; 215                             ; spi_div[1]                  ;        ;
+--------------+----------------------+-----------------+---------------------------------+-----------------------------+--------+


Status:		FAIL
Severity:		High
Number of violations: 	1
Rule Parameters:      	max_violations = 5000
+----------------------------------------------------------------+
; TMC-20011 - Missing Input Delay Constraint                     ;
+-----------+-------------------------------------------+--------+
; Port      ; Reason                                    ; Waived ;
+-----------+-------------------------------------------+--------+
; sys_rst_n ; No input delay was set on the input port. ;        ;
+-----------+-------------------------------------------+--------+


Status:		FAIL
Severity:		Medium
Number of violations: 	434
Rule Parameters:      	
		max_violations = 5000
		maximum_pulse_width_slack = 0
+-----------------------------------------------------------------------------------------------------------------------------------------------------------------------------------+
; TMC-20221 - Nodes Failing Minimum Pulse Width Due to Clock Pulse Collapse                                                                                                         ;
+---------------------------+-----------------+------------------------------------------------------------------------+-----------------+---------------------------------+--------+
; Minimum Pulse Width Slack ; Type            ; Node Name                                                              ; Clock           ; Worst-Case Operating Conditions ; Waived ;
+---------------------------+-----------------+------------------------------------------------------------------------+-----------------+---------------------------------+--------+
; -0.899                    ; Low Pulse Width ; spi_div[1]                                                             ; clk_50m~derived ; Slow fix4 100C Model            ;        ;
; -0.899                    ; Low Pulse Width ; pixel_cnt[9]                                                           ; clk_50m~derived ; Slow fix4 100C Model            ;        ;
; -0.899                    ; Low Pulse Width ; spi_dc_in~RTM_1                                                        ; clk_50m~derived ; Slow fix4 100C Model            ;        ;
; -0.899                    ; Low Pulse Width ; spi_div[1]~DUPLICATE                                                   ; clk_50m~derived ; Slow fix4 100C Model            ;        ;
; -0.899                    ; Low Pulse Width ; pixel_cnt[16]~DUPLICATE                                                ; clk_50m~derived ; Slow fix4 100C Model            ;        ;
; -0.899                    ; Low Pulse Width ; lcd_res~reg0DUPLICATE                                                  ; clk_50m~derived ; Slow fix4 100C Model            ;        ;
; -0.899                    ; Low Pulse Width ; spi_div[0]~DUPLICATE                                                   ; clk_50m~derived ; Slow fix4 100C Model            ;        ;
; -0.899                    ; Low Pulse Width ; win_step[3]~DUPLICATE                                                  ; clk_50m~derived ; Slow fix4 100C Model            ;        ;
; -0.899                    ; Low Pulse Width ; win_step[2]~DUPLICATE                                                  ; clk_50m~derived ; Slow fix4 100C Model            ;        ;
; -0.899                    ; Low Pulse Width ; win_step[0]~DUPLICATE                                                  ; clk_50m~derived ; Slow fix4 100C Model            ;        ;
; -0.899                    ; Low Pulse Width ; spi_bit_cnt[1]~DUPLICATE                                               ; clk_50m~derived ; Slow fix4 100C Model            ;        ;
; -0.899                    ; Low Pulse Width ; state.S_DONE~DUPLICATE                                                 ; clk_50m~derived ; Slow fix4 100C Model            ;        ;
; -0.899                    ; Low Pulse Width ; pixel_cnt[8]                                                           ; clk_50m~derived ; Slow fix4 100C Model            ;        ;
; -0.899                    ; Low Pulse Width ; state.S_SPI_WAIT~DUPLICATE                                             ; clk_50m~derived ; Slow fix4 100C Model            ;        ;
; -0.899                    ; Low Pulse Width ; delay_active~DUPLICATE                                                 ; clk_50m~derived ; Slow fix4 100C Model            ;        ;
; -0.899                    ; Low Pulse Width ; state.S_INIT~DUPLICATE                                                 ; clk_50m~derived ; Slow fix4 100C Model            ;        ;
; -0.899                    ; Low Pulse Width ; state.S_FILL~DUPLICATE                                                 ; clk_50m~derived ; Slow fix4 100C Model            ;        ;
; -0.899                    ; Low Pulse Width ; return_state.S_WINDOW~DUPLICATE                                        ; clk_50m~derived ; Slow fix4 100C Model            ;        ;
; -0.899                    ; Low Pulse Width ; delay_cnt[15]~DUPLICATE                                                ; clk_50m~derived ; Slow fix4 100C Model            ;        ;
; -0.899                    ; Low Pulse Width ; delay_ms[0]~DUPLICATE                                                  ; clk_50m~derived ; Slow fix4 100C Model            ;        ;
; -0.899                    ; Low Pulse Width ; delay_ms[2]~DUPLICATE                                                  ; clk_50m~derived ; Slow fix4 100C Model            ;        ;
; -0.899                    ; Low Pulse Width ; init_idx[0]~RTMDUPLICATE                                               ; clk_50m~derived ; Slow fix4 100C Model            ;        ;
; -0.899                    ; Low Pulse Width ; pixel_cnt[7]                                                           ; clk_50m~derived ; Slow fix4 100C Model            ;        ;
; -0.899                    ; Low Pulse Width ; pixel_cnt[6]                                                           ; clk_50m~derived ; Slow fix4 100C Model            ;        ;
; -0.899                    ; Low Pulse Width ; pixel_cnt[5]                                                           ; clk_50m~derived ; Slow fix4 100C Model            ;        ;
; -0.899                    ; Low Pulse Width ; pixel_cnt[4]                                                           ; clk_50m~derived ; Slow fix4 100C Model            ;        ;
; -0.899                    ; Low Pulse Width ; pixel_cnt[3]                                                           ; clk_50m~derived ; Slow fix4 100C Model            ;        ;
; -0.899                    ; Low Pulse Width ; pixel_cnt[2]                                                           ; clk_50m~derived ; Slow fix4 100C Model            ;        ;
; -0.899                    ; Low Pulse Width ; pixel_cnt[1]                                                           ; clk_50m~derived ; Slow fix4 100C Model            ;        ;
; -0.899                    ; Low Pulse Width ; pixel_cnt[0]                                                           ; clk_50m~derived ; Slow fix4 100C Model            ;        ;
; -0.899                    ; Low Pulse Width ; spi_bit_cnt[0]                                                         ; clk_50m~derived ; Slow fix4 100C Model            ;        ;
; -0.899                    ; Low Pulse Width ; lcd_res~reg0                                                           ; clk_50m~derived ; Slow fix4 100C Model            ;        ;
; -0.899                    ; Low Pulse Width ; lcd_blk~reg0                                                           ; clk_50m~derived ; Slow fix4 100C Model            ;        ;
; -0.899                    ; Low Pulse Width ; spi_state[0]                                                           ; clk_50m~derived ; Slow fix4 100C Model            ;        ;
; -0.899                    ; Low Pulse Width ; spi_div[0]                                                             ; clk_50m~derived ; Slow fix4 100C Model            ;        ;
; -0.899                    ; Low Pulse Width ; state.S_RES_LOW                                                        ; clk_50m~derived ; Slow fix4 100C Model            ;        ;
; -0.899                    ; Low Pulse Width ; state.S_POR_DELAY                                                      ; clk_50m~derived ; Slow fix4 100C Model            ;        ;
; -0.899                    ; Low Pulse Width ; state.S_RES_HIGH                                                       ; clk_50m~derived ; Slow fix4 100C Model            ;        ;
; -0.899                    ; Low Pulse Width ; state.S_WINDOW                                                         ; clk_50m~derived ; Slow fix4 100C Model            ;        ;
; -0.899                    ; Low Pulse Width ; win_step[3]                                                            ; clk_50m~derived ; Slow fix4 100C Model            ;        ;
; -0.899                    ; Low Pulse Width ; win_step[2]                                                            ; clk_50m~derived ; Slow fix4 100C Model            ;        ;
; -0.899                    ; Low Pulse Width ; pixel_cnt[16]                                                          ; clk_50m~derived ; Slow fix4 100C Model            ;        ;
; -0.899                    ; Low Pulse Width ; win_step[0]                                                            ; clk_50m~derived ; Slow fix4 100C Model            ;        ;
; -0.899                    ; Low Pulse Width ; win_step[1]                                                            ; clk_50m~derived ; Slow fix4 100C Model            ;        ;
; -0.899                    ; Low Pulse Width ; spi_bit_cnt[2]                                                         ; clk_50m~derived ; Slow fix4 100C Model            ;        ;
; -0.899                    ; Low Pulse Width ; spi_bit_cnt[3]                                                         ; clk_50m~derived ; Slow fix4 100C Model            ;        ;
; -0.899                    ; Low Pulse Width ; spi_bit_cnt[1]                                                         ; clk_50m~derived ; Slow fix4 100C Model            ;        ;
; -0.899                    ; Low Pulse Width ; spi_data[7]                                                            ; clk_50m~derived ; Slow fix4 100C Model            ;        ;
; -0.899                    ; Low Pulse Width ; state.S_DELAY_WAIT                                                     ; clk_50m~derived ; Slow fix4 100C Model            ;        ;
; -0.899                    ; Low Pulse Width ; state.S_DONE                                                           ; clk_50m~derived ; Slow fix4 100C Model            ;        ;
; -0.899                    ; Low Pulse Width ; state.S_SPI_WAIT                                                       ; clk_50m~derived ; Slow fix4 100C Model            ;        ;
; -0.899                    ; Low Pulse Width ; delay_active                                                           ; clk_50m~derived ; Slow fix4 100C Model            ;        ;
; -0.899                    ; Low Pulse Width ; pixel_cnt[15]                                                          ; clk_50m~derived ; Slow fix4 100C Model            ;        ;
; -0.899                    ; Low Pulse Width ; delay_start                                                            ; clk_50m~derived ; Slow fix4 100C Model            ;        ;
; -0.899                    ; Low Pulse Width ; return_state.S_RES_HIGH                                                ; clk_50m~derived ; Slow fix4 100C Model            ;        ;
; -0.899                    ; Low Pulse Width ; state.S_INIT                                                           ; clk_50m~derived ; Slow fix4 100C Model            ;        ;
; -0.899                    ; Low Pulse Width ; state.S_FILL                                                           ; clk_50m~derived ; Slow fix4 100C Model            ;        ;
; -0.899                    ; Low Pulse Width ; init_idx[6]                                                            ; clk_50m~derived ; Slow fix4 100C Model            ;        ;
; -0.899                    ; Low Pulse Width ; return_state.S_WINDOW                                                  ; clk_50m~derived ; Slow fix4 100C Model            ;        ;
; -0.899                    ; Low Pulse Width ; spi_data[6]                                                            ; clk_50m~derived ; Slow fix4 100C Model            ;        ;
; -0.899                    ; Low Pulse Width ; pixel_byte                                                             ; clk_50m~derived ; Slow fix4 100C Model            ;        ;
; -0.899                    ; Low Pulse Width ; return_state.S_DONE                                                    ; clk_50m~derived ; Slow fix4 100C Model            ;        ;
; -0.899                    ; Low Pulse Width ; delay_cnt[19]                                                          ; clk_50m~derived ; Slow fix4 100C Model            ;        ;
; -0.899                    ; Low Pulse Width ; pixel_cnt[14]                                                          ; clk_50m~derived ; Slow fix4 100C Model            ;        ;
; -0.899                    ; Low Pulse Width ; delay_cnt[20]                                                          ; clk_50m~derived ; Slow fix4 100C Model            ;        ;
; -0.899                    ; Low Pulse Width ; delay_cnt[23]                                                          ; clk_50m~derived ; Slow fix4 100C Model            ;        ;
; -0.899                    ; Low Pulse Width ; delay_cnt[13]                                                          ; clk_50m~derived ; Slow fix4 100C Model            ;        ;
; -0.899                    ; Low Pulse Width ; delay_cnt[14]                                                          ; clk_50m~derived ; Slow fix4 100C Model            ;        ;
; -0.899                    ; Low Pulse Width ; delay_cnt[15]                                                          ; clk_50m~derived ; Slow fix4 100C Model            ;        ;
; -0.899                    ; Low Pulse Width ; delay_cnt[16]                                                          ; clk_50m~derived ; Slow fix4 100C Model            ;        ;
; -0.899                    ; Low Pulse Width ; delay_cnt[17]                                                          ; clk_50m~derived ; Slow fix4 100C Model            ;        ;
; -0.899                    ; Low Pulse Width ; delay_cnt[18]                                                          ; clk_50m~derived ; Slow fix4 100C Model            ;        ;
; -0.899                    ; Low Pulse Width ; return_state.S_INIT                                                    ; clk_50m~derived ; Slow fix4 100C Model            ;        ;
; -0.899                    ; Low Pulse Width ; return_state.S_FILL                                                    ; clk_50m~derived ; Slow fix4 100C Model            ;        ;
; -0.899                    ; Low Pulse Width ; pixel_cnt[13]                                                          ; clk_50m~derived ; Slow fix4 100C Model            ;        ;
; -0.899                    ; Low Pulse Width ; spi_data[5]                                                            ; clk_50m~derived ; Slow fix4 100C Model            ;        ;
; -0.899                    ; Low Pulse Width ; delay_ms[0]                                                            ; clk_50m~derived ; Slow fix4 100C Model            ;        ;
; -0.899                    ; Low Pulse Width ; spi_data[4]                                                            ; clk_50m~derived ; Slow fix4 100C Model            ;        ;
; -0.899                    ; Low Pulse Width ; delay_ms[3]                                                            ; clk_50m~derived ; Slow fix4 100C Model            ;        ;
; -0.899                    ; Low Pulse Width ; delay_ms[5]                                                            ; clk_50m~derived ; Slow fix4 100C Model            ;        ;
; -0.899                    ; Low Pulse Width ; spi_data[3]                                                            ; clk_50m~derived ; Slow fix4 100C Model            ;        ;
; -0.899                    ; Low Pulse Width ; delay_ms[6]                                                            ; clk_50m~derived ; Slow fix4 100C Model            ;        ;
; -0.899                    ; Low Pulse Width ; delay_ms[4]                                                            ; clk_50m~derived ; Slow fix4 100C Model            ;        ;
; -0.899                    ; Low Pulse Width ; delay_cnt[0]                                                           ; clk_50m~derived ; Slow fix4 100C Model            ;        ;
; -0.899                    ; Low Pulse Width ; delay_ms[2]                                                            ; clk_50m~derived ; Slow fix4 100C Model            ;        ;
; -0.899                    ; Low Pulse Width ; pixel_cnt[12]                                                          ; clk_50m~derived ; Slow fix4 100C Model            ;        ;
; -0.899                    ; Low Pulse Width ; delay_ms[5]~RTM                                                        ; clk_50m~derived ; Slow fix4 100C Model            ;        ;
; -0.899                    ; Low Pulse Width ; delay_ms[5]~RTM_16                                                     ; clk_50m~derived ; Slow fix4 100C Model            ;        ;
; -0.899                    ; Low Pulse Width ; delay_ms[5]~RTM_17                                                     ; clk_50m~derived ; Slow fix4 100C Model            ;        ;
; -0.899                    ; Low Pulse Width ; init_idx[0]~RTM                                                        ; clk_50m~derived ; Slow fix4 100C Model            ;        ;
; -0.899                    ; Low Pulse Width ; init_idx[1]~RTM_3                                                      ; clk_50m~derived ; Slow fix4 100C Model            ;        ;
; -0.899                    ; Low Pulse Width ; init_idx[1]~RTM_4                                                      ; clk_50m~derived ; Slow fix4 100C Model            ;        ;
; -0.899                    ; Low Pulse Width ; delay_cnt[22]~RTM                                                      ; clk_50m~derived ; Slow fix4 100C Model            ;        ;
; -0.899                    ; Low Pulse Width ; delay_cnt[22]~RTM_4                                                    ; clk_50m~derived ; Slow fix4 100C Model            ;        ;
; -0.899                    ; Low Pulse Width ; delay_cnt[21]~RTM_5                                                    ; clk_50m~derived ; Slow fix4 100C Model            ;        ;
; -0.899                    ; Low Pulse Width ; init_idx[1]~RTM_19                                                     ; clk_50m~derived ; Slow fix4 100C Model            ;        ;
; -0.899                    ; Low Pulse Width ; pixel_cnt[10]                                                          ; clk_50m~derived ; Slow fix4 100C Model            ;        ;
; -0.899                    ; Low Pulse Width ; pixel_cnt[12]~RTM                                                      ; clk_50m~derived ; Slow fix4 100C Model            ;        ;
; -0.899                    ; Low Pulse Width ; win_step[0]~RTM                                                        ; clk_50m~derived ; Slow fix4 100C Model            ;        ;
; -0.899                    ; Low Pulse Width ; spi_data[2]~RTM                                                        ; clk_50m~derived ; Slow fix4 100C Model            ;        ;
; -0.899                    ; Low Pulse Width ; spi_data[2]~RTM_1                                                      ; clk_50m~derived ; Slow fix4 100C Model            ;        ;
; -0.899                    ; Low Pulse Width ; spi_data[2]~RTM_2                                                      ; clk_50m~derived ; Slow fix4 100C Model            ;        ;
; -0.899                    ; Low Pulse Width ; spi_data[2]~RTM_3                                                      ; clk_50m~derived ; Slow fix4 100C Model            ;        ;
; -0.899                    ; Low Pulse Width ; spi_data[2]~RTM_4                                                      ; clk_50m~derived ; Slow fix4 100C Model            ;        ;
; -0.899                    ; Low Pulse Width ; spi_data[2]~RTM_5                                                      ; clk_50m~derived ; Slow fix4 100C Model            ;        ;
; -0.899                    ; Low Pulse Width ; spi_data[1]~RTM                                                        ; clk_50m~derived ; Slow fix4 100C Model            ;        ;
; -0.899                    ; Low Pulse Width ; spi_data[1]~RTM_6                                                      ; clk_50m~derived ; Slow fix4 100C Model            ;        ;
; -0.899                    ; Low Pulse Width ; pixel_cnt[11]                                                          ; clk_50m~derived ; Slow fix4 100C Model            ;        ;
; -0.899                    ; Low Pulse Width ; spi_data[1]~RTM_7                                                      ; clk_50m~derived ; Slow fix4 100C Model            ;        ;
; -0.899                    ; Low Pulse Width ; spi_data[1]~RTM_8                                                      ; clk_50m~derived ; Slow fix4 100C Model            ;        ;
; -0.899                    ; Low Pulse Width ; spi_data[0]~RTM                                                        ; clk_50m~derived ; Slow fix4 100C Model            ;        ;
; -0.899                    ; Low Pulse Width ; spi_data[0]~RTM_10                                                     ; clk_50m~derived ; Slow fix4 100C Model            ;        ;
; -0.899                    ; Low Pulse Width ; return_state.S_RES_LOW~RTM                                             ; clk_50m~derived ; Slow fix4 100C Model            ;        ;
; -0.899                    ; Low Pulse Width ; return_state.S_RES_LOW~RTM_1                                           ; clk_50m~derived ; Slow fix4 100C Model            ;        ;
; -0.899                    ; Low Pulse Width ; return_state.S_RES_LOW~RTM_2                                           ; clk_50m~derived ; Slow fix4 100C Model            ;        ;
; -0.899                    ; Low Pulse Width ; return_state.S_RES_LOW~RTM_3                                           ; clk_50m~derived ; Slow fix4 100C Model            ;        ;
; -0.899                    ; Low Pulse Width ; return_state.S_RES_LOW~RTM_4                                           ; clk_50m~derived ; Slow fix4 100C Model            ;        ;
; -0.899                    ; Low Pulse Width ; spi_dc_in~RTM                                                          ; clk_50m~derived ; Slow fix4 100C Model            ;        ;
; -0.898                    ; Low Pulse Width ; spi_sclk_r                                                             ; clk_50m~derived ; Slow fix4 100C Model            ;        ;
; -0.898                    ; Low Pulse Width ; spi_sda_r                                                              ; clk_50m~derived ; Slow fix4 100C Model            ;        ;
; -0.898                    ; Low Pulse Width ; spi_dc_r                                                               ; clk_50m~derived ; Slow fix4 100C Model            ;        ;
; -0.898                    ; Low Pulse Width ; spi_cs_r                                                               ; clk_50m~derived ; Slow fix4 100C Model            ;        ;
; -0.898                    ; Low Pulse Width ; spi_state[1]                                                           ; clk_50m~derived ; Slow fix4 100C Model            ;        ;
; -0.898                    ; Low Pulse Width ; spi_shift[7]                                                           ; clk_50m~derived ; Slow fix4 100C Model            ;        ;
; -0.898                    ; Low Pulse Width ; spi_start                                                              ; clk_50m~derived ; Slow fix4 100C Model            ;        ;
; -0.898                    ; Low Pulse Width ; spi_shift[6]                                                           ; clk_50m~derived ; Slow fix4 100C Model            ;        ;
; -0.898                    ; Low Pulse Width ; init_idx[4]                                                            ; clk_50m~derived ; Slow fix4 100C Model            ;        ;
; -0.898                    ; Low Pulse Width ; init_idx[2]                                                            ; clk_50m~derived ; Slow fix4 100C Model            ;        ;
; -0.898                    ; Low Pulse Width ; init_idx[1]                                                            ; clk_50m~derived ; Slow fix4 100C Model            ;        ;
; -0.898                    ; Low Pulse Width ; init_idx[3]                                                            ; clk_50m~derived ; Slow fix4 100C Model            ;        ;
; -0.898                    ; Low Pulse Width ; init_idx[0]                                                            ; clk_50m~derived ; Slow fix4 100C Model            ;        ;
; -0.898                    ; Low Pulse Width ; init_idx[5]                                                            ; clk_50m~derived ; Slow fix4 100C Model            ;        ;
; -0.898                    ; Low Pulse Width ; spi_shift[5]                                                           ; clk_50m~derived ; Slow fix4 100C Model            ;        ;
; -0.898                    ; Low Pulse Width ; delay_cnt[1]                                                           ; clk_50m~derived ; Slow fix4 100C Model            ;        ;
; -0.898                    ; Low Pulse Width ; delay_cnt[2]                                                           ; clk_50m~derived ; Slow fix4 100C Model            ;        ;
; -0.898                    ; Low Pulse Width ; delay_cnt[3]                                                           ; clk_50m~derived ; Slow fix4 100C Model            ;        ;
; -0.898                    ; Low Pulse Width ; delay_cnt[4]                                                           ; clk_50m~derived ; Slow fix4 100C Model            ;        ;
; -0.898                    ; Low Pulse Width ; delay_cnt[5]                                                           ; clk_50m~derived ; Slow fix4 100C Model            ;        ;
; -0.898                    ; Low Pulse Width ; delay_cnt[6]                                                           ; clk_50m~derived ; Slow fix4 100C Model            ;        ;
; -0.898                    ; Low Pulse Width ; delay_cnt[7]                                                           ; clk_50m~derived ; Slow fix4 100C Model            ;        ;
; -0.898                    ; Low Pulse Width ; delay_cnt[8]                                                           ; clk_50m~derived ; Slow fix4 100C Model            ;        ;
; -0.898                    ; Low Pulse Width ; delay_cnt[9]                                                           ; clk_50m~derived ; Slow fix4 100C Model            ;        ;
; -0.898                    ; Low Pulse Width ; delay_cnt[10]                                                          ; clk_50m~derived ; Slow fix4 100C Model            ;        ;
; -0.898                    ; Low Pulse Width ; delay_cnt[11]                                                          ; clk_50m~derived ; Slow fix4 100C Model            ;        ;
; -0.898                    ; Low Pulse Width ; delay_cnt[12]                                                          ; clk_50m~derived ; Slow fix4 100C Model            ;        ;
; -0.898                    ; Low Pulse Width ; spi_shift[4]                                                           ; clk_50m~derived ; Slow fix4 100C Model            ;        ;
; -0.898                    ; Low Pulse Width ; delay_ms[1]                                                            ; clk_50m~derived ; Slow fix4 100C Model            ;        ;
; -0.898                    ; Low Pulse Width ; spi_shift[3]                                                           ; clk_50m~derived ; Slow fix4 100C Model            ;        ;
; -0.898                    ; Low Pulse Width ; delay_ms[7]                                                            ; clk_50m~derived ; Slow fix4 100C Model            ;        ;
; -0.898                    ; Low Pulse Width ; spi_shift[2]                                                           ; clk_50m~derived ; Slow fix4 100C Model            ;        ;
; -0.898                    ; Low Pulse Width ; spi_shift[1]                                                           ; clk_50m~derived ; Slow fix4 100C Model            ;        ;
; -0.898                    ; Low Pulse Width ; spi_shift[0]                                                           ; clk_50m~derived ; Slow fix4 100C Model            ;        ;
; -0.898                    ; Low Pulse Width ; delay_ms[1]~RTM                                                        ; clk_50m~derived ; Slow fix4 100C Model            ;        ;
; -0.898                    ; Low Pulse Width ; delay_ms[1]~RTM_1                                                      ; clk_50m~derived ; Slow fix4 100C Model            ;        ;
; -0.898                    ; Low Pulse Width ; delay_ms[1]~RTM_2                                                      ; clk_50m~derived ; Slow fix4 100C Model            ;        ;
; -0.898                    ; Low Pulse Width ; delay_ms[1]~RTM_3                                                      ; clk_50m~derived ; Slow fix4 100C Model            ;        ;
; -0.898                    ; Low Pulse Width ; delay_ms[1]~RTM_4                                                      ; clk_50m~derived ; Slow fix4 100C Model            ;        ;
; -0.898                    ; Low Pulse Width ; delay_ms[1]~RTM_5                                                      ; clk_50m~derived ; Slow fix4 100C Model            ;        ;
; -0.898                    ; Low Pulse Width ; delay_ms[1]~RTM_6                                                      ; clk_50m~derived ; Slow fix4 100C Model            ;        ;
; -0.898                    ; Low Pulse Width ; delay_ms[1]~RTM_7                                                      ; clk_50m~derived ; Slow fix4 100C Model            ;        ;
; -0.898                    ; Low Pulse Width ; delay_ms[1]~RTM_8                                                      ; clk_50m~derived ; Slow fix4 100C Model            ;        ;
; -0.898                    ; Low Pulse Width ; delay_ms[1]~RTM_9                                                      ; clk_50m~derived ; Slow fix4 100C Model            ;        ;
; -0.898                    ; Low Pulse Width ; delay_ms[1]~RTM_10                                                     ; clk_50m~derived ; Slow fix4 100C Model            ;        ;
; -0.898                    ; Low Pulse Width ; delay_ms[1]~RTM_11                                                     ; clk_50m~derived ; Slow fix4 100C Model            ;        ;
; -0.898                    ; Low Pulse Width ; delay_ms[1]~RTM_12                                                     ; clk_50m~derived ; Slow fix4 100C Model            ;        ;
; -0.898                    ; Low Pulse Width ; delay_ms[1]~RTM_13                                                     ; clk_50m~derived ; Slow fix4 100C Model            ;        ;
; -0.898                    ; Low Pulse Width ; delay_ms[3]~RTM                                                        ; clk_50m~derived ; Slow fix4 100C Model            ;        ;
; -0.898                    ; Low Pulse Width ; delay_ms[3]~RTM_14                                                     ; clk_50m~derived ; Slow fix4 100C Model            ;        ;
; -0.898                    ; Low Pulse Width ; delay_ms[3]~RTM_15                                                     ; clk_50m~derived ; Slow fix4 100C Model            ;        ;
; -0.898                    ; Low Pulse Width ; init_idx[1]~RTM                                                        ; clk_50m~derived ; Slow fix4 100C Model            ;        ;
; -0.898                    ; Low Pulse Width ; init_idx[1]~RTM_2                                                      ; clk_50m~derived ; Slow fix4 100C Model            ;        ;
; -0.898                    ; Low Pulse Width ; delay_ms[7]~RTM                                                        ; clk_50m~derived ; Slow fix4 100C Model            ;        ;
; -0.898                    ; Low Pulse Width ; delay_ms[7]~RTM_18                                                     ; clk_50m~derived ; Slow fix4 100C Model            ;        ;
; -0.898                    ; Low Pulse Width ; delay_ms[7]~RTM_19                                                     ; clk_50m~derived ; Slow fix4 100C Model            ;        ;
; -0.898                    ; Low Pulse Width ; state.S_INIT~RTM                                                       ; clk_50m~derived ; Slow fix4 100C Model            ;        ;
; -0.898                    ; Low Pulse Width ; init_idx[1]~RTM_5                                                      ; clk_50m~derived ; Slow fix4 100C Model            ;        ;
; -0.898                    ; Low Pulse Width ; init_idx[1]~RTM_7                                                      ; clk_50m~derived ; Slow fix4 100C Model            ;        ;
; -0.898                    ; Low Pulse Width ; init_idx[1]~RTM_9                                                      ; clk_50m~derived ; Slow fix4 100C Model            ;        ;
; -0.898                    ; Low Pulse Width ; init_idx[1]~RTM_10                                                     ; clk_50m~derived ; Slow fix4 100C Model            ;        ;
; -0.898                    ; Low Pulse Width ; spi_state[0]~RTM                                                       ; clk_50m~derived ; Slow fix4 100C Model            ;        ;
; -0.898                    ; Low Pulse Width ; init_idx[1]~RTM_11                                                     ; clk_50m~derived ; Slow fix4 100C Model            ;        ;
; -0.898                    ; Low Pulse Width ; init_idx[1]~RTM_12                                                     ; clk_50m~derived ; Slow fix4 100C Model            ;        ;
; -0.898                    ; Low Pulse Width ; init_idx[2]~RTM_13                                                     ; clk_50m~derived ; Slow fix4 100C Model            ;        ;
; -0.898                    ; Low Pulse Width ; init_idx[2]~RTM_14                                                     ; clk_50m~derived ; Slow fix4 100C Model            ;        ;
; -0.898                    ; Low Pulse Width ; init_idx[2]~RTM_15                                                     ; clk_50m~derived ; Slow fix4 100C Model            ;        ;
; -0.898                    ; Low Pulse Width ; init_idx[2]~RTM_16                                                     ; clk_50m~derived ; Slow fix4 100C Model            ;        ;
; -0.898                    ; Low Pulse Width ; init_idx[2]~RTM_17                                                     ; clk_50m~derived ; Slow fix4 100C Model            ;        ;
; -0.898                    ; Low Pulse Width ; init_idx[2]~RTM_18                                                     ; clk_50m~derived ; Slow fix4 100C Model            ;        ;
; -0.898                    ; Low Pulse Width ; init_idx[1]~RTM_21                                                     ; clk_50m~derived ; Slow fix4 100C Model            ;        ;
; -0.898                    ; Low Pulse Width ; init_idx[1]~RTM_22                                                     ; clk_50m~derived ; Slow fix4 100C Model            ;        ;
; -0.898                    ; Low Pulse Width ; init_idx[1]~RTM_23                                                     ; clk_50m~derived ; Slow fix4 100C Model            ;        ;
; -0.898                    ; Low Pulse Width ; init_idx[1]~RTM_24                                                     ; clk_50m~derived ; Slow fix4 100C Model            ;        ;
; -0.898                    ; Low Pulse Width ; state.S_SPI_WAIT~RTM                                                   ; clk_50m~derived ; Slow fix4 100C Model            ;        ;
; -0.898                    ; Low Pulse Width ; spi_data[1]~RTM_9                                                      ; clk_50m~derived ; Slow fix4 100C Model            ;        ;
; -0.898                    ; Low Pulse Width ; spi_data[0]~RTM_11                                                     ; clk_50m~derived ; Slow fix4 100C Model            ;        ;
; -0.898                    ; Low Pulse Width ; spi_dc_in~RTM_2                                                        ; clk_50m~derived ; Slow fix4 100C Model            ;        ;
; -0.898                    ; Low Pulse Width ; spi_dc_r~DUPLICATE                                                     ; clk_50m~derived ; Slow fix4 100C Model            ;        ;
; -0.898                    ; Low Pulse Width ; spi_state[1]~DUPLICATE                                                 ; clk_50m~derived ; Slow fix4 100C Model            ;        ;
; -0.898                    ; Low Pulse Width ; init_idx[2]~DUPLICATE                                                  ; clk_50m~derived ; Slow fix4 100C Model            ;        ;
; -0.898                    ; Low Pulse Width ; init_idx[1]~DUPLICATE                                                  ; clk_50m~derived ; Slow fix4 100C Model            ;        ;
; -0.898                    ; Low Pulse Width ; delay_cnt[3]~DUPLICATE                                                 ; clk_50m~derived ; Slow fix4 100C Model            ;        ;
; -0.898                    ; Low Pulse Width ; delay_cnt[7]~DUPLICATE                                                 ; clk_50m~derived ; Slow fix4 100C Model            ;        ;
; -0.898                    ; Low Pulse Width ; delay_cnt[8]~DUPLICATE                                                 ; clk_50m~derived ; Slow fix4 100C Model            ;        ;
; -0.898                    ; Low Pulse Width ; delay_cnt[9]~DUPLICATE                                                 ; clk_50m~derived ; Slow fix4 100C Model            ;        ;
; -0.898                    ; Low Pulse Width ; delay_cnt[12]~DUPLICATE                                                ; clk_50m~derived ; Slow fix4 100C Model            ;        ;
; -0.898                    ; Low Pulse Width ; delay_ms[1]~DUPLICATE                                                  ; clk_50m~derived ; Slow fix4 100C Model            ;        ;
; -0.898                    ; Low Pulse Width ; delay_ms[7]~DUPLICATE                                                  ; clk_50m~derived ; Slow fix4 100C Model            ;        ;
; -0.898                    ; Low Pulse Width ; spi_shift[0]~DUPLICATE                                                 ; clk_50m~derived ; Slow fix4 100C Model            ;        ;
; -0.898                    ; Low Pulse Width ; init_idx[1]~RTM_5DUPLICATE                                             ; clk_50m~derived ; Slow fix4 100C Model            ;        ;
; -0.898                    ; Low Pulse Width ; init_idx[1]~RTM_10DUPLICATE                                            ; clk_50m~derived ; Slow fix4 100C Model            ;        ;
; -0.898                    ; Low Pulse Width ; init_idx[2]~RTM_13DUPLICATE                                            ; clk_50m~derived ; Slow fix4 100C Model            ;        ;
; -0.898                    ; Low Pulse Width ; init_idx[2]~RTM_15DUPLICATE                                            ; clk_50m~derived ; Slow fix4 100C Model            ;        ;
; -0.898                    ; Low Pulse Width ; init_idx[2]~RTM_16DUPLICATE                                            ; clk_50m~derived ; Slow fix4 100C Model            ;        ;
; -0.898                    ; Low Pulse Width ; init_idx[1]~RTM_21DUPLICATE                                            ; clk_50m~derived ; Slow fix4 100C Model            ;        ;
; -0.882                    ; Low Pulse Width ; delay_cnt[22]~RTM_3                                                    ; clk_50m~derived ; Slow fix4 100C Model            ;        ;
; -0.882                    ; Low Pulse Width ; delay_cnt[21]~RTM                                                      ; clk_50m~derived ; Slow fix4 100C Model            ;        ;
; -0.815                    ; Low Pulse Width ; spi_div[1]|clk                                                         ; clk_50m~derived ; Slow fix4 100C Model            ;        ;
; -0.815                    ; Low Pulse Width ; spi_bit_cnt[0]|clk                                                     ; clk_50m~derived ; Slow fix4 100C Model            ;        ;
; -0.815                    ; Low Pulse Width ; pixel_cnt[16]|clk                                                      ; clk_50m~derived ; Slow fix4 100C Model            ;        ;
; -0.815                    ; Low Pulse Width ; pixel_cnt[15]|clk                                                      ; clk_50m~derived ; Slow fix4 100C Model            ;        ;
; -0.815                    ; Low Pulse Width ; pixel_cnt[14]|clk                                                      ; clk_50m~derived ; Slow fix4 100C Model            ;        ;
; -0.815                    ; Low Pulse Width ; pixel_cnt[13]|clk                                                      ; clk_50m~derived ; Slow fix4 100C Model            ;        ;
; -0.815                    ; Low Pulse Width ; pixel_cnt[12]|clk                                                      ; clk_50m~derived ; Slow fix4 100C Model            ;        ;
; -0.815                    ; Low Pulse Width ; pixel_cnt[10]|clk                                                      ; clk_50m~derived ; Slow fix4 100C Model            ;        ;
; -0.815                    ; Low Pulse Width ; pixel_cnt[11]|clk                                                      ; clk_50m~derived ; Slow fix4 100C Model            ;        ;
; -0.815                    ; Low Pulse Width ; pixel_cnt[9]|clk                                                       ; clk_50m~derived ; Slow fix4 100C Model            ;        ;
; -0.815                    ; Low Pulse Width ; pixel_cnt[8]|clk                                                       ; clk_50m~derived ; Slow fix4 100C Model            ;        ;
; -0.815                    ; Low Pulse Width ; pixel_cnt[7]|clk                                                       ; clk_50m~derived ; Slow fix4 100C Model            ;        ;
; -0.815                    ; Low Pulse Width ; pixel_cnt[6]|clk                                                       ; clk_50m~derived ; Slow fix4 100C Model            ;        ;
; -0.815                    ; Low Pulse Width ; pixel_cnt[5]|clk                                                       ; clk_50m~derived ; Slow fix4 100C Model            ;        ;
; -0.815                    ; Low Pulse Width ; pixel_cnt[4]|clk                                                       ; clk_50m~derived ; Slow fix4 100C Model            ;        ;
; -0.815                    ; Low Pulse Width ; pixel_cnt[3]|clk                                                       ; clk_50m~derived ; Slow fix4 100C Model            ;        ;
; -0.815                    ; Low Pulse Width ; pixel_cnt[2]|clk                                                       ; clk_50m~derived ; Slow fix4 100C Model            ;        ;
; -0.815                    ; Low Pulse Width ; pixel_cnt[1]|clk                                                       ; clk_50m~derived ; Slow fix4 100C Model            ;        ;
; -0.815                    ; Low Pulse Width ; pixel_cnt[0]|clk                                                       ; clk_50m~derived ; Slow fix4 100C Model            ;        ;
; -0.815                    ; Low Pulse Width ; lcd_res~reg0|clk                                                       ; clk_50m~derived ; Slow fix4 100C Model            ;        ;
; -0.815                    ; Low Pulse Width ; lcd_blk~reg0|clk                                                       ; clk_50m~derived ; Slow fix4 100C Model            ;        ;
; -0.815                    ; Low Pulse Width ; spi_state[0]|clk                                                       ; clk_50m~derived ; Slow fix4 100C Model            ;        ;
; -0.815                    ; Low Pulse Width ; spi_div[0]|clk                                                         ; clk_50m~derived ; Slow fix4 100C Model            ;        ;
; -0.815                    ; Low Pulse Width ; state.S_RES_LOW|clk                                                    ; clk_50m~derived ; Slow fix4 100C Model            ;        ;
; -0.815                    ; Low Pulse Width ; state.S_POR_DELAY|clk                                                  ; clk_50m~derived ; Slow fix4 100C Model            ;        ;
; -0.815                    ; Low Pulse Width ; state.S_RES_HIGH|clk                                                   ; clk_50m~derived ; Slow fix4 100C Model            ;        ;
; -0.815                    ; Low Pulse Width ; state.S_WINDOW|clk                                                     ; clk_50m~derived ; Slow fix4 100C Model            ;        ;
; -0.815                    ; Low Pulse Width ; win_step[3]|clk                                                        ; clk_50m~derived ; Slow fix4 100C Model            ;        ;
; -0.815                    ; Low Pulse Width ; win_step[2]|clk                                                        ; clk_50m~derived ; Slow fix4 100C Model            ;        ;
; -0.815                    ; Low Pulse Width ; win_step[0]|clk                                                        ; clk_50m~derived ; Slow fix4 100C Model            ;        ;
; -0.815                    ; Low Pulse Width ; win_step[1]|clk                                                        ; clk_50m~derived ; Slow fix4 100C Model            ;        ;
; -0.815                    ; Low Pulse Width ; spi_bit_cnt[2]|clk                                                     ; clk_50m~derived ; Slow fix4 100C Model            ;        ;
; -0.815                    ; Low Pulse Width ; spi_bit_cnt[3]|clk                                                     ; clk_50m~derived ; Slow fix4 100C Model            ;        ;
; -0.815                    ; Low Pulse Width ; spi_bit_cnt[1]|clk                                                     ; clk_50m~derived ; Slow fix4 100C Model            ;        ;
; -0.815                    ; Low Pulse Width ; spi_data[7]|clk                                                        ; clk_50m~derived ; Slow fix4 100C Model            ;        ;
; -0.815                    ; Low Pulse Width ; state.S_DELAY_WAIT|clk                                                 ; clk_50m~derived ; Slow fix4 100C Model            ;        ;
; -0.815                    ; Low Pulse Width ; state.S_DONE|clk                                                       ; clk_50m~derived ; Slow fix4 100C Model            ;        ;
; -0.815                    ; Low Pulse Width ; state.S_SPI_WAIT|clk                                                   ; clk_50m~derived ; Slow fix4 100C Model            ;        ;
; -0.815                    ; Low Pulse Width ; delay_active|clk                                                       ; clk_50m~derived ; Slow fix4 100C Model            ;        ;
; -0.815                    ; Low Pulse Width ; delay_start|clk                                                        ; clk_50m~derived ; Slow fix4 100C Model            ;        ;
; -0.815                    ; Low Pulse Width ; return_state.S_RES_HIGH|clk                                            ; clk_50m~derived ; Slow fix4 100C Model            ;        ;
; -0.815                    ; Low Pulse Width ; state.S_INIT|clk                                                       ; clk_50m~derived ; Slow fix4 100C Model            ;        ;
; -0.815                    ; Low Pulse Width ; state.S_FILL|clk                                                       ; clk_50m~derived ; Slow fix4 100C Model            ;        ;
; -0.815                    ; Low Pulse Width ; init_idx[6]|clk                                                        ; clk_50m~derived ; Slow fix4 100C Model            ;        ;
; -0.815                    ; Low Pulse Width ; return_state.S_WINDOW|clk                                              ; clk_50m~derived ; Slow fix4 100C Model            ;        ;
; -0.815                    ; Low Pulse Width ; spi_data[6]|clk                                                        ; clk_50m~derived ; Slow fix4 100C Model            ;        ;
; -0.815                    ; Low Pulse Width ; pixel_byte|clk                                                         ; clk_50m~derived ; Slow fix4 100C Model            ;        ;
; -0.815                    ; Low Pulse Width ; return_state.S_DONE|clk                                                ; clk_50m~derived ; Slow fix4 100C Model            ;        ;
; -0.815                    ; Low Pulse Width ; delay_cnt[19]|clk                                                      ; clk_50m~derived ; Slow fix4 100C Model            ;        ;
; -0.815                    ; Low Pulse Width ; delay_cnt[20]|clk                                                      ; clk_50m~derived ; Slow fix4 100C Model            ;        ;
; -0.815                    ; Low Pulse Width ; delay_cnt[23]|clk                                                      ; clk_50m~derived ; Slow fix4 100C Model            ;        ;
; -0.815                    ; Low Pulse Width ; delay_cnt[13]|clk                                                      ; clk_50m~derived ; Slow fix4 100C Model            ;        ;
; -0.815                    ; Low Pulse Width ; delay_cnt[14]|clk                                                      ; clk_50m~derived ; Slow fix4 100C Model            ;        ;
; -0.815                    ; Low Pulse Width ; delay_cnt[15]|clk                                                      ; clk_50m~derived ; Slow fix4 100C Model            ;        ;
; -0.815                    ; Low Pulse Width ; delay_cnt[16]|clk                                                      ; clk_50m~derived ; Slow fix4 100C Model            ;        ;
; -0.815                    ; Low Pulse Width ; delay_cnt[17]|clk                                                      ; clk_50m~derived ; Slow fix4 100C Model            ;        ;
; -0.815                    ; Low Pulse Width ; delay_cnt[18]|clk                                                      ; clk_50m~derived ; Slow fix4 100C Model            ;        ;
; -0.815                    ; Low Pulse Width ; return_state.S_INIT|clk                                                ; clk_50m~derived ; Slow fix4 100C Model            ;        ;
; -0.815                    ; Low Pulse Width ; return_state.S_FILL|clk                                                ; clk_50m~derived ; Slow fix4 100C Model            ;        ;
; -0.815                    ; Low Pulse Width ; spi_data[5]|clk                                                        ; clk_50m~derived ; Slow fix4 100C Model            ;        ;
; -0.815                    ; Low Pulse Width ; delay_ms[0]|clk                                                        ; clk_50m~derived ; Slow fix4 100C Model            ;        ;
; -0.815                    ; Low Pulse Width ; spi_data[4]|clk                                                        ; clk_50m~derived ; Slow fix4 100C Model            ;        ;
; -0.815                    ; Low Pulse Width ; delay_ms[3]|clk                                                        ; clk_50m~derived ; Slow fix4 100C Model            ;        ;
; -0.815                    ; Low Pulse Width ; delay_ms[5]|clk                                                        ; clk_50m~derived ; Slow fix4 100C Model            ;        ;
; -0.815                    ; Low Pulse Width ; spi_data[3]|clk                                                        ; clk_50m~derived ; Slow fix4 100C Model            ;        ;
; -0.815                    ; Low Pulse Width ; delay_ms[6]|clk                                                        ; clk_50m~derived ; Slow fix4 100C Model            ;        ;
; -0.815                    ; Low Pulse Width ; delay_ms[4]|clk                                                        ; clk_50m~derived ; Slow fix4 100C Model            ;        ;
; -0.815                    ; Low Pulse Width ; delay_cnt[0]|clk                                                       ; clk_50m~derived ; Slow fix4 100C Model            ;        ;
; -0.815                    ; Low Pulse Width ; delay_ms[2]|clk                                                        ; clk_50m~derived ; Slow fix4 100C Model            ;        ;
; -0.815                    ; Low Pulse Width ; delay_ms[5]~RTM|clk                                                    ; clk_50m~derived ; Slow fix4 100C Model            ;        ;
; -0.815                    ; Low Pulse Width ; delay_ms[5]~RTM_16|clk                                                 ; clk_50m~derived ; Slow fix4 100C Model            ;        ;
; -0.815                    ; Low Pulse Width ; delay_ms[5]~RTM_17|clk                                                 ; clk_50m~derived ; Slow fix4 100C Model            ;        ;
; -0.815                    ; Low Pulse Width ; init_idx[0]~RTM|clk                                                    ; clk_50m~derived ; Slow fix4 100C Model            ;        ;
; -0.815                    ; Low Pulse Width ; init_idx[1]~RTM_3|clk                                                  ; clk_50m~derived ; Slow fix4 100C Model            ;        ;
; -0.815                    ; Low Pulse Width ; init_idx[1]~RTM_4|clk                                                  ; clk_50m~derived ; Slow fix4 100C Model            ;        ;
; -0.815                    ; Low Pulse Width ; delay_cnt[22]~RTM|clk                                                  ; clk_50m~derived ; Slow fix4 100C Model            ;        ;
; -0.815                    ; Low Pulse Width ; delay_cnt[22]~RTM_4|clk                                                ; clk_50m~derived ; Slow fix4 100C Model            ;        ;
; -0.815                    ; Low Pulse Width ; delay_cnt[21]~RTM_5|clk                                                ; clk_50m~derived ; Slow fix4 100C Model            ;        ;
; -0.815                    ; Low Pulse Width ; init_idx[1]~RTM_19|clk                                                 ; clk_50m~derived ; Slow fix4 100C Model            ;        ;
; -0.815                    ; Low Pulse Width ; pixel_cnt[12]~RTM|clk                                                  ; clk_50m~derived ; Slow fix4 100C Model            ;        ;
; -0.815                    ; Low Pulse Width ; win_step[0]~RTM|clk                                                    ; clk_50m~derived ; Slow fix4 100C Model            ;        ;
; -0.815                    ; Low Pulse Width ; spi_data[2]~RTM|clk                                                    ; clk_50m~derived ; Slow fix4 100C Model            ;        ;
; -0.815                    ; Low Pulse Width ; spi_data[2]~RTM_1|clk                                                  ; clk_50m~derived ; Slow fix4 100C Model            ;        ;
; -0.815                    ; Low Pulse Width ; spi_data[2]~RTM_2|clk                                                  ; clk_50m~derived ; Slow fix4 100C Model            ;        ;
; -0.815                    ; Low Pulse Width ; spi_data[2]~RTM_3|clk                                                  ; clk_50m~derived ; Slow fix4 100C Model            ;        ;
; -0.815                    ; Low Pulse Width ; spi_data[2]~RTM_4|clk                                                  ; clk_50m~derived ; Slow fix4 100C Model            ;        ;
; -0.815                    ; Low Pulse Width ; spi_data[2]~RTM_5|clk                                                  ; clk_50m~derived ; Slow fix4 100C Model            ;        ;
; -0.815                    ; Low Pulse Width ; spi_data[1]~RTM|clk                                                    ; clk_50m~derived ; Slow fix4 100C Model            ;        ;
; -0.815                    ; Low Pulse Width ; spi_data[1]~RTM_6|clk                                                  ; clk_50m~derived ; Slow fix4 100C Model            ;        ;
; -0.815                    ; Low Pulse Width ; spi_data[1]~RTM_7|clk                                                  ; clk_50m~derived ; Slow fix4 100C Model            ;        ;
; -0.815                    ; Low Pulse Width ; spi_data[1]~RTM_8|clk                                                  ; clk_50m~derived ; Slow fix4 100C Model            ;        ;
; -0.815                    ; Low Pulse Width ; spi_data[0]~RTM|clk                                                    ; clk_50m~derived ; Slow fix4 100C Model            ;        ;
; -0.815                    ; Low Pulse Width ; spi_data[0]~RTM_10|clk                                                 ; clk_50m~derived ; Slow fix4 100C Model            ;        ;
; -0.815                    ; Low Pulse Width ; return_state.S_RES_LOW~RTM|clk                                         ; clk_50m~derived ; Slow fix4 100C Model            ;        ;
; -0.815                    ; Low Pulse Width ; return_state.S_RES_LOW~RTM_1|clk                                       ; clk_50m~derived ; Slow fix4 100C Model            ;        ;
; -0.815                    ; Low Pulse Width ; return_state.S_RES_LOW~RTM_2|clk                                       ; clk_50m~derived ; Slow fix4 100C Model            ;        ;
; -0.815                    ; Low Pulse Width ; return_state.S_RES_LOW~RTM_3|clk                                       ; clk_50m~derived ; Slow fix4 100C Model            ;        ;
; -0.815                    ; Low Pulse Width ; return_state.S_RES_LOW~RTM_4|clk                                       ; clk_50m~derived ; Slow fix4 100C Model            ;        ;
; -0.815                    ; Low Pulse Width ; spi_dc_in~RTM|clk                                                      ; clk_50m~derived ; Slow fix4 100C Model            ;        ;
; -0.815                    ; Low Pulse Width ; spi_dc_in~RTM_1|clk                                                    ; clk_50m~derived ; Slow fix4 100C Model            ;        ;
; -0.815                    ; Low Pulse Width ; spi_div[1]~DUPLICATE|clk                                               ; clk_50m~derived ; Slow fix4 100C Model            ;        ;
; -0.815                    ; Low Pulse Width ; pixel_cnt[16]~DUPLICATE|clk                                            ; clk_50m~derived ; Slow fix4 100C Model            ;        ;
; -0.815                    ; Low Pulse Width ; lcd_res~reg0DUPLICATE|clk                                              ; clk_50m~derived ; Slow fix4 100C Model            ;        ;
; -0.815                    ; Low Pulse Width ; spi_div[0]~DUPLICATE|clk                                               ; clk_50m~derived ; Slow fix4 100C Model            ;        ;
; -0.815                    ; Low Pulse Width ; win_step[3]~DUPLICATE|clk                                              ; clk_50m~derived ; Slow fix4 100C Model            ;        ;
; -0.815                    ; Low Pulse Width ; win_step[2]~DUPLICATE|clk                                              ; clk_50m~derived ; Slow fix4 100C Model            ;        ;
; -0.815                    ; Low Pulse Width ; win_step[0]~DUPLICATE|clk                                              ; clk_50m~derived ; Slow fix4 100C Model            ;        ;
; -0.815                    ; Low Pulse Width ; spi_bit_cnt[1]~DUPLICATE|clk                                           ; clk_50m~derived ; Slow fix4 100C Model            ;        ;
; -0.815                    ; Low Pulse Width ; state.S_DONE~DUPLICATE|clk                                             ; clk_50m~derived ; Slow fix4 100C Model            ;        ;
; -0.815                    ; Low Pulse Width ; state.S_SPI_WAIT~DUPLICATE|clk                                         ; clk_50m~derived ; Slow fix4 100C Model            ;        ;
; -0.815                    ; Low Pulse Width ; delay_active~DUPLICATE|clk                                             ; clk_50m~derived ; Slow fix4 100C Model            ;        ;
; -0.815                    ; Low Pulse Width ; state.S_INIT~DUPLICATE|clk                                             ; clk_50m~derived ; Slow fix4 100C Model            ;        ;
; -0.815                    ; Low Pulse Width ; state.S_FILL~DUPLICATE|clk                                             ; clk_50m~derived ; Slow fix4 100C Model            ;        ;
; -0.815                    ; Low Pulse Width ; return_state.S_WINDOW~DUPLICATE|clk                                    ; clk_50m~derived ; Slow fix4 100C Model            ;        ;
; -0.815                    ; Low Pulse Width ; delay_cnt[15]~DUPLICATE|clk                                            ; clk_50m~derived ; Slow fix4 100C Model            ;        ;
; -0.815                    ; Low Pulse Width ; delay_ms[0]~DUPLICATE|clk                                              ; clk_50m~derived ; Slow fix4 100C Model            ;        ;
; -0.815                    ; Low Pulse Width ; delay_ms[2]~DUPLICATE|clk                                              ; clk_50m~derived ; Slow fix4 100C Model            ;        ;
; -0.815                    ; Low Pulse Width ; init_idx[0]~RTMDUPLICATE|clk                                           ; clk_50m~derived ; Slow fix4 100C Model            ;        ;
; -0.814                    ; Low Pulse Width ; spi_sclk_r|clk                                                         ; clk_50m~derived ; Slow fix4 100C Model            ;        ;
; -0.814                    ; Low Pulse Width ; spi_sda_r|clk                                                          ; clk_50m~derived ; Slow fix4 100C Model            ;        ;
; -0.814                    ; Low Pulse Width ; spi_dc_r|clk                                                           ; clk_50m~derived ; Slow fix4 100C Model            ;        ;
; -0.814                    ; Low Pulse Width ; spi_cs_r|clk                                                           ; clk_50m~derived ; Slow fix4 100C Model            ;        ;
; -0.814                    ; Low Pulse Width ; spi_state[1]|clk                                                       ; clk_50m~derived ; Slow fix4 100C Model            ;        ;
; -0.814                    ; Low Pulse Width ; spi_shift[7]|clk                                                       ; clk_50m~derived ; Slow fix4 100C Model            ;        ;
; -0.814                    ; Low Pulse Width ; spi_start|clk                                                          ; clk_50m~derived ; Slow fix4 100C Model            ;        ;
; -0.814                    ; Low Pulse Width ; spi_shift[6]|clk                                                       ; clk_50m~derived ; Slow fix4 100C Model            ;        ;
; -0.814                    ; Low Pulse Width ; init_idx[4]|clk                                                        ; clk_50m~derived ; Slow fix4 100C Model            ;        ;
; -0.814                    ; Low Pulse Width ; init_idx[2]|clk                                                        ; clk_50m~derived ; Slow fix4 100C Model            ;        ;
; -0.814                    ; Low Pulse Width ; init_idx[1]|clk                                                        ; clk_50m~derived ; Slow fix4 100C Model            ;        ;
; -0.814                    ; Low Pulse Width ; init_idx[3]|clk                                                        ; clk_50m~derived ; Slow fix4 100C Model            ;        ;
; -0.814                    ; Low Pulse Width ; init_idx[0]|clk                                                        ; clk_50m~derived ; Slow fix4 100C Model            ;        ;
; -0.814                    ; Low Pulse Width ; init_idx[5]|clk                                                        ; clk_50m~derived ; Slow fix4 100C Model            ;        ;
; -0.814                    ; Low Pulse Width ; spi_shift[5]|clk                                                       ; clk_50m~derived ; Slow fix4 100C Model            ;        ;
; -0.814                    ; Low Pulse Width ; delay_cnt[1]|clk                                                       ; clk_50m~derived ; Slow fix4 100C Model            ;        ;
; -0.814                    ; Low Pulse Width ; delay_cnt[2]|clk                                                       ; clk_50m~derived ; Slow fix4 100C Model            ;        ;
; -0.814                    ; Low Pulse Width ; delay_cnt[3]|clk                                                       ; clk_50m~derived ; Slow fix4 100C Model            ;        ;
; -0.814                    ; Low Pulse Width ; delay_cnt[4]|clk                                                       ; clk_50m~derived ; Slow fix4 100C Model            ;        ;
; -0.814                    ; Low Pulse Width ; delay_cnt[5]|clk                                                       ; clk_50m~derived ; Slow fix4 100C Model            ;        ;
; -0.814                    ; Low Pulse Width ; delay_cnt[6]|clk                                                       ; clk_50m~derived ; Slow fix4 100C Model            ;        ;
; -0.814                    ; Low Pulse Width ; delay_cnt[7]|clk                                                       ; clk_50m~derived ; Slow fix4 100C Model            ;        ;
; -0.814                    ; Low Pulse Width ; delay_cnt[8]|clk                                                       ; clk_50m~derived ; Slow fix4 100C Model            ;        ;
; -0.814                    ; Low Pulse Width ; delay_cnt[9]|clk                                                       ; clk_50m~derived ; Slow fix4 100C Model            ;        ;
; -0.814                    ; Low Pulse Width ; delay_cnt[10]|clk                                                      ; clk_50m~derived ; Slow fix4 100C Model            ;        ;
; -0.814                    ; Low Pulse Width ; delay_cnt[11]|clk                                                      ; clk_50m~derived ; Slow fix4 100C Model            ;        ;
; -0.814                    ; Low Pulse Width ; delay_cnt[12]|clk                                                      ; clk_50m~derived ; Slow fix4 100C Model            ;        ;
; -0.814                    ; Low Pulse Width ; spi_shift[4]|clk                                                       ; clk_50m~derived ; Slow fix4 100C Model            ;        ;
; -0.814                    ; Low Pulse Width ; delay_ms[1]|clk                                                        ; clk_50m~derived ; Slow fix4 100C Model            ;        ;
; -0.814                    ; Low Pulse Width ; spi_shift[3]|clk                                                       ; clk_50m~derived ; Slow fix4 100C Model            ;        ;
; -0.814                    ; Low Pulse Width ; delay_ms[7]|clk                                                        ; clk_50m~derived ; Slow fix4 100C Model            ;        ;
; -0.814                    ; Low Pulse Width ; spi_shift[2]|clk                                                       ; clk_50m~derived ; Slow fix4 100C Model            ;        ;
; -0.814                    ; Low Pulse Width ; spi_shift[1]|clk                                                       ; clk_50m~derived ; Slow fix4 100C Model            ;        ;
; -0.814                    ; Low Pulse Width ; spi_shift[0]|clk                                                       ; clk_50m~derived ; Slow fix4 100C Model            ;        ;
; -0.814                    ; Low Pulse Width ; delay_ms[1]~RTM|clk                                                    ; clk_50m~derived ; Slow fix4 100C Model            ;        ;
; -0.814                    ; Low Pulse Width ; delay_ms[1]~RTM_1|clk                                                  ; clk_50m~derived ; Slow fix4 100C Model            ;        ;
; -0.814                    ; Low Pulse Width ; delay_ms[1]~RTM_2|clk                                                  ; clk_50m~derived ; Slow fix4 100C Model            ;        ;
; -0.814                    ; Low Pulse Width ; delay_ms[1]~RTM_3|clk                                                  ; clk_50m~derived ; Slow fix4 100C Model            ;        ;
; -0.814                    ; Low Pulse Width ; delay_ms[1]~RTM_4|clk                                                  ; clk_50m~derived ; Slow fix4 100C Model            ;        ;
; -0.814                    ; Low Pulse Width ; delay_ms[1]~RTM_5|clk                                                  ; clk_50m~derived ; Slow fix4 100C Model            ;        ;
; -0.814                    ; Low Pulse Width ; delay_ms[1]~RTM_6|clk                                                  ; clk_50m~derived ; Slow fix4 100C Model            ;        ;
; -0.814                    ; Low Pulse Width ; delay_ms[1]~RTM_7|clk                                                  ; clk_50m~derived ; Slow fix4 100C Model            ;        ;
; -0.814                    ; Low Pulse Width ; delay_ms[1]~RTM_8|clk                                                  ; clk_50m~derived ; Slow fix4 100C Model            ;        ;
; -0.814                    ; Low Pulse Width ; delay_ms[1]~RTM_9|clk                                                  ; clk_50m~derived ; Slow fix4 100C Model            ;        ;
; -0.814                    ; Low Pulse Width ; delay_ms[1]~RTM_10|clk                                                 ; clk_50m~derived ; Slow fix4 100C Model            ;        ;
; -0.814                    ; Low Pulse Width ; delay_ms[1]~RTM_11|clk                                                 ; clk_50m~derived ; Slow fix4 100C Model            ;        ;
; -0.814                    ; Low Pulse Width ; delay_ms[1]~RTM_12|clk                                                 ; clk_50m~derived ; Slow fix4 100C Model            ;        ;
; -0.814                    ; Low Pulse Width ; delay_ms[1]~RTM_13|clk                                                 ; clk_50m~derived ; Slow fix4 100C Model            ;        ;
; -0.814                    ; Low Pulse Width ; delay_ms[3]~RTM|clk                                                    ; clk_50m~derived ; Slow fix4 100C Model            ;        ;
; -0.814                    ; Low Pulse Width ; delay_ms[3]~RTM_14|clk                                                 ; clk_50m~derived ; Slow fix4 100C Model            ;        ;
; -0.814                    ; Low Pulse Width ; delay_ms[3]~RTM_15|clk                                                 ; clk_50m~derived ; Slow fix4 100C Model            ;        ;
; -0.814                    ; Low Pulse Width ; init_idx[1]~RTM|clk                                                    ; clk_50m~derived ; Slow fix4 100C Model            ;        ;
; -0.814                    ; Low Pulse Width ; init_idx[1]~RTM_2|clk                                                  ; clk_50m~derived ; Slow fix4 100C Model            ;        ;
; -0.814                    ; Low Pulse Width ; delay_ms[7]~RTM|clk                                                    ; clk_50m~derived ; Slow fix4 100C Model            ;        ;
; -0.814                    ; Low Pulse Width ; delay_ms[7]~RTM_18|clk                                                 ; clk_50m~derived ; Slow fix4 100C Model            ;        ;
; -0.814                    ; Low Pulse Width ; delay_ms[7]~RTM_19|clk                                                 ; clk_50m~derived ; Slow fix4 100C Model            ;        ;
; -0.814                    ; Low Pulse Width ; state.S_INIT~RTM|clk                                                   ; clk_50m~derived ; Slow fix4 100C Model            ;        ;
; -0.814                    ; Low Pulse Width ; init_idx[1]~RTM_5|clk                                                  ; clk_50m~derived ; Slow fix4 100C Model            ;        ;
; -0.814                    ; Low Pulse Width ; delay_cnt[22]~RTM_3|clk                                                ; clk_50m~derived ; Slow fix4 100C Model            ;        ;
; -0.814                    ; Low Pulse Width ; init_idx[1]~RTM_7|clk                                                  ; clk_50m~derived ; Slow fix4 100C Model            ;        ;
; -0.814                    ; Low Pulse Width ; delay_cnt[21]~RTM|clk                                                  ; clk_50m~derived ; Slow fix4 100C Model            ;        ;
; -0.814                    ; Low Pulse Width ; init_idx[1]~RTM_9|clk                                                  ; clk_50m~derived ; Slow fix4 100C Model            ;        ;
; -0.814                    ; Low Pulse Width ; init_idx[1]~RTM_10|clk                                                 ; clk_50m~derived ; Slow fix4 100C Model            ;        ;
; -0.814                    ; Low Pulse Width ; spi_state[0]~RTM|clk                                                   ; clk_50m~derived ; Slow fix4 100C Model            ;        ;
; -0.814                    ; Low Pulse Width ; init_idx[1]~RTM_11|clk                                                 ; clk_50m~derived ; Slow fix4 100C Model            ;        ;
; -0.814                    ; Low Pulse Width ; init_idx[1]~RTM_12|clk                                                 ; clk_50m~derived ; Slow fix4 100C Model            ;        ;
; -0.814                    ; Low Pulse Width ; init_idx[2]~RTM_13|clk                                                 ; clk_50m~derived ; Slow fix4 100C Model            ;        ;
; -0.814                    ; Low Pulse Width ; init_idx[2]~RTM_14|clk                                                 ; clk_50m~derived ; Slow fix4 100C Model            ;        ;
; -0.814                    ; Low Pulse Width ; init_idx[2]~RTM_15|clk                                                 ; clk_50m~derived ; Slow fix4 100C Model            ;        ;
; -0.814                    ; Low Pulse Width ; init_idx[2]~RTM_16|clk                                                 ; clk_50m~derived ; Slow fix4 100C Model            ;        ;
; -0.814                    ; Low Pulse Width ; init_idx[2]~RTM_17|clk                                                 ; clk_50m~derived ; Slow fix4 100C Model            ;        ;
; -0.814                    ; Low Pulse Width ; init_idx[2]~RTM_18|clk                                                 ; clk_50m~derived ; Slow fix4 100C Model            ;        ;
; -0.814                    ; Low Pulse Width ; init_idx[1]~RTM_21|clk                                                 ; clk_50m~derived ; Slow fix4 100C Model            ;        ;
; -0.814                    ; Low Pulse Width ; init_idx[1]~RTM_22|clk                                                 ; clk_50m~derived ; Slow fix4 100C Model            ;        ;
; -0.814                    ; Low Pulse Width ; init_idx[1]~RTM_23|clk                                                 ; clk_50m~derived ; Slow fix4 100C Model            ;        ;
; -0.814                    ; Low Pulse Width ; init_idx[1]~RTM_24|clk                                                 ; clk_50m~derived ; Slow fix4 100C Model            ;        ;
; -0.814                    ; Low Pulse Width ; state.S_SPI_WAIT~RTM|clk                                               ; clk_50m~derived ; Slow fix4 100C Model            ;        ;
; -0.814                    ; Low Pulse Width ; spi_data[1]~RTM_9|clk                                                  ; clk_50m~derived ; Slow fix4 100C Model            ;        ;
; -0.814                    ; Low Pulse Width ; spi_data[0]~RTM_11|clk                                                 ; clk_50m~derived ; Slow fix4 100C Model            ;        ;
; -0.814                    ; Low Pulse Width ; spi_dc_in~RTM_2|clk                                                    ; clk_50m~derived ; Slow fix4 100C Model            ;        ;
; -0.814                    ; Low Pulse Width ; spi_dc_r~DUPLICATE|clk                                                 ; clk_50m~derived ; Slow fix4 100C Model            ;        ;
; -0.814                    ; Low Pulse Width ; spi_state[1]~DUPLICATE|clk                                             ; clk_50m~derived ; Slow fix4 100C Model            ;        ;
; -0.814                    ; Low Pulse Width ; init_idx[2]~DUPLICATE|clk                                              ; clk_50m~derived ; Slow fix4 100C Model            ;        ;
; -0.814                    ; Low Pulse Width ; init_idx[1]~DUPLICATE|clk                                              ; clk_50m~derived ; Slow fix4 100C Model            ;        ;
; -0.814                    ; Low Pulse Width ; delay_cnt[3]~DUPLICATE|clk                                             ; clk_50m~derived ; Slow fix4 100C Model            ;        ;
; -0.814                    ; Low Pulse Width ; delay_cnt[7]~DUPLICATE|clk                                             ; clk_50m~derived ; Slow fix4 100C Model            ;        ;
; -0.814                    ; Low Pulse Width ; delay_cnt[8]~DUPLICATE|clk                                             ; clk_50m~derived ; Slow fix4 100C Model            ;        ;
; -0.814                    ; Low Pulse Width ; delay_cnt[9]~DUPLICATE|clk                                             ; clk_50m~derived ; Slow fix4 100C Model            ;        ;
; -0.814                    ; Low Pulse Width ; delay_cnt[12]~DUPLICATE|clk                                            ; clk_50m~derived ; Slow fix4 100C Model            ;        ;
; -0.814                    ; Low Pulse Width ; delay_ms[1]~DUPLICATE|clk                                              ; clk_50m~derived ; Slow fix4 100C Model            ;        ;
; -0.814                    ; Low Pulse Width ; delay_ms[7]~DUPLICATE|clk                                              ; clk_50m~derived ; Slow fix4 100C Model            ;        ;
; -0.814                    ; Low Pulse Width ; spi_shift[0]~DUPLICATE|clk                                             ; clk_50m~derived ; Slow fix4 100C Model            ;        ;
; -0.814                    ; Low Pulse Width ; init_idx[1]~RTM_5DUPLICATE|clk                                         ; clk_50m~derived ; Slow fix4 100C Model            ;        ;
; -0.814                    ; Low Pulse Width ; init_idx[1]~RTM_10DUPLICATE|clk                                        ; clk_50m~derived ; Slow fix4 100C Model            ;        ;
; -0.814                    ; Low Pulse Width ; init_idx[2]~RTM_13DUPLICATE|clk                                        ; clk_50m~derived ; Slow fix4 100C Model            ;        ;
; -0.814                    ; Low Pulse Width ; init_idx[2]~RTM_15DUPLICATE|clk                                        ; clk_50m~derived ; Slow fix4 100C Model            ;        ;
; -0.814                    ; Low Pulse Width ; init_idx[2]~RTM_16DUPLICATE|clk                                        ; clk_50m~derived ; Slow fix4 100C Model            ;        ;
; -0.814                    ; Low Pulse Width ; init_idx[1]~RTM_21DUPLICATE|clk                                        ; clk_50m~derived ; Slow fix4 100C Model            ;        ;
; -0.564                    ; Low Pulse Width ; clk_50m~input~hviowr/s414_0_1__hvioc_core_periphery__clock_to_core[11] ; clk_50m~derived ; Slow fix4 100C Model            ;        ;
; -0.299                    ; Low Pulse Width ; clk_50m~input|o                                                        ; clk_50m~derived ; Slow fix4 100C Model            ;        ;
+---------------------------+-----------------+------------------------------------------------------------------------+-----------------+---------------------------------+--------+


Status:		FAIL
Severity:		Medium
Number of violations: 	55
Rule Parameters:      	
		max_violations = 5000
		maximum_setup_slack = 0
		to_clock_filter = "*"
+---------------------------------------------------------------------------------------------------+
; TMC-20204 - Endpoints of Paths Failing Setup Analysis with Retiming Restrictions                  ;
+------------------------+-------------------------+---------------------------------------+--------+
; Worst-Case Setup Slack ; Node Name               ; Retiming Restriction                  ; Waived ;
+------------------------+-------------------------+---------------------------------------+--------+
; -1.823                 ; delay_ms[2]~DUPLICATE   ; Node uses an asynchronous clear port. ;        ;
; -1.823                 ; delay_cnt[23]           ; Node uses an asynchronous clear port. ;        ;
; -1.646                 ; delay_ms[4]             ; Node uses an asynchronous clear port. ;        ;
; -1.643                 ; delay_ms[5]~RTM_16      ; Node uses an asynchronous clear port. ;        ;
; -1.636                 ; delay_ms[1]~DUPLICATE   ; Node uses an asynchronous clear port. ;        ;
; -1.636                 ; delay_ms[1]~RTM_1       ; Node uses an asynchronous clear port. ;        ;
; -1.63                  ; delay_ms[3]~RTM_14      ; Node uses an asynchronous clear port. ;        ;
; -1.602                 ; delay_ms[0]             ; Node uses an asynchronous clear port. ;        ;
; -1.556                 ; delay_ms[6]             ; Node uses an asynchronous clear port. ;        ;
; -1.551                 ; delay_ms[1]~RTM_3       ; Node uses an asynchronous clear port. ;        ;
; -1.533                 ; delay_ms[1]~RTM_5       ; Node uses an asynchronous clear port. ;        ;
; -1.528                 ; delay_ms[0]~DUPLICATE   ; Node uses an asynchronous clear port. ;        ;
; -1.515                 ; delay_cnt[19]           ; Node uses an asynchronous clear port. ;        ;
; -1.506                 ; delay_ms[1]~RTM_2       ; Node uses an asynchronous clear port. ;        ;
; -1.495                 ; delay_ms[1]~RTM         ; Node uses an asynchronous clear port. ;        ;
; -1.472                 ; delay_cnt[17]           ; Node uses an asynchronous clear port. ;        ;
; -1.467                 ; delay_cnt[20]           ; Node uses an asynchronous clear port. ;        ;
; -1.467                 ; delay_cnt[15]           ; Node uses an asynchronous clear port. ;        ;
; -1.455                 ; delay_ms[1]~RTM_4       ; Node uses an asynchronous clear port. ;        ;
; -1.445                 ; delay_cnt[15]~DUPLICATE ; Node uses an asynchronous clear port. ;        ;
; -1.441                 ; delay_ms[1]~RTM_6       ; Node uses an asynchronous clear port. ;        ;
; -1.402                 ; delay_cnt[18]           ; Node uses an asynchronous clear port. ;        ;
; -1.401                 ; delay_cnt[16]           ; Node uses an asynchronous clear port. ;        ;
; -1.397                 ; delay_ms[7]~RTM_18      ; Node uses an asynchronous clear port. ;        ;
; -1.378                 ; delay_cnt[22]~RTM_3     ; Node uses an asynchronous clear port. ;        ;
; -1.378                 ; delay_cnt[21]~RTM       ; Node uses an asynchronous clear port. ;        ;
; -1.368                 ; state.S_INIT~DUPLICATE  ; Node uses an asynchronous clear port. ;        ;
; -1.368                 ; delay_ms[1]~RTM_13      ; Node uses an asynchronous clear port. ;        ;
; -1.367                 ; delay_ms[1]~RTM_12      ; Node uses an asynchronous clear port. ;        ;
; -1.358                 ; state.S_RES_HIGH        ; Node uses an asynchronous clear port. ;        ;
; -1.34                  ; state.S_RES_LOW         ; Node uses an asynchronous clear port. ;        ;
; -1.332                 ; delay_ms[1]~RTM_11      ; Node uses an asynchronous clear port. ;        ;
; -1.328                 ; delay_cnt[14]           ; Node uses an asynchronous clear port. ;        ;
; -1.324                 ; delay_ms[1]~RTM_7       ; Node uses an asynchronous clear port. ;        ;
; -1.317                 ; delay_ms[1]~RTM_10      ; Node uses an asynchronous clear port. ;        ;
; -1.312                 ; delay_cnt[13]           ; Node uses an asynchronous clear port. ;        ;
; -1.31                  ; delay_cnt[12]           ; Node uses an asynchronous clear port. ;        ;
; -1.296                 ; state.S_POR_DELAY       ; Node uses an asynchronous clear port. ;        ;
; -1.296                 ; delay_cnt[12]~DUPLICATE ; Node uses an asynchronous clear port. ;        ;
; -1.295                 ; delay_ms[1]~RTM_8       ; Node uses an asynchronous clear port. ;        ;
; -1.295                 ; delay_cnt[9]~DUPLICATE  ; Node uses an asynchronous clear port. ;        ;
; -1.295                 ; delay_cnt[9]            ; Node uses an asynchronous clear port. ;        ;
; -1.295                 ; delay_cnt[8]~DUPLICATE  ; Node uses an asynchronous clear port. ;        ;
; -1.295                 ; delay_cnt[10]           ; Node uses an asynchronous clear port. ;        ;
; -1.295                 ; delay_cnt[8]            ; Node uses an asynchronous clear port. ;        ;
; -1.294                 ; delay_cnt[7]~DUPLICATE  ; Node uses an asynchronous clear port. ;        ;
; -1.294                 ; delay_cnt[7]            ; Node uses an asynchronous clear port. ;        ;
; -1.294                 ; delay_cnt[4]            ; Node uses an asynchronous clear port. ;        ;
; -1.294                 ; delay_cnt[3]~DUPLICATE  ; Node uses an asynchronous clear port. ;        ;
; -1.294                 ; delay_cnt[3]            ; Node uses an asynchronous clear port. ;        ;
; -1.294                 ; delay_cnt[5]            ; Node uses an asynchronous clear port. ;        ;
; -1.291                 ; delay_cnt[11]           ; Node uses an asynchronous clear port. ;        ;
; -1.291                 ; delay_cnt[6]            ; Node uses an asynchronous clear port. ;        ;
; -1.29                  ; delay_cnt[2]            ; Node uses an asynchronous clear port. ;        ;
; -1.29                  ; delay_cnt[1]            ; Node uses an asynchronous clear port. ;        ;
+------------------------+-------------------------+---------------------------------------+--------+


Status:		FAIL
Severity:		Medium
Number of violations: 	4
Rule Parameters:      	
		max_violations = 5000
		maximum_setup_slack = 0
		to_clock_filter = "*"
+------------------------------------------------------------------------------------------------------------+
; TMC-20205 - Endpoints of Paths Failing Setup Analysis with Explicit Power-Up States that Restrict Retiming ;
+------------------------+------------------------+----------------------------------------------------------+
; Worst-Case Setup Slack ; Node Name              ; Waived                                                   ;
+------------------------+------------------------+----------------------------------------------------------+
; -1.368                 ; state.S_INIT~DUPLICATE ;                                                          ;
; -1.358                 ; state.S_RES_HIGH       ;                                                          ;
; -1.34                  ; state.S_RES_LOW        ;                                                          ;
; -1.296                 ; state.S_POR_DELAY      ;                                                          ;
+------------------------+------------------------+----------------------------------------------------------+


Status:		FAIL
Severity:		Medium
Number of violations: 	1
Rule Parameters:      	
		max_violations = 5000
		maximum_setup_slack = 0
		to_clock_filter = "*"
		minimum_number_of_soft_mult_chains = 2
+-----------------------------------------------------------------------------------------------------------------------------+
; TMC-20215 - Buses with Incoming Paths Failing Setup Analysis with Multipliers Implemented in Logic                          ;
+------------------------+---------------+-----------------------------------+-----------------------+---------------+--------+
; Worst-Case Setup Slack ; Bus Name      ; Number of Multiplier Logic Chains ; From Node             ; To Node       ; Waived ;
+------------------------+---------------+-----------------------------------+-----------------------+---------------+--------+
; -1.823                 ; delay_cnt[*]* ; 2                                 ; delay_ms[2]~DUPLICATE ; delay_cnt[23] ;        ;
+------------------------+---------------+-----------------------------------+-----------------------+---------------+--------+


Status:		FAIL
Severity:		Low
Number of violations: 	1
Rule Parameters:      	max_violations = 500
+------------------------------------------------------------------------------------+
; RES-50010 - Reset Synchronizer Chains with Constant Output                         ;
+-------------------+--------------+----------------------+-----------------+--------+
; Reset Chain Head  ; Reset Source ; From Clock           ; To Clock        ; Waived ;
+-------------------+--------------+----------------------+-----------------+--------+
; delay_ms[1]~RTM_4 ; sys_rst_n    ; Unconstrained domain ; clk_50m~derived ;        ;
+-------------------+--------------+----------------------+-----------------+--------+


Status:		PASS
Severity:		High
Number of violations: 	0
Rule Parameters:      	max_violations = 500
+----------------------------------------------------------+
; CDC-50001 - 1-Bit Asynchronous Transfer Not Synchronized ;
+----------------------------------------------------------+


Status:		PASS
Severity:		High
Number of violations: 	0
Rule Parameters:      	max_violations = 500
+-----------------------------------------------------------------------+
; CDC-50002 - 1-Bit Asynchronous Transfer with Insufficient Constraints ;
+-----------------------------------------------------------------------+


Status:		PASS
Severity:		High
Number of violations: 	0
Rule Parameters:      	max_violations = 500
+----------------------------------------------------------------+
; CDC-50003 - CE-Type CDC Transfer with Insufficient Constraints ;
+----------------------------------------------------------------+


Status:		PASS
Severity:		High
Number of violations: 	0
Rule Parameters:      	max_violations = 500
+-----------------------------------------------------------------+
; CDC-50004 - MUX-type CDC Transfer with Insufficient Constraints ;
+-----------------------------------------------------------------+


Status:		PASS
Severity:		High
Number of violations: 	0
Rule Parameters:      	max_violations = 500
+-----------------------------------------------------------------------------------------+
; CDC-50005 - CDC Bus Constructed with Multi-bit Synchronizer Chains of Different Lengths ;
+-----------------------------------------------------------------------------------------+


Status:		PASS
Severity:		High
Number of violations: 	0
Rule Parameters:      	max_violations = 500
+---------------------------------------------------------------+
; CDC-50006 - CDC Bus Constructed with Unsynchronized Registers ;
+---------------------------------------------------------------+


Status:		PASS
Severity:		High
Number of violations: 	0
Rule Parameters:      	max_violations = 500
+--------------------------------------------------------------------------------------------------+
; CDC-50007 - CDC Bus Constructed with Multi-bit Synchronizer Chains with Insufficient Constraints ;
+--------------------------------------------------------------------------------------------------+


Status:		PASS
Severity:		High
Number of violations: 	0
Rule Parameters:      	max_violations = 500
+-----------------------------------------------------------+
; CDC-50011 - Combinational Logic Before Synchronizer Chain ;
+-----------------------------------------------------------+


Status:		PASS
Severity:		High
Number of violations: 	0
Rule Parameters:      	max_violations = 500
+-----------------------------------------------------------------+
; CDC-50012 - Multiple Clock Domains Driving a Synchronizer Chain ;
+-----------------------------------------------------------------+


Status:		PASS
Severity:		High
Number of violations: 	0
Rule Parameters:      	max_violations = 5000
+--------------------------------------+
; CLK-30026 - Missing Clock Assignment ;
+--------------------------------------+


Status:		PASS
Severity:		High
Number of violations: 	0
Rule Parameters:      	max_violations = 5000
+----------------------------------------------+
; CLK-30027 - Multiple Clock Assignments Found ;
+----------------------------------------------+


Status:		PASS
Severity:		High
Number of violations: 	0
Rule Parameters:      	max_violations = 5000
+-------------------------------------+
; CLK-30028 - Invalid Generated Clock ;
+-------------------------------------+


Status:		PASS
Severity:		High
Number of violations: 	0
Rule Parameters:      	max_violations = 5000
+---------------------------------------+
; CLK-30029 - Invalid Clock Assignments ;
+---------------------------------------+


Status:		PASS
Severity:		High
Number of violations: 	0
Rule Parameters:      	max_violations = 5000
+-----------------------------------+
; CLK-30030 - PLL Setting Violation ;
+-----------------------------------+


Status:		PASS
Severity:		High
Number of violations: 	0
Rule Parameters:      	max_violations = 5000
+--------------------------------------------+
; CLK-30033 - Invalid Clock Group Assignment ;
+--------------------------------------------+


Status:		PASS
Severity:		High
Number of violations: 	0
Rule Parameters:      	max_violations = 5000
+----------------------------------------------------------------------------+
; CLK-30034 - Clock Pairs Missing Logically Exclusive Clock Group Assignment ;
+----------------------------------------------------------------------------+


Status:		PASS
Severity:		High
Number of violations: 	0
Rule Parameters:      	max_violations = 5000
+-----------------------------------------------------------------------------+
; CLK-30035 - Clock Pairs Missing Physically Exclusive Clock Group Assignment ;
+-----------------------------------------------------------------------------+


Status:		PASS
Severity:		High
Number of violations: 	0
Rule Parameters:      	max_violations = 5000
+----------------------------------------+
; CLK-30042 - Incorrect Clock Group Type ;
+----------------------------------------+


Status:		PASS
Severity:		High
Number of violations: 	0
Rule Parameters:      	max_violations = 500
+---------------------------------------------------------------+
; RES-50002 - Asynchronous Reset is Insufficiently Synchronized ;
+---------------------------------------------------------------+


Status:		PASS
Severity:		High
Number of violations: 	0
Rule Parameters:      	max_violations = 500
+--------------------------------------------------------------+
; RES-50003 - Asynchronous Reset with Insufficient Constraints ;
+--------------------------------------------------------------+


Status:		PASS
Severity:		High
Number of violations: 	0
Rule Parameters:      	max_violations = 500
+--------------------------------------------------------------------------+
; RES-50004 - Multiple Asynchronous Resets within Reset Synchronizer Chain ;
+--------------------------------------------------------------------------+


Status:		PASS
Severity:		High
Number of violations: 	0
Rule Parameters:      	max_violations = 5000
+---------------------------------+
; TMC-20013 - Partial Input Delay ;
+---------------------------------+


Status:		PASS
Severity:		High
Number of violations: 	0
Rule Parameters:      	max_violations = 5000
+----------------------------------+
; TMC-20014 - Partial Output Delay ;
+----------------------------------+


Status:		PASS
Severity:		High
Number of violations: 	0
Rule Parameters:      	max_violations = 5000
+----------------------------------------+
; TMC-20015 - Inconsistent Min-Max Delay ;
+----------------------------------------+


Status:		PASS
Severity:		High
Number of violations: 	0
Rule Parameters:      	max_violations = 5000
+-----------------------------------+
; TMC-20016 - Invalid Reference Pin ;
+-----------------------------------+


Status:		PASS
Severity:		High
Number of violations: 	0
Rule Parameters:      	max_violations = 5000
+----------------------------+
; TMC-20017 - Loops Detected ;
+----------------------------+


Status:		PASS
Severity:		High
Number of violations: 	0
Rule Parameters:      	max_violations = 5000
+-------------------------------------------+
; TMC-20019 - Partial Multicycle Assignment ;
+-------------------------------------------+


Status:		PASS
Severity:		High
Number of violations: 	0
Rule Parameters:      	max_violations = 5000
+-----------------------------------------------------+
; TMC-20022 - I/O Delay Assignment Missing Parameters ;
+-----------------------------------------------------+


Status:		PASS
Severity:		High
Number of violations: 	0
Rule Parameters:      	max_violations = 5000
+----------------------------------------------+
; TMC-20023 - Invalid Set Net Delay Assignment ;
+----------------------------------------------+


Status:		PASS
Severity:		High
Number of violations: 	0
Rule Parameters:      	max_violations = 5000
+-------------------------------------------------------+
; TMC-20027 - Collection Filter Matching Multiple Types ;
+-------------------------------------------------------+


Status:		PASS
Severity:		High
Number of violations: 	0
Rule Parameters:      	max_violations = 5000
+-----------------------------------------------------+
; TMC-30041 - Constraint with Invalid Clock Reference ;
+-----------------------------------------------------+


Status:		PASS
Severity:		Medium
Number of violations: 	0
Rule Parameters:      	max_violations = 5000
+------------------------------------------------------------+
; CDC-50103 - Unsynchronized Intra-Clock Forced Synchronizer ;
+------------------------------------------------------------+


Status:		PASS
Severity:		Medium
Number of violations: 	0
Rule Parameters:      	max_violations = 5000
+-------------------------------------------+
; CLK-30031 - Input Delay Assigned to Clock ;
+-------------------------------------------+


Status:		PASS
Severity:		Medium
Number of violations: 	0
Rule Parameters:      	max_violations = 5000
+------------------------------------+
; CLK-30032 - Improper Clock Targets ;
+------------------------------------+


Status:		PASS
Severity:		Medium
Number of violations: 	0
Rule Parameters:      	
		max_violations = 5000
		device_ram_occupation = 80
		low_utilization = 10
+-----------------------------------------------------------+
; FLP-10000 - Physical RAM with Utilization Below Threshold ;
+-----------------------------------------------------------+


Status:		PASS
Severity:		Medium
Number of violations: 	0
Rule Parameters:      	max_violations = 5000
+-------------------------------------------------------------+
; FLP-10501 - Top-Level Ports Without Pin Location Assignment ;
+-------------------------------------------------------------+


Status:		PASS
Severity:		Medium
Number of violations: 	0
Rule Parameters:      	max_violations = 5000
+-----------------------------------------------+
; LNT-30023 - Reset Nets with Polarity Conflict ;
+-----------------------------------------------+


Status:		PASS
Severity:		Medium
Number of violations: 	0
Rule Parameters:      	max_violations = 5000
+--------------------------------------------------------------------------------+
; RDC-50003 - Multiple Asynchronous Reset Synchronizers in the Same Clock Domain ;
+--------------------------------------------------------------------------------+


Status:		PASS
Severity:		Medium
Number of violations: 	0
Rule Parameters:      	max_violations = 5000
+------------------------------------------+
; TMC-20018 - Unsupported Latches Detected ;
+------------------------------------------+


Status:		PASS
Severity:		Medium
Number of violations: 	0
Rule Parameters:      	max_violations = 5000
+----------------------------------------------+
; TMC-20021 - Partial Min-Max Delay Assignment ;
+----------------------------------------------+


Status:		PASS
Severity:		Medium
Number of violations: 	0
Rule Parameters:      	max_violations = 5000
+-----------------------------------------------+
; TMC-20024 - Synchronous Data Delay Assignment ;
+-----------------------------------------------+


Status:		PASS
Severity:		Medium
Number of violations: 	0
Rule Parameters:      	max_violations = 5000
+-----------------------------------------------+
; TMC-20025 - Ignored or Overridden Constraints ;
+-----------------------------------------------+


Status:		PASS
Severity:		Medium
Number of violations: 	0
Rule Parameters:      	max_violations = 5000
+------------------------------------------------------+
; TMC-20026 - Empty Collection Due To Unmatched Filter ;
+------------------------------------------------------+


Status:		PASS
Severity:		Medium
Number of violations: 	0
Rule Parameters:      	
		max_violations = 5000
		maximum_setup_slack = 0
		to_clock_filter = "*"
+-----------------------------------------------------------------------+
; TMC-20200 - Paths Failing Setup Analysis with Impossible Requirements ;
+-----------------------------------------------------------------------+


Status:		PASS
Severity:		Medium
Number of violations: 	0
Rule Parameters:      	
		max_violations = 5000
		maximum_setup_slack = 0
		to_clock_filter = "*"
+---------------------------------------------------------------+
; TMC-20201 - Paths Failing Setup Analysis with High Clock Skew ;
+---------------------------------------------------------------+


Status:		PASS
Severity:		Medium
Number of violations: 	0
Rule Parameters:      	
		max_violations = 5000
		maximum_setup_slack = 0
		to_clock_filter = "*"
+------------------------------------------------------------------------------------------------------+
; TMC-20206 - DSP Blocks with Unregistered Outputs that are the Source of Paths Failing Setup Analysis ;
+------------------------------------------------------------------------------------------------------+


Status:		PASS
Severity:		Medium
Number of violations: 	0
Rule Parameters:      	
		max_violations = 5000
		maximum_setup_slack = 0
		to_clock_filter = "*"
+----------------------------------------------------------------------------------------------------------+
; TMC-20207 - DSP Blocks with Unregistered Inputs that are the Destination of Paths Failing Setup Analysis ;
+----------------------------------------------------------------------------------------------------------+


Status:		PASS
Severity:		Medium
Number of violations: 	0
Rule Parameters:      	
		max_violations = 5000
		maximum_setup_slack = 0
		to_clock_filter = "*"
+------------------------------------------------------------------------------------------------------+
; TMC-20208 - RAM Blocks with Unregistered Outputs that are the Source of Paths Failing Setup Analysis ;
+------------------------------------------------------------------------------------------------------+


Status:		PASS
Severity:		Medium
Number of violations: 	0
Rule Parameters:      	
		max_violations = 5000
		maximum_setup_slack = 0
		to_clock_filter = "*"
+------------------------------------------------------------------------------------+
; TMC-20209 - Paths Failing Setup Analysis with High Routing Delay due to Congestion ;
+------------------------------------------------------------------------------------+


Status:		PASS
Severity:		Medium
Number of violations: 	0
Rule Parameters:      	
		max_violations = 5000
		maximum_setup_slack = 0
		to_clock_filter = "*"
+---------------------------------------------------------------------------------+
; TMC-20210 - Paths Failing Setup Analysis with High Routing Delay Added for Hold ;
+---------------------------------------------------------------------------------+


Status:		PASS
Severity:		Medium
Number of violations: 	0
Rule Parameters:      	
		max_violations = 5000
		maximum_setup_slack = 0
		to_clock_filter = "*"
+---------------------------------------------------------------------------+
; TMC-20212 - Paths Failing Setup Analysis with Global Routing in Data Path ;
+---------------------------------------------------------------------------+


Status:		PASS
Severity:		Medium
Number of violations: 	0
Rule Parameters:      	
		max_violations = 5000
		maximum_setup_slack = 0
		to_clock_filter = "*"
+--------------------------------------------------------------------+
; TMC-20213 - Paths Failing Setup Analysis with Locally Routed Clock ;
+--------------------------------------------------------------------+


Status:		PASS
Severity:		Medium
Number of violations: 	0
Rule Parameters:      	
		max_violations = 5000
		maximum_setup_slack = 0
		to_clock_filter = "*"
		minimum_number_of_adders = 3
+----------------------------------------------------------------------------------------------------+
; TMC-20214 - Buses with Incoming Paths Failing Setup Analysis with Multiple Sequential Adder Chains ;
+----------------------------------------------------------------------------------------------------+


Status:		PASS
Severity:		Medium
Number of violations: 	0
Rule Parameters:      	
		max_violations = 5000
		maximum_setup_slack = 0
		to_clock_filter = "*"
+-------------------------------------------------------------------------------------+
; TMC-20216 - Paths Failing Setup Analysis with Inferred-RAM Shift Register Endpoints ;
+-------------------------------------------------------------------------------------+


Status:		PASS
Severity:		Medium
Number of violations: 	0
Rule Parameters:      	
		max_violations = 5000
		maximum_setup_slack = 0
		to_clock_filter = "*"
+-------------------------------------------------------------+
; TMC-20217 - Paths Failing Setup Analysis with Clock-As-Data ;
+-------------------------------------------------------------+


Status:		PASS
Severity:		Medium
Number of violations: 	0
Rule Parameters:      	
		max_violations = 5000
		maximum_pulse_width_slack = 0
+-----------------------------------------------------------------+
; TMC-20219 - DSP Blocks with Restricted Fmax below Required Fmax ;
+-----------------------------------------------------------------+


Status:		PASS
Severity:		Medium
Number of violations: 	0
Rule Parameters:      	
		max_violations = 5000
		maximum_pulse_width_slack = 0
+-----------------------------------------------------------------+
; TMC-20220 - RAM Blocks with Restricted Fmax below Required Fmax ;
+-----------------------------------------------------------------+


Status:		PASS
Severity:		Medium
Number of violations: 	0
Rule Parameters:      	
		max_violations = 5000
		maximum_hold_slack = 0
		to_clock_filter = "*"
+--------------------------------------------------------------------------+
; TMC-20312 - Paths Failing Hold Analysis with Global Routing in Data Path ;
+--------------------------------------------------------------------------+


Status:		PASS
Severity:		Medium
Number of violations: 	0
Rule Parameters:      	
		max_violations = 5000
		maximum_hold_slack = 0
		to_clock_filter = "*"
+-------------------------------------------------------------------+
; TMC-20313 - Paths Failing Hold Analysis with Locally Routed Clock ;
+-------------------------------------------------------------------+


Status:		PASS
Severity:		Medium
Number of violations: 	0
Rule Parameters:      	
		max_violations = 5000
		maximum_recovery_slack = 0
		to_clock_filter = "*"
+------------------------------------------------------------------------------+
; TMC-20712 - Paths Failing Recovery Analysis with Global Routing in Data Path ;
+------------------------------------------------------------------------------+


Status:		PASS
Severity:		Medium
Number of violations: 	0
Rule Parameters:      	
		max_violations = 5000
		maximum_recovery_slack = 0
		to_clock_filter = "*"
+-----------------------------------------------------------------------+
; TMC-20713 - Paths Failing Recovery Analysis with Locally Routed Clock ;
+-----------------------------------------------------------------------+


Status:		PASS
Severity:		Medium
Number of violations: 	0
Rule Parameters:      	
		max_violations = 5000
		maximum_removal_slack = 0
		to_clock_filter = "*"
+-----------------------------------------------------------------------------+
; TMC-20812 - Paths Failing Removal Analysis with Global Routing in Data Path ;
+-----------------------------------------------------------------------------+


Status:		PASS
Severity:		Medium
Number of violations: 	0
Rule Parameters:      	
		max_violations = 5000
		maximum_removal_slack = 0
		to_clock_filter = "*"
+----------------------------------------------------------------------+
; TMC-20813 - Paths Failing Removal Analysis with Locally Routed Clock ;
+----------------------------------------------------------------------+


Status:		PASS
Severity:		Low
Number of violations: 	0
Rule Parameters:      	max_violations = 500
+--------------------------------------------------------------------+
; CDC-50008 - CDC Bus Constructed with Multi-bit Synchronizer Chains ;
+--------------------------------------------------------------------+


Status:		PASS
Severity:		Low
Number of violations: 	0
Rule Parameters:      	max_violations = 500
+-------------------------------------------------+
; CDC-50101 - Intra-Clock False Path Synchronizer ;
+-------------------------------------------------+


Status:		PASS
Severity:		Low
Number of violations: 	0
Rule Parameters:      	max_violations = 500
+-----------------------------------------------------------------+
; CDC-50102 - Synchronizer after CDC Topology with Control Signal ;
+-----------------------------------------------------------------+


Status:		PASS
Severity:		Low
Number of violations: 	0
Rule Parameters:      	
		max_violations = 5000
		max_stage_adjustment = -1
		min_width = 16
		min_depth = 3
+------------------------------------------------------------+
; FLP-40006 - Pipelining Registers That Might Be Recoverable ;
+------------------------------------------------------------+


Status:		PASS
Severity:		Low
Number of violations: 	0
Rule Parameters:      	max_violations = 5000
+--------------------------------------------------------------+
; LNT-30010 - Nets Driving both Reset and Clock Enable Signals ;
+--------------------------------------------------------------+


Status:		PASS
Severity:		Low
Number of violations: 	0
Rule Parameters:      	max_violations = 500
+-------------------------------------------------------+
; RES-50101 - Intra-Clock False Path Reset Synchronizer ;
+-------------------------------------------------------+


Status:		PASS
Severity:		Low
Number of violations: 	0
Rule Parameters:      	max_violations = 5000
+-------------------------------------------+
; TMC-20020 - Invalid Multicycle Assignment ;
+-------------------------------------------+


Status:		PASS
Severity:		Low
Number of violations: 	0
Rule Parameters:      	max_violations = 5000
+--------------------------------------------------------------------------------------------+
; TMC-20550 - Automatically Selected Duplication Candidate Rejected for Placement Constraint ;
+--------------------------------------------------------------------------------------------+


Status:		PASS
Severity:		Low
Number of violations: 	0
Rule Parameters:      	
		max_violations = 5000
		avg_dup_fanout = 1000
+-------------------------------------------------------------------------------------------+
; TMC-20551 - Automatically Selected Duplication Candidate Likely Requires More Duplication ;
+-------------------------------------------------------------------------------------------+


Status:		PASS
Severity:		Low
Number of violations: 	0
Rule Parameters:      	max_violations = 5000
+--------------------------------------------------------------+
; TMC-20552 - User Selected Duplication Candidate was Rejected ;
+--------------------------------------------------------------+


Status:		PASS
Severity:		Low
Number of violations: 	0
Rule Parameters:      	
		max_violations = 5000
		minimum_tension = 100000
		minimum_sinks = 2
+-----------------------------------------------------------+
; TMC-20601 - Registers with High Immediate Fan-Out Tension ;
+-----------------------------------------------------------+


Status:		PASS
Severity:		Low
Number of violations: 	0
Rule Parameters:      	
		max_violations = 5000
		minimum_tension = 100000
		ignore_high_fanout_tension = False
		minimum_sinks = 2
+--------------------------------------------------------------+
; TMC-20602 - Registers with High Timing Path Endpoint Tension ;
+--------------------------------------------------------------+


Status:		PASS
Severity:		Low
Number of violations: 	0
Rule Parameters:      	
		max_violations = 5000
		minimum_span = 250
		minimum_sinks = 2
+--------------------------------------------------------+
; TMC-20603 - Registers with High Immediate Fan-Out Span ;
+--------------------------------------------------------+


Status:		PASS
Severity:		Low
Number of violations: 	0
Rule Parameters:      	
		max_violations = 5000
		minimum_span = 250
		ignore_high_fanout_span = False
		minimum_sinks = 2
+-----------------------------------------------------------+
; TMC-20604 - Registers with High Timing Path Endpoint Span ;
+-----------------------------------------------------------+


