Timing Analyzer report for top_lcd_st7789
Sun Sep  6 00:46:59 2026
Quartus Prime Version 25.1.1 Build 125 07/31/2025 Patches 1.03 SC Pro Edition


---------------------
; Table of Contents ;
---------------------
  1. Legal Notice
  2. Timing Analyzer Summary
  3. Timing Delays: Final Snapshot
  4. Parallel Compilation
  5. Clocks
  6. Design Closure Summary
  7. Fmax Summary
  8. Setup Summary
  9. Hold Summary
 10. Recovery Summary
 11. Removal Summary
 12. Minimum Pulse Width Summary
 13. Metastability Summary Slow fix4 100C Model
 14. Metastability Summary Slow fix4 0C Model
 15. Metastability Summary Slow fix4a 0C Model
 16. Metastability Summary Fast fix4 0C Model
 17. Setup Transfers
 18. Hold Transfers
---- Setup Reports ----
     ---- clk_50m~derived Reports ----
           19. Command Info
           20. Summary of Paths
           21. Path #1: Setup slack is -1.823 (VIOLATED)
           22. Path #2: Setup slack is -1.823 (VIOLATED)
           23. Path #3: Setup slack is -1.781 (VIOLATED)
           24. Path #4: Setup slack is -1.781 (VIOLATED)
           25. Path #5: Setup slack is -1.760 (VIOLATED)
           26. Path #6: Setup slack is -1.760 (VIOLATED)
           27. Path #7: Setup slack is -1.750 (VIOLATED)
           28. Path #8: Setup slack is -1.750 (VIOLATED)
           29. Path #9: Setup slack is -1.734 (VIOLATED)
           30. Path #10: Setup slack is -1.734 (VIOLATED)
---- Hold Reports ----
     ---- clk_50m~derived Reports ----
           31. Command Info
           32. Summary of Paths
           33. Path #1: Hold slack is 0.100 
           34. Path #2: Hold slack is 0.101 
           35. Path #3: Hold slack is 0.101 
           36. Path #4: Hold slack is 0.102 
           37. Path #5: Hold slack is 0.103 
           38. Path #6: Hold slack is 0.105 
           39. Path #7: Hold slack is 0.105 
           40. Path #8: Hold slack is 0.105 
           41. Path #9: Hold slack is 0.106 
           42. Path #10: Hold slack is 0.106 
 43. Timing Analyzer Messages
---- Unconstrained Paths Reports ----
      44. Unconstrained Paths Summary
      45. Clock Status Summary
     ---- Setup Analysis Reports ----
           46. Unconstrained Input Ports
           47. Unconstrained Output Ports
     ---- Hold Analysis Reports ----
           48. Unconstrained Input Ports
           49. Unconstrained Output Ports
 50. Timing Analyzer INI Usage
 51. Multicorner Timing Analysis Summary
 52. Design Assistant (Signoff) Results - 8 of 85 Rules Failed
 53. TMC-20012 - Missing Output Delay Constraint
 54. RES-50001 - Asynchronous Reset Is Not Synchronized
 55. TMC-20011 - Missing Input Delay Constraint
 56. TMC-20221 - Nodes Failing Minimum Pulse Width Due to Clock Pulse Collapse
 57. TMC-20204 - Endpoints of Paths Failing Setup Analysis with Retiming Restrictions
 58. TMC-20205 - Endpoints of Paths Failing Setup Analysis with Explicit Power-Up States that Restrict Retiming
 59. TMC-20215 - Buses with Incoming Paths Failing Setup Analysis with Multipliers Implemented in Logic
 60. RES-50010 - Reset Synchronizer Chains with Constant Output
 61. CDC-50001 - 1-Bit Asynchronous Transfer Not Synchronized
 62. CDC-50002 - 1-Bit Asynchronous Transfer with Insufficient Constraints
 63. CDC-50003 - CE-Type CDC Transfer with Insufficient Constraints
 64. CDC-50004 - MUX-type CDC Transfer with Insufficient Constraints
 65. CDC-50005 - CDC Bus Constructed with Multi-bit Synchronizer Chains of Different Lengths
 66. CDC-50006 - CDC Bus Constructed with Unsynchronized Registers
 67. CDC-50007 - CDC Bus Constructed with Multi-bit Synchronizer Chains with Insufficient Constraints
 68. CDC-50011 - Combinational Logic Before Synchronizer Chain
 69. CDC-50012 - Multiple Clock Domains Driving a Synchronizer Chain
 70. CLK-30026 - Missing Clock Assignment
 71. CLK-30027 - Multiple Clock Assignments Found
 72. CLK-30028 - Invalid Generated Clock
 73. CLK-30029 - Invalid Clock Assignments
 74. CLK-30030 - PLL Setting Violation
 75. CLK-30033 - Invalid Clock Group Assignment
 76. CLK-30034 - Clock Pairs Missing Logically Exclusive Clock Group Assignment
 77. CLK-30035 - Clock Pairs Missing Physically Exclusive Clock Group Assignment
 78. CLK-30042 - Incorrect Clock Group Type
 79. RES-50002 - Asynchronous Reset is Insufficiently Synchronized
 80. RES-50003 - Asynchronous Reset with Insufficient Constraints
 81. RES-50004 - Multiple Asynchronous Resets within Reset Synchronizer Chain
 82. TMC-20013 - Partial Input Delay
 83. TMC-20014 - Partial Output Delay
 84. TMC-20015 - Inconsistent Min-Max Delay
 85. TMC-20016 - Invalid Reference Pin
 86. TMC-20017 - Loops Detected
 87. TMC-20019 - Partial Multicycle Assignment
 88. TMC-20022 - I/O Delay Assignment Missing Parameters
 89. TMC-20023 - Invalid Set Net Delay Assignment
 90. TMC-20027 - Collection Filter Matching Multiple Types
 91. TMC-30041 - Constraint with Invalid Clock Reference
 92. CDC-50103 - Unsynchronized Intra-Clock Forced Synchronizer
 93. CLK-30031 - Input Delay Assigned to Clock
 94. CLK-30032 - Improper Clock Targets
 95. FLP-10000 - Physical RAM with Utilization Below Threshold
 96. FLP-10501 - Top-Level Ports Without Pin Location Assignment
 97. LNT-30023 - Reset Nets with Polarity Conflict
 98. RDC-50003 - Multiple Asynchronous Reset Synchronizers in the Same Clock Domain
 99. TMC-20018 - Unsupported Latches Detected
100. TMC-20021 - Partial Min-Max Delay Assignment
101. TMC-20024 - Synchronous Data Delay Assignment
102. TMC-20025 - Ignored or Overridden Constraints
103. TMC-20026 - Empty Collection Due To Unmatched Filter
104. TMC-20200 - Paths Failing Setup Analysis with Impossible Requirements
105. TMC-20201 - Paths Failing Setup Analysis with High Clock Skew
106. TMC-20206 - DSP Blocks with Unregistered Outputs that are the Source of Paths Failing Setup Analysis
107. TMC-20207 - DSP Blocks with Unregistered Inputs that are the Destination of Paths Failing Setup Analysis
108. TMC-20208 - RAM Blocks with Unregistered Outputs that are the Source of Paths Failing Setup Analysis
109. TMC-20209 - Paths Failing Setup Analysis with High Routing Delay due to Congestion
110. TMC-20210 - Paths Failing Setup Analysis with High Routing Delay Added for Hold
111. TMC-20212 - Paths Failing Setup Analysis with Global Routing in Data Path
112. TMC-20213 - Paths Failing Setup Analysis with Locally Routed Clock
113. TMC-20214 - Buses with Incoming Paths Failing Setup Analysis with Multiple Sequential Adder Chains
114. TMC-20216 - Paths Failing Setup Analysis with Inferred-RAM Shift Register Endpoints
115. TMC-20217 - Paths Failing Setup Analysis with Clock-As-Data
116. TMC-20219 - DSP Blocks with Restricted Fmax below Required Fmax
117. TMC-20220 - RAM Blocks with Restricted Fmax below Required Fmax
118. TMC-20312 - Paths Failing Hold Analysis with Global Routing in Data Path
119. TMC-20313 - Paths Failing Hold Analysis with Locally Routed Clock
120. TMC-20712 - Paths Failing Recovery Analysis with Global Routing in Data Path
121. TMC-20713 - Paths Failing Recovery Analysis with Locally Routed Clock
122. TMC-20812 - Paths Failing Removal Analysis with Global Routing in Data Path
123. TMC-20813 - Paths Failing Removal Analysis with Locally Routed Clock
124. CDC-50008 - CDC Bus Constructed with Multi-bit Synchronizer Chains
125. CDC-50101 - Intra-Clock False Path Synchronizer
126. CDC-50102 - Synchronizer after CDC Topology with Control Signal
127. FLP-40006 - Pipelining Registers That Might Be Recoverable
128. LNT-30010 - Nets Driving both Reset and Clock Enable Signals
129. RES-50101 - Intra-Clock False Path Reset Synchronizer
130. TMC-20020 - Invalid Multicycle Assignment
131. TMC-20550 - Automatically Selected Duplication Candidate Rejected for Placement Constraint
132. TMC-20551 - Automatically Selected Duplication Candidate Likely Requires More Duplication
133. TMC-20552 - User Selected Duplication Candidate was Rejected
134. TMC-20601 - Registers with High Immediate Fan-Out Tension
135. TMC-20602 - Registers with High Timing Path Endpoint Tension
136. TMC-20603 - Registers with High Immediate Fan-Out Span
137. TMC-20604 - Registers with High Timing Path Endpoint Span



----------------
; Legal Notice ;
----------------
Copyright (C) 2025  Altera Corporation. All rights reserved.
Your use of Altera Corporation's design tools, logic functions 
and other software and tools, and any partner logic 
functions, and any output files from any of the foregoing 
(including device programming or simulation files), and any 
associated documentation or information are expressly subject 
to the terms and conditions of the Altera Program License 
Subscription Agreement, the Altera Quartus Prime License Agreement,
the Altera IP License Agreement, or other applicable license
agreement, including, without limitation, that your use is for
the sole purpose of programming logic devices manufactured by
Altera and sold by Altera or its authorized distributors.  Please
refer to the Altera Software License Subscription Agreements 
on the Quartus Prime software download page.



+-----------------------------------------------------------------------------------------+
; Timing Analyzer Summary                                                                 ;
+-----------------------+-----------------------------------------------------------------+
; Quartus Prime Version ; Version 25.1.1 Build 125 07/31/2025 Patches 1.03 SC Pro Edition ;
; Timing Analyzer       ; Timing Analyzer                                                 ;
; Revision Name         ; top_lcd_st7789                                                  ;
; Device Family         ; Agilex 5                                                        ;
; Device                ; A5EB013BB23BE4SR1                                               ;
; Snapshot              ; final                                                           ;
; Timing Models         ; Preliminary                                                     ;
; Power Models          ; Preliminary                                                     ;
; Device Status         ; Preliminary                                                     ;
; Rise/Fall Delays      ; Enabled                                                         ;
+-----------------------+-----------------------------------------------------------------+


+---------------------------------------------+
; Timing Delays: Final Snapshot               ;
+----------------------------------+----------+
; Snapshot                         ; final    ;
; Periphery block cell delays      ; Sign-off ;
; Core block cell delays           ; Sign-off ;
; Routing interconnect (IC) delays ; Sign-off ;
+----------------------------------+----------+


+-------------------------------------+
; Parallel Compilation                ;
+----------------------------+--------+
; Processors                 ; Number ;
+----------------------------+--------+
; Number detected on machine ; 12     ;
; Maximum allowed            ; 12     ;
+----------------------------+--------+


+------------------------------------------------------------------------------------------------------------------------------------------------------------------------------------------+
; Clocks                                                                                                                                                                                   ;
+-----------------+------+--------+------------+-------+-------+------------+-----------+-------------+-------+--------+-----------+------------+----------+--------+--------+-------------+
; Clock Name      ; Type ; Period ; Frequency  ; Rise  ; Fall  ; Duty Cycle ; Divide by ; Multiply by ; Phase ; Offset ; Edge List ; Edge Shift ; Inverted ; Master ; Source ; Targets     ;
+-----------------+------+--------+------------+-------+-------+------------+-----------+-------------+-------+--------+-----------+------------+----------+--------+--------+-------------+
; clk_50m~derived ; Base ; 1.000  ; 1000.0 MHz ; 0.000 ; 0.500 ;            ;           ;             ;       ;        ;           ;            ;          ;        ;        ; { clk_50m } ;
+-----------------+------+--------+------------+-------+-------+------------+-----------+-------------+-------+--------+-----------+------------+----------+--------+--------+-------------+


+-----------------------------------------------------------------------------------+
; Design Closure Summary                                                            ;
+--------------------------------------------------------+--------------------------+
; Panel Name                                             ; Result Flag              ;
+--------------------------------------------------------+--------------------------+
; Design Closure Summary                                 ; Fail                     ;
;   Timing Closure                                       ; Fail                     ;
;     Setup Summary                                      ; Fail                     ;
;     Hold Summary                                       ; Pass                     ;
;     Recovery Summary                                   ; Not Found                ;
;     Removal Summary                                    ; Not Found                ;
;     Setup Data Delay Summary                           ; Not Found                ;
;     Recovery Data Delay Summary                        ; Not Found                ;
;     Minimum Pulse Width Summary                        ; Fail                     ;
;     Max Skew Summary                                   ; Not Found                ;
;     Max Clock Skew Summary                             ; Not Found                ;
;     Net Delay Summary                                  ; Not Found                ;
;     Metastability Summary                              ; Pass                     ;
;     Double Data Rate (DDR) Summary                     ; Not Found                ;
;     Transmitter Channel-to-Channel Skew (TCCS) Summary ; Not Found                ;
;     Receiver Input Skew Margin (RSKM) Summary          ; Not Found                ;
;   Design Assistant Summary                             ; High Severity Violations ;
;   Unconstrained Paths                                  ; Fail                     ;
+--------------------------------------------------------+--------------------------+


+-----------------------------------------------------------------------------------------+
; Fmax Summary                                                                            ;
+------------+-----------------+-----------------+------+---------------------------------+
; Fmax       ; Restricted Fmax ; Clock Name      ; Note ; Worst-Case Operating Conditions ;
+------------+-----------------+-----------------+------+---------------------------------+
; 354.23 MHz ; 354.23 MHz      ; clk_50m~derived ;      ; Slow fix4 0C Model              ;
+------------+-----------------+-----------------+------+---------------------------------+
This panel reports FMAX for every clock in the design, regardless of the user-specified clock periods.  FMAX is only computed for paths where the source and destination registers or ports are driven by the same clock.  Paths of different clocks, including generated clocks, are ignored.  For paths between a clock and its inversion, FMAX is computed as if the rising and falling edges are scaled along with FMAX, such that the duty cycle (in terms of a percentage) is maintained. Intel recommends that you always use clock constraints and other slack reports for sign-off analysis.
Delay Models:
Slow fix4 100C Model
Slow fix4 0C Model
Slow fix4a 0C Model
Fast fix4 0C Model


+-------------------------------------------------------------------------------------------------+
; Setup Summary                                                                                   ;
+-----------------+--------+---------------+--------------------+---------------------------------+
; Clock           ; Slack  ; End Point TNS ; Failing End Points ; Worst-Case Operating Conditions ;
+-----------------+--------+---------------+--------------------+---------------------------------+
; clk_50m~derived ; -1.823 ; -131.056      ; 192                ; Slow fix4 0C Model              ;
+-----------------+--------+---------------+--------------------+---------------------------------+
Delay Models:
Slow fix4 100C Model
Slow fix4 0C Model
Slow fix4a 0C Model
Fast fix4 0C Model


+------------------------------------------------------------------------------------------------+
; Hold Summary                                                                                   ;
+-----------------+-------+---------------+--------------------+---------------------------------+
; Clock           ; Slack ; End Point TNS ; Failing End Points ; Worst-Case Operating Conditions ;
+-----------------+-------+---------------+--------------------+---------------------------------+
; clk_50m~derived ; 0.100 ; 0.000         ; 0                  ; Fast fix4 0C Model              ;
+-----------------+-------+---------------+--------------------+---------------------------------+
Delay Models:
Slow fix4 100C Model
Slow fix4 0C Model
Slow fix4a 0C Model
Fast fix4 0C Model


--------------------
; Recovery Summary ;
--------------------
No paths to report.


-------------------
; Removal Summary ;
-------------------
No paths to report.


+-------------------------------------------------------------------------------------------------------------+
; Minimum Pulse Width Summary                                                                                 ;
+-----------------+--------+---------------+--------------------+-----------+---------------------------------+
; Clock           ; Slack  ; End Point TNS ; Failing End Points ; Type      ; Worst-Case Operating Conditions ;
+-----------------+--------+---------------+--------------------+-----------+---------------------------------+
; clk_50m~derived ; -0.899 ; -408.875      ; 650                ; Low Pulse ; Slow fix4 100C Model            ;
+-----------------+--------+---------------+--------------------+-----------+---------------------------------+
Delay Models:
Slow fix4 100C Model
Slow fix4 0C Model
Slow fix4a 0C Model
Fast fix4 0C Model


----------------------------------------------
; Metastability Summary Slow fix4 100C Model ;
----------------------------------------------
No synchronizer chains to report.


--------------------------------------------
; Metastability Summary Slow fix4 0C Model ;
--------------------------------------------
No synchronizer chains to report.


---------------------------------------------
; Metastability Summary Slow fix4a 0C Model ;
---------------------------------------------
No synchronizer chains to report.


--------------------------------------------
; Metastability Summary Fast fix4 0C Model ;
--------------------------------------------
No synchronizer chains to report.


+----------------------------------------------------------------------------------------------------------------------------------------------------------------+
; Setup Transfers                                                                                                                                                ;
+-----------------+-----------------+----------+----------+----------+----------+---------------------------+------------------+---------------------------------+
; From Clock      ; To Clock        ; RR Paths ; FR Paths ; RF Paths ; FF Paths ; Clock Pair Classification ; Worst-Case Slack ; Worst-Case Operating Conditions ;
+-----------------+-----------------+----------+----------+----------+----------+---------------------------+------------------+---------------------------------+
; clk_50m~derived ; clk_50m~derived ; 397      ; 0        ; 0        ; 0        ; Intra-Clock (Timed Safe)  ; -1.823           ; Slow fix4 0C Model              ;
+-----------------+-----------------+----------+----------+----------+----------+---------------------------+------------------+---------------------------------+
An "Asynchronous (Timed Unsafe)" transfer occurs when the From & To clocks are asynchronous and no timing constraints exist. Entries labeled "false path" only account for clock-to-clock false paths. Path-based false path counts are shown in rows with "Ignored (Not Timed)" classifications


+----------------------------------------------------------------------------------------------------------------------------------------------------------------+
; Hold Transfers                                                                                                                                                 ;
+-----------------+-----------------+----------+----------+----------+----------+---------------------------+------------------+---------------------------------+
; From Clock      ; To Clock        ; RR Paths ; FR Paths ; RF Paths ; FF Paths ; Clock Pair Classification ; Worst-Case Slack ; Worst-Case Operating Conditions ;
+-----------------+-----------------+----------+----------+----------+----------+---------------------------+------------------+---------------------------------+
; clk_50m~derived ; clk_50m~derived ; 444      ; 0        ; 0        ; 0        ; Intra-Clock (Timed Safe)  ; 0.100            ; Fast fix4 0C Model              ;
+-----------------+-----------------+----------+----------+----------+----------+---------------------------+------------------+---------------------------------+
An "Asynchronous (Timed Unsafe)" transfer occurs when the From & To clocks are asynchronous and no timing constraints exist. Entries labeled "false path" only account for clock-to-clock false paths. Path-based false path counts are shown in rows with "Ignored (Not Timed)" classifications


----------------
; Command Info ;
----------------
Report Timing: Found 10 setup paths (10 violated).  Worst case slack is -1.823 

Tcl Command:
    report_timing -setup -panel_name {Worst-Case Timing Paths||Setup||clk_50m~derived} -to_clock [get_clocks {clk_50m~derived}] -npaths 10 -detail full_path

Options:
    -to_clock [get_clocks {clk_50m~derived}] 
    -setup 
    -npaths 10 
    -detail full_path 
    -panel_name {clk_50m~derived} 

Snapshot:
    final

Delay Models:
    Slow fix4 100C Model
    Slow fix4 0C Model
    Slow fix4a 0C Model
    Fast fix4 0C Model


+---------------------------------------------------------------------------------------------------------------------------------------------------------------+
; Summary of Paths                                                                                                                                              ;
+--------+-----------------------+---------------+-----------------+-----------------+--------------+------------+------------+---------------------------------+
; Slack  ; From Node             ; To Node       ; Launch Clock    ; Latch Clock     ; Relationship ; Clock Skew ; Data Delay ; Worst-Case Operating Conditions ;
+--------+-----------------------+---------------+-----------------+-----------------+--------------+------------+------------+---------------------------------+
; -1.823 ; delay_ms[2]~DUPLICATE ; delay_cnt[23] ; clk_50m~derived ; clk_50m~derived ; 1.000        ; -0.040     ; 2.853      ; Slow fix4 0C Model              ;
; -1.823 ; delay_ms[2]~DUPLICATE ; delay_cnt[23] ; clk_50m~derived ; clk_50m~derived ; 1.000        ; -0.040     ; 2.853      ; Slow fix4 0C Model              ;
; -1.781 ; delay_ms[2]~DUPLICATE ; delay_cnt[23] ; clk_50m~derived ; clk_50m~derived ; 1.000        ; -0.040     ; 2.811      ; Slow fix4 0C Model              ;
; -1.781 ; delay_ms[2]~DUPLICATE ; delay_cnt[23] ; clk_50m~derived ; clk_50m~derived ; 1.000        ; -0.040     ; 2.811      ; Slow fix4 0C Model              ;
; -1.760 ; delay_ms[2]~DUPLICATE ; delay_cnt[23] ; clk_50m~derived ; clk_50m~derived ; 1.000        ; -0.040     ; 2.790      ; Slow fix4 0C Model              ;
; -1.760 ; delay_ms[2]~DUPLICATE ; delay_cnt[23] ; clk_50m~derived ; clk_50m~derived ; 1.000        ; -0.040     ; 2.790      ; Slow fix4 0C Model              ;
; -1.750 ; delay_ms[2]~DUPLICATE ; delay_cnt[23] ; clk_50m~derived ; clk_50m~derived ; 1.000        ; -0.040     ; 2.780      ; Slow fix4 0C Model              ;
; -1.750 ; delay_ms[2]~DUPLICATE ; delay_cnt[23] ; clk_50m~derived ; clk_50m~derived ; 1.000        ; -0.040     ; 2.780      ; Slow fix4 0C Model              ;
; -1.734 ; delay_ms[2]~DUPLICATE ; delay_cnt[23] ; clk_50m~derived ; clk_50m~derived ; 1.000        ; -0.040     ; 2.764      ; Slow fix4 0C Model              ;
; -1.734 ; delay_ms[2]~DUPLICATE ; delay_cnt[23] ; clk_50m~derived ; clk_50m~derived ; 1.000        ; -0.040     ; 2.764      ; Slow fix4 0C Model              ;
+--------+-----------------------+---------------+-----------------+-----------------+--------------+------------+------------+---------------------------------+


Path #1: Setup slack is -1.823 (VIOLATED)
===============================================================================
+------------------------------------------------------------+
; Path Summary                                               ;
+---------------------------------+--------------------------+
; Property                        ; Value                    ;
+---------------------------------+--------------------------+
; From Node                       ; delay_ms[2]~DUPLICATE    ;
; To Node                         ; delay_cnt[23]            ;
; Launch Clock                    ; clk_50m~derived          ;
; Latch Clock                     ; clk_50m~derived          ;
; SDC Exception                   ; No SDC Exception on Path ;
; Data Arrival Time               ; 7.211                    ;
; Data Required Time              ; 5.388                    ;
; Slack                           ; -1.823 (VIOLATED)        ;
; Worst-Case Operating Conditions ; Slow fix4 0C Model       ;
+---------------------------------+--------------------------+

+------------------------------------------------------------------------------------+
; Statistics                                                                         ;
+------------------------+--------+-------+-------------+------------+-------+-------+
; Property               ; Value  ; Count ; Total Delay ; % of Total ; Min   ; Max   ;
+------------------------+--------+-------+-------------+------------+-------+-------+
; Setup Relationship     ; 1.000  ;       ;             ;            ;       ;       ;
; Clock Skew             ; -0.040 ;       ;             ;            ;       ;       ;
; Data Delay             ; 2.853  ;       ;             ;            ;       ;       ;
; Number of Logic Levels ;        ; 3     ;             ;            ;       ;       ;
; Physical Delays        ;        ;       ;             ;            ;       ;       ;
;  Arrival Path          ;        ;       ;             ;            ;       ;       ;
;   Clock                ;        ;       ;             ;            ;       ;       ;
;    IC                  ;        ; 2     ; 1.921       ; 44         ; 0.000 ; 1.921 ;
;    Cell                ;        ; 3     ; 2.437       ; 56         ; 0.000 ; 1.677 ;
;   Data                 ;        ;       ;             ;            ;       ;       ;
;    IC                  ;        ; 4     ; 0.861       ; 30         ; 0.102 ; 0.454 ;
;    Cell                ;        ; 12    ; 1.677       ; 59         ; 0.000 ; 0.519 ;
;    uTco                ;        ; 1     ; 0.315       ; 11         ; 0.315 ; 0.315 ;
;  Required Path         ;        ;       ;             ;            ;       ;       ;
;   Clock                ;        ;       ;             ;            ;       ;       ;
;    IC                  ;        ; 2     ; 1.699       ; 46         ; 0.000 ; 1.699 ;
;    Cell                ;        ; 3     ; 1.999       ; 54         ; 0.000 ; 1.305 ;
+------------------------+--------+-------+-------------+------------+-------+-------+
Note: Negative delays are omitted from totals when calculating percentages

+--------------------------------------------------------------------------------------------------------------------------------------------------------------+
; Data Arrival Path                                                                                                                                            ;
+---------+---------+----+------+--------+-----------------------+--------------------+------------------------------------------------------------------------+
; Total   ; Incr    ; RF ; Type ; Fanout ; Location              ; Element Type       ; Element                                                                ;
+---------+---------+----+------+--------+-----------------------+--------------------+------------------------------------------------------------------------+
; 0.000   ; 0.000   ;    ;      ;        ;                       ;                    ; launch edge time                                                       ;
; 4.358   ; 4.358   ;    ;      ;        ;                       ;                    ; clock path                                                             ;
;   0.000 ;   0.000 ;    ;      ;        ;                       ;                    ; source latency                                                         ;
;   0.000 ;   0.000 ;    ;      ; 1      ; PIN_V16               ; I/O pad            ; clk_50m                                                                ;
;   0.000 ;   0.000 ; RR ; IC   ; 1      ; IOIBUF_X108_Y53_N779  ; I/O input buffer   ; clk_50m~input|i                                                        ;
;   0.760 ;   0.760 ; RR ; CELL ; 1      ; IOIBUF_X108_Y53_N779  ; I/O input buffer   ; clk_50m~input|o                                                        ;
;   2.437 ;   1.677 ; RR ; CELL ; 216    ; IOIBUF_X108_Y53_N779  ; I/O input buffer   ; clk_50m~input~hviowr/s414_0_1__hvioc_core_periphery__clock_to_core[11] ;
;   4.358 ;   1.921 ; RR ; IC   ; 1      ; FF_X114_Y47_N46       ; ALM Register       ; delay_ms[2]~DUPLICATE|clk                                              ;
;   4.358 ;   0.000 ; RR ; CELL ; 1      ; FF_X114_Y47_N46       ; ALM Register       ; delay_ms[2]~DUPLICATE                                                  ;
; 7.211   ; 2.853   ;    ;      ;        ;                       ;                    ; data path                                                              ;
;   4.673 ;   0.315 ; RR ; uTco ; 5      ; FF_X114_Y47_N46       ; ALM Register       ; delay_ms[2]~DUPLICATE|q                                                ;
;   5.127 ;   0.454 ; RR ; IC   ; 4      ; MLABCELL_X114_Y48_N15 ; Combinational cell ; mult_0~206|dataa                                                       ;
;   5.643 ;   0.516 ; RR ; CELL ; 1      ; MLABCELL_X114_Y48_N27 ; Combinational cell ; mult_0~146|cout                                                        ;
;   5.643 ;   0.000 ; RR ; CELL ; 3      ; MLABCELL_X114_Y48_N30 ; Combinational cell ; mult_0~151|cin                                                         ;
;   5.679 ;   0.036 ; RF ; CELL ; 1      ; MLABCELL_X114_Y48_N33 ; Combinational cell ; mult_0~161|cout                                                        ;
;   5.679 ;   0.000 ; FF ; CELL ; 3      ; MLABCELL_X114_Y48_N36 ; Combinational cell ; mult_0~166|cin                                                         ;
;   5.727 ;   0.048 ; FR ; CELL ; 1      ; MLABCELL_X114_Y48_N39 ; Combinational cell ; mult_0~91|cout                                                         ;
;   5.727 ;   0.000 ; RR ; CELL ; 1      ; MLABCELL_X114_Y48_N42 ; Combinational cell ; mult_0~96|cin                                                          ;
;   5.954 ;   0.227 ; RF ; CELL ; 1      ; MLABCELL_X114_Y48_N42 ; Combinational cell ; mult_0~96|sumout                                                       ;
;   6.104 ;   0.150 ; FF ; IC   ; 3      ; LABCELL_X115_Y48_N51  ; Combinational cell ; mult_0~6|datab                                                         ;
;   6.623 ;   0.519 ; FF ; CELL ; 1      ; LABCELL_X115_Y48_N57  ; Combinational cell ; mult_0~16|cout                                                         ;
;   6.725 ;   0.102 ; FF ; IC   ; 1      ; LABCELL_X115_Y47_N0   ; Combinational cell ; mult_0~21|cin                                                          ;
;   6.977 ;   0.252 ; FF ; CELL ; 1      ; LABCELL_X115_Y47_N0   ; Combinational cell ; mult_0~21|sumout                                                       ;
;   7.132 ;   0.155 ; FF ; IC   ; 1      ; LABCELL_X115_Y47_N21  ; Combinational cell ; i137~4|datae                                                           ;
;   7.182 ;   0.050 ; FR ; CELL ; 1      ; LABCELL_X115_Y47_N21  ; Combinational cell ; i137~4|combout                                                         ;
;   7.211 ;   0.029 ; RF ; CELL ; 1      ; FF_X115_Y47_N22       ; ALM Register       ; delay_cnt[23]|d                                                        ;
;   7.211 ;   0.000 ; FF ; CELL ; 1      ; FF_X115_Y47_N22       ; ALM Register       ; delay_cnt[23]                                                          ;
+---------+---------+----+------+--------+-----------------------+--------------------+------------------------------------------------------------------------+

+------------------------------------------------------------------------------------------------------------------------------------------------------------+
; Data Required Path                                                                                                                                         ;
+---------+----------+----+------+--------+----------------------+------------------+------------------------------------------------------------------------+
; Total   ; Incr     ; RF ; Type ; Fanout ; Location             ; Element Type     ; Element                                                                ;
+---------+----------+----+------+--------+----------------------+------------------+------------------------------------------------------------------------+
; 1.000   ; 1.000    ;    ;      ;        ;                      ;                  ; latch edge time                                                        ;
; 5.318   ; 4.318    ;    ;      ;        ;                      ;                  ; clock path                                                             ;
;   1.000 ;   0.000  ;    ;      ;        ;                      ;                  ; source latency                                                         ;
;   1.000 ;   0.000  ;    ;      ; 1      ; PIN_V16              ; I/O pad          ; clk_50m                                                                ;
;   1.000 ;   0.000  ; RR ; IC   ; 1      ; IOIBUF_X108_Y53_N779 ; I/O input buffer ; clk_50m~input|i                                                        ;
;   1.694 ;   0.694  ; RR ; CELL ; 1      ; IOIBUF_X108_Y53_N779 ; I/O input buffer ; clk_50m~input|o                                                        ;
;   2.999 ;   1.305  ; RR ; CELL ; 216    ; IOIBUF_X108_Y53_N779 ; I/O input buffer ; clk_50m~input~hviowr/s414_0_1__hvioc_core_periphery__clock_to_core[11] ;
;   4.698 ;   1.699  ; RR ; IC   ; 1      ; FF_X115_Y47_N22      ; ALM Register     ; delay_cnt[23]|clk                                                      ;
;   4.698 ;   0.000  ; RR ; CELL ; 1      ; FF_X115_Y47_N22      ; ALM Register     ; delay_cnt[23]                                                          ;
;   5.332 ;   0.634  ;    ;      ;        ;                      ;                  ; clock pessimism removed                                                ;
;   5.318 ;   -0.014 ;    ;      ;        ;                      ;                  ; advanced clock effects                                                 ;
; 5.288   ; -0.030   ;    ;      ;        ;                      ;                  ; clock uncertainty                                                      ;
; 5.388   ; 0.100    ;    ; uTsu ; 1      ; FF_X115_Y47_N22      ; ALM Register     ; delay_cnt[23]                                                          ;
+---------+----------+----+------+--------+----------------------+------------------+------------------------------------------------------------------------+



Path #2: Setup slack is -1.823 (VIOLATED)
===============================================================================
+------------------------------------------------------------+
; Path Summary                                               ;
+---------------------------------+--------------------------+
; Property                        ; Value                    ;
+---------------------------------+--------------------------+
; From Node                       ; delay_ms[2]~DUPLICATE    ;
; To Node                         ; delay_cnt[23]            ;
; Launch Clock                    ; clk_50m~derived          ;
; Latch Clock                     ; clk_50m~derived          ;
; SDC Exception                   ; No SDC Exception on Path ;
; Data Arrival Time               ; 7.211                    ;
; Data Required Time              ; 5.388                    ;
; Slack                           ; -1.823 (VIOLATED)        ;
; Worst-Case Operating Conditions ; Slow fix4 0C Model       ;
+---------------------------------+--------------------------+

+------------------------------------------------------------------------------------+
; Statistics                                                                         ;
+------------------------+--------+-------+-------------+------------+-------+-------+
; Property               ; Value  ; Count ; Total Delay ; % of Total ; Min   ; Max   ;
+------------------------+--------+-------+-------------+------------+-------+-------+
; Setup Relationship     ; 1.000  ;       ;             ;            ;       ;       ;
; Clock Skew             ; -0.040 ;       ;             ;            ;       ;       ;
; Data Delay             ; 2.853  ;       ;             ;            ;       ;       ;
; Number of Logic Levels ;        ; 3     ;             ;            ;       ;       ;
; Physical Delays        ;        ;       ;             ;            ;       ;       ;
;  Arrival Path          ;        ;       ;             ;            ;       ;       ;
;   Clock                ;        ;       ;             ;            ;       ;       ;
;    IC                  ;        ; 2     ; 1.921       ; 44         ; 0.000 ; 1.921 ;
;    Cell                ;        ; 3     ; 2.437       ; 56         ; 0.000 ; 1.677 ;
;   Data                 ;        ;       ;             ;            ;       ;       ;
;    IC                  ;        ; 4     ; 0.861       ; 30         ; 0.102 ; 0.454 ;
;    Cell                ;        ; 12    ; 1.677       ; 59         ; 0.000 ; 0.519 ;
;    uTco                ;        ; 1     ; 0.315       ; 11         ; 0.315 ; 0.315 ;
;  Required Path         ;        ;       ;             ;            ;       ;       ;
;   Clock                ;        ;       ;             ;            ;       ;       ;
;    IC                  ;        ; 2     ; 1.699       ; 46         ; 0.000 ; 1.699 ;
;    Cell                ;        ; 3     ; 1.999       ; 54         ; 0.000 ; 1.305 ;
+------------------------+--------+-------+-------------+------------+-------+-------+
Note: Negative delays are omitted from totals when calculating percentages

+--------------------------------------------------------------------------------------------------------------------------------------------------------------+
; Data Arrival Path                                                                                                                                            ;
+---------+---------+----+------+--------+-----------------------+--------------------+------------------------------------------------------------------------+
; Total   ; Incr    ; RF ; Type ; Fanout ; Location              ; Element Type       ; Element                                                                ;
+---------+---------+----+------+--------+-----------------------+--------------------+------------------------------------------------------------------------+
; 0.000   ; 0.000   ;    ;      ;        ;                       ;                    ; launch edge time                                                       ;
; 4.358   ; 4.358   ;    ;      ;        ;                       ;                    ; clock path                                                             ;
;   0.000 ;   0.000 ;    ;      ;        ;                       ;                    ; source latency                                                         ;
;   0.000 ;   0.000 ;    ;      ; 1      ; PIN_V16               ; I/O pad            ; clk_50m                                                                ;
;   0.000 ;   0.000 ; RR ; IC   ; 1      ; IOIBUF_X108_Y53_N779  ; I/O input buffer   ; clk_50m~input|i                                                        ;
;   0.760 ;   0.760 ; RR ; CELL ; 1      ; IOIBUF_X108_Y53_N779  ; I/O input buffer   ; clk_50m~input|o                                                        ;
;   2.437 ;   1.677 ; RR ; CELL ; 216    ; IOIBUF_X108_Y53_N779  ; I/O input buffer   ; clk_50m~input~hviowr/s414_0_1__hvioc_core_periphery__clock_to_core[11] ;
;   4.358 ;   1.921 ; RR ; IC   ; 1      ; FF_X114_Y47_N46       ; ALM Register       ; delay_ms[2]~DUPLICATE|clk                                              ;
;   4.358 ;   0.000 ; RR ; CELL ; 1      ; FF_X114_Y47_N46       ; ALM Register       ; delay_ms[2]~DUPLICATE                                                  ;
; 7.211   ; 2.853   ;    ;      ;        ;                       ;                    ; data path                                                              ;
;   4.673 ;   0.315 ; RR ; uTco ; 5      ; FF_X114_Y47_N46       ; ALM Register       ; delay_ms[2]~DUPLICATE|q                                                ;
;   5.127 ;   0.454 ; RR ; IC   ; 4      ; MLABCELL_X114_Y48_N12 ; Combinational cell ; mult_0~196|dataa                                                       ;
;   5.643 ;   0.516 ; RR ; CELL ; 1      ; MLABCELL_X114_Y48_N27 ; Combinational cell ; mult_0~146|cout                                                        ;
;   5.643 ;   0.000 ; RR ; CELL ; 3      ; MLABCELL_X114_Y48_N30 ; Combinational cell ; mult_0~151|cin                                                         ;
;   5.679 ;   0.036 ; RF ; CELL ; 1      ; MLABCELL_X114_Y48_N33 ; Combinational cell ; mult_0~161|cout                                                        ;
;   5.679 ;   0.000 ; FF ; CELL ; 3      ; MLABCELL_X114_Y48_N36 ; Combinational cell ; mult_0~166|cin                                                         ;
;   5.727 ;   0.048 ; FR ; CELL ; 1      ; MLABCELL_X114_Y48_N39 ; Combinational cell ; mult_0~91|cout                                                         ;
;   5.727 ;   0.000 ; RR ; CELL ; 1      ; MLABCELL_X114_Y48_N42 ; Combinational cell ; mult_0~96|cin                                                          ;
;   5.954 ;   0.227 ; RF ; CELL ; 1      ; MLABCELL_X114_Y48_N42 ; Combinational cell ; mult_0~96|sumout                                                       ;
;   6.104 ;   0.150 ; FF ; IC   ; 3      ; LABCELL_X115_Y48_N51  ; Combinational cell ; mult_0~6|datab                                                         ;
;   6.623 ;   0.519 ; FF ; CELL ; 1      ; LABCELL_X115_Y48_N57  ; Combinational cell ; mult_0~16|cout                                                         ;
;   6.725 ;   0.102 ; FF ; IC   ; 1      ; LABCELL_X115_Y47_N0   ; Combinational cell ; mult_0~21|cin                                                          ;
;   6.977 ;   0.252 ; FF ; CELL ; 1      ; LABCELL_X115_Y47_N0   ; Combinational cell ; mult_0~21|sumout                                                       ;
;   7.132 ;   0.155 ; FF ; IC   ; 1      ; LABCELL_X115_Y47_N21  ; Combinational cell ; i137~4|datae                                                           ;
;   7.182 ;   0.050 ; FR ; CELL ; 1      ; LABCELL_X115_Y47_N21  ; Combinational cell ; i137~4|combout                                                         ;
;   7.211 ;   0.029 ; RF ; CELL ; 1      ; FF_X115_Y47_N22       ; ALM Register       ; delay_cnt[23]|d                                                        ;
;   7.211 ;   0.000 ; FF ; CELL ; 1      ; FF_X115_Y47_N22       ; ALM Register       ; delay_cnt[23]                                                          ;
+---------+---------+----+------+--------+-----------------------+--------------------+------------------------------------------------------------------------+

+------------------------------------------------------------------------------------------------------------------------------------------------------------+
; Data Required Path                                                                                                                                         ;
+---------+----------+----+------+--------+----------------------+------------------+------------------------------------------------------------------------+
; Total   ; Incr     ; RF ; Type ; Fanout ; Location             ; Element Type     ; Element                                                                ;
+---------+----------+----+------+--------+----------------------+------------------+------------------------------------------------------------------------+
; 1.000   ; 1.000    ;    ;      ;        ;                      ;                  ; latch edge time                                                        ;
; 5.318   ; 4.318    ;    ;      ;        ;                      ;                  ; clock path                                                             ;
;   1.000 ;   0.000  ;    ;      ;        ;                      ;                  ; source latency                                                         ;
;   1.000 ;   0.000  ;    ;      ; 1      ; PIN_V16              ; I/O pad          ; clk_50m                                                                ;
;   1.000 ;   0.000  ; RR ; IC   ; 1      ; IOIBUF_X108_Y53_N779 ; I/O input buffer ; clk_50m~input|i                                                        ;
;   1.694 ;   0.694  ; RR ; CELL ; 1      ; IOIBUF_X108_Y53_N779 ; I/O input buffer ; clk_50m~input|o                                                        ;
;   2.999 ;   1.305  ; RR ; CELL ; 216    ; IOIBUF_X108_Y53_N779 ; I/O input buffer ; clk_50m~input~hviowr/s414_0_1__hvioc_core_periphery__clock_to_core[11] ;
;   4.698 ;   1.699  ; RR ; IC   ; 1      ; FF_X115_Y47_N22      ; ALM Register     ; delay_cnt[23]|clk                                                      ;
;   4.698 ;   0.000  ; RR ; CELL ; 1      ; FF_X115_Y47_N22      ; ALM Register     ; delay_cnt[23]                                                          ;
;   5.332 ;   0.634  ;    ;      ;        ;                      ;                  ; clock pessimism removed                                                ;
;   5.318 ;   -0.014 ;    ;      ;        ;                      ;                  ; advanced clock effects                                                 ;
; 5.288   ; -0.030   ;    ;      ;        ;                      ;                  ; clock uncertainty                                                      ;
; 5.388   ; 0.100    ;    ; uTsu ; 1      ; FF_X115_Y47_N22      ; ALM Register     ; delay_cnt[23]                                                          ;
+---------+----------+----+------+--------+----------------------+------------------+------------------------------------------------------------------------+



Path #3: Setup slack is -1.781 (VIOLATED)
===============================================================================
+------------------------------------------------------------+
; Path Summary                                               ;
+---------------------------------+--------------------------+
; Property                        ; Value                    ;
+---------------------------------+--------------------------+
; From Node                       ; delay_ms[2]~DUPLICATE    ;
; To Node                         ; delay_cnt[23]            ;
; Launch Clock                    ; clk_50m~derived          ;
; Latch Clock                     ; clk_50m~derived          ;
; SDC Exception                   ; No SDC Exception on Path ;
; Data Arrival Time               ; 7.169                    ;
; Data Required Time              ; 5.388                    ;
; Slack                           ; -1.781 (VIOLATED)        ;
; Worst-Case Operating Conditions ; Slow fix4 0C Model       ;
+---------------------------------+--------------------------+

+------------------------------------------------------------------------------------+
; Statistics                                                                         ;
+------------------------+--------+-------+-------------+------------+-------+-------+
; Property               ; Value  ; Count ; Total Delay ; % of Total ; Min   ; Max   ;
+------------------------+--------+-------+-------------+------------+-------+-------+
; Setup Relationship     ; 1.000  ;       ;             ;            ;       ;       ;
; Clock Skew             ; -0.040 ;       ;             ;            ;       ;       ;
; Data Delay             ; 2.811  ;       ;             ;            ;       ;       ;
; Number of Logic Levels ;        ; 3     ;             ;            ;       ;       ;
; Physical Delays        ;        ;       ;             ;            ;       ;       ;
;  Arrival Path          ;        ;       ;             ;            ;       ;       ;
;   Clock                ;        ;       ;             ;            ;       ;       ;
;    IC                  ;        ; 2     ; 1.921       ; 44         ; 0.000 ; 1.921 ;
;    Cell                ;        ; 3     ; 2.437       ; 56         ; 0.000 ; 1.677 ;
;   Data                 ;        ;       ;             ;            ;       ;       ;
;    IC                  ;        ; 4     ; 0.861       ; 31         ; 0.102 ; 0.454 ;
;    Cell                ;        ; 16    ; 1.635       ; 58         ; 0.000 ; 0.519 ;
;    uTco                ;        ; 1     ; 0.315       ; 11         ; 0.315 ; 0.315 ;
;  Required Path         ;        ;       ;             ;            ;       ;       ;
;   Clock                ;        ;       ;             ;            ;       ;       ;
;    IC                  ;        ; 2     ; 1.699       ; 46         ; 0.000 ; 1.699 ;
;    Cell                ;        ; 3     ; 1.999       ; 54         ; 0.000 ; 1.305 ;
+------------------------+--------+-------+-------------+------------+-------+-------+
Note: Negative delays are omitted from totals when calculating percentages

+--------------------------------------------------------------------------------------------------------------------------------------------------------------+
; Data Arrival Path                                                                                                                                            ;
+---------+---------+----+------+--------+-----------------------+--------------------+------------------------------------------------------------------------+
; Total   ; Incr    ; RF ; Type ; Fanout ; Location              ; Element Type       ; Element                                                                ;
+---------+---------+----+------+--------+-----------------------+--------------------+------------------------------------------------------------------------+
; 0.000   ; 0.000   ;    ;      ;        ;                       ;                    ; launch edge time                                                       ;
; 4.358   ; 4.358   ;    ;      ;        ;                       ;                    ; clock path                                                             ;
;   0.000 ;   0.000 ;    ;      ;        ;                       ;                    ; source latency                                                         ;
;   0.000 ;   0.000 ;    ;      ; 1      ; PIN_V16               ; I/O pad            ; clk_50m                                                                ;
;   0.000 ;   0.000 ; RR ; IC   ; 1      ; IOIBUF_X108_Y53_N779  ; I/O input buffer   ; clk_50m~input|i                                                        ;
;   0.760 ;   0.760 ; RR ; CELL ; 1      ; IOIBUF_X108_Y53_N779  ; I/O input buffer   ; clk_50m~input|o                                                        ;
;   2.437 ;   1.677 ; RR ; CELL ; 216    ; IOIBUF_X108_Y53_N779  ; I/O input buffer   ; clk_50m~input~hviowr/s414_0_1__hvioc_core_periphery__clock_to_core[11] ;
;   4.358 ;   1.921 ; RR ; IC   ; 1      ; FF_X114_Y47_N46       ; ALM Register       ; delay_ms[2]~DUPLICATE|clk                                              ;
;   4.358 ;   0.000 ; RR ; CELL ; 1      ; FF_X114_Y47_N46       ; ALM Register       ; delay_ms[2]~DUPLICATE                                                  ;
; 7.169   ; 2.811   ;    ;      ;        ;                       ;                    ; data path                                                              ;
;   4.673 ;   0.315 ; RR ; uTco ; 5      ; FF_X114_Y47_N46       ; ALM Register       ; delay_ms[2]~DUPLICATE|q                                                ;
;   5.127 ;   0.454 ; RR ; IC   ; 4      ; MLABCELL_X114_Y48_N15 ; Combinational cell ; mult_0~206|dataa                                                       ;
;   5.433 ;   0.306 ; RF ; CELL ; 1      ; MLABCELL_X114_Y48_N15 ; Combinational cell ; mult_0~206|cout                                                        ;
;   5.433 ;   0.000 ; FF ; CELL ; 3      ; MLABCELL_X114_Y48_N18 ; Combinational cell ; mult_0~211|cin                                                         ;
;   5.481 ;   0.048 ; FR ; CELL ; 1      ; MLABCELL_X114_Y48_N21 ; Combinational cell ; mult_0~126|cout                                                        ;
;   5.481 ;   0.000 ; RR ; CELL ; 3      ; MLABCELL_X114_Y48_N24 ; Combinational cell ; mult_0~131|cin                                                         ;
;   5.601 ;   0.120 ; RR ; CELL ; 1      ; MLABCELL_X114_Y48_N27 ; Combinational cell ; mult_0~146|cout                                                        ;
;   5.601 ;   0.000 ; RR ; CELL ; 3      ; MLABCELL_X114_Y48_N30 ; Combinational cell ; mult_0~151|cin                                                         ;
;   5.637 ;   0.036 ; RF ; CELL ; 1      ; MLABCELL_X114_Y48_N33 ; Combinational cell ; mult_0~161|cout                                                        ;
;   5.637 ;   0.000 ; FF ; CELL ; 3      ; MLABCELL_X114_Y48_N36 ; Combinational cell ; mult_0~166|cin                                                         ;
;   5.685 ;   0.048 ; FR ; CELL ; 1      ; MLABCELL_X114_Y48_N39 ; Combinational cell ; mult_0~91|cout                                                         ;
;   5.685 ;   0.000 ; RR ; CELL ; 1      ; MLABCELL_X114_Y48_N42 ; Combinational cell ; mult_0~96|cin                                                          ;
;   5.912 ;   0.227 ; RF ; CELL ; 1      ; MLABCELL_X114_Y48_N42 ; Combinational cell ; mult_0~96|sumout                                                       ;
;   6.062 ;   0.150 ; FF ; IC   ; 3      ; LABCELL_X115_Y48_N51  ; Combinational cell ; mult_0~6|datab                                                         ;
;   6.581 ;   0.519 ; FF ; CELL ; 1      ; LABCELL_X115_Y48_N57  ; Combinational cell ; mult_0~16|cout                                                         ;
;   6.683 ;   0.102 ; FF ; IC   ; 1      ; LABCELL_X115_Y47_N0   ; Combinational cell ; mult_0~21|cin                                                          ;
;   6.935 ;   0.252 ; FF ; CELL ; 1      ; LABCELL_X115_Y47_N0   ; Combinational cell ; mult_0~21|sumout                                                       ;
;   7.090 ;   0.155 ; FF ; IC   ; 1      ; LABCELL_X115_Y47_N21  ; Combinational cell ; i137~4|datae                                                           ;
;   7.140 ;   0.050 ; FR ; CELL ; 1      ; LABCELL_X115_Y47_N21  ; Combinational cell ; i137~4|combout                                                         ;
;   7.169 ;   0.029 ; RF ; CELL ; 1      ; FF_X115_Y47_N22       ; ALM Register       ; delay_cnt[23]|d                                                        ;
;   7.169 ;   0.000 ; FF ; CELL ; 1      ; FF_X115_Y47_N22       ; ALM Register       ; delay_cnt[23]                                                          ;
+---------+---------+----+------+--------+-----------------------+--------------------+------------------------------------------------------------------------+

+------------------------------------------------------------------------------------------------------------------------------------------------------------+
; Data Required Path                                                                                                                                         ;
+---------+----------+----+------+--------+----------------------+------------------+------------------------------------------------------------------------+
; Total   ; Incr     ; RF ; Type ; Fanout ; Location             ; Element Type     ; Element                                                                ;
+---------+----------+----+------+--------+----------------------+------------------+------------------------------------------------------------------------+
; 1.000   ; 1.000    ;    ;      ;        ;                      ;                  ; latch edge time                                                        ;
; 5.318   ; 4.318    ;    ;      ;        ;                      ;                  ; clock path                                                             ;
;   1.000 ;   0.000  ;    ;      ;        ;                      ;                  ; source latency                                                         ;
;   1.000 ;   0.000  ;    ;      ; 1      ; PIN_V16              ; I/O pad          ; clk_50m                                                                ;
;   1.000 ;   0.000  ; RR ; IC   ; 1      ; IOIBUF_X108_Y53_N779 ; I/O input buffer ; clk_50m~input|i                                                        ;
;   1.694 ;   0.694  ; RR ; CELL ; 1      ; IOIBUF_X108_Y53_N779 ; I/O input buffer ; clk_50m~input|o                                                        ;
;   2.999 ;   1.305  ; RR ; CELL ; 216    ; IOIBUF_X108_Y53_N779 ; I/O input buffer ; clk_50m~input~hviowr/s414_0_1__hvioc_core_periphery__clock_to_core[11] ;
;   4.698 ;   1.699  ; RR ; IC   ; 1      ; FF_X115_Y47_N22      ; ALM Register     ; delay_cnt[23]|clk                                                      ;
;   4.698 ;   0.000  ; RR ; CELL ; 1      ; FF_X115_Y47_N22      ; ALM Register     ; delay_cnt[23]                                                          ;
;   5.332 ;   0.634  ;    ;      ;        ;                      ;                  ; clock pessimism removed                                                ;
;   5.318 ;   -0.014 ;    ;      ;        ;                      ;                  ; advanced clock effects                                                 ;
; 5.288   ; -0.030   ;    ;      ;        ;                      ;                  ; clock uncertainty                                                      ;
; 5.388   ; 0.100    ;    ; uTsu ; 1      ; FF_X115_Y47_N22      ; ALM Register     ; delay_cnt[23]                                                          ;
+---------+----------+----+------+--------+----------------------+------------------+------------------------------------------------------------------------+



Path #4: Setup slack is -1.781 (VIOLATED)
===============================================================================
+------------------------------------------------------------+
; Path Summary                                               ;
+---------------------------------+--------------------------+
; Property                        ; Value                    ;
+---------------------------------+--------------------------+
; From Node                       ; delay_ms[2]~DUPLICATE    ;
; To Node                         ; delay_cnt[23]            ;
; Launch Clock                    ; clk_50m~derived          ;
; Latch Clock                     ; clk_50m~derived          ;
; SDC Exception                   ; No SDC Exception on Path ;
; Data Arrival Time               ; 7.169                    ;
; Data Required Time              ; 5.388                    ;
; Slack                           ; -1.781 (VIOLATED)        ;
; Worst-Case Operating Conditions ; Slow fix4 0C Model       ;
+---------------------------------+--------------------------+

+------------------------------------------------------------------------------------+
; Statistics                                                                         ;
+------------------------+--------+-------+-------------+------------+-------+-------+
; Property               ; Value  ; Count ; Total Delay ; % of Total ; Min   ; Max   ;
+------------------------+--------+-------+-------------+------------+-------+-------+
; Setup Relationship     ; 1.000  ;       ;             ;            ;       ;       ;
; Clock Skew             ; -0.040 ;       ;             ;            ;       ;       ;
; Data Delay             ; 2.811  ;       ;             ;            ;       ;       ;
; Number of Logic Levels ;        ; 3     ;             ;            ;       ;       ;
; Physical Delays        ;        ;       ;             ;            ;       ;       ;
;  Arrival Path          ;        ;       ;             ;            ;       ;       ;
;   Clock                ;        ;       ;             ;            ;       ;       ;
;    IC                  ;        ; 2     ; 1.921       ; 44         ; 0.000 ; 1.921 ;
;    Cell                ;        ; 3     ; 2.437       ; 56         ; 0.000 ; 1.677 ;
;   Data                 ;        ;       ;             ;            ;       ;       ;
;    IC                  ;        ; 4     ; 0.861       ; 31         ; 0.102 ; 0.454 ;
;    Cell                ;        ; 16    ; 1.635       ; 58         ; 0.000 ; 0.519 ;
;    uTco                ;        ; 1     ; 0.315       ; 11         ; 0.315 ; 0.315 ;
;  Required Path         ;        ;       ;             ;            ;       ;       ;
;   Clock                ;        ;       ;             ;            ;       ;       ;
;    IC                  ;        ; 2     ; 1.699       ; 46         ; 0.000 ; 1.699 ;
;    Cell                ;        ; 3     ; 1.999       ; 54         ; 0.000 ; 1.305 ;
+------------------------+--------+-------+-------------+------------+-------+-------+
Note: Negative delays are omitted from totals when calculating percentages

+--------------------------------------------------------------------------------------------------------------------------------------------------------------+
; Data Arrival Path                                                                                                                                            ;
+---------+---------+----+------+--------+-----------------------+--------------------+------------------------------------------------------------------------+
; Total   ; Incr    ; RF ; Type ; Fanout ; Location              ; Element Type       ; Element                                                                ;
+---------+---------+----+------+--------+-----------------------+--------------------+------------------------------------------------------------------------+
; 0.000   ; 0.000   ;    ;      ;        ;                       ;                    ; launch edge time                                                       ;
; 4.358   ; 4.358   ;    ;      ;        ;                       ;                    ; clock path                                                             ;
;   0.000 ;   0.000 ;    ;      ;        ;                       ;                    ; source latency                                                         ;
;   0.000 ;   0.000 ;    ;      ; 1      ; PIN_V16               ; I/O pad            ; clk_50m                                                                ;
;   0.000 ;   0.000 ; RR ; IC   ; 1      ; IOIBUF_X108_Y53_N779  ; I/O input buffer   ; clk_50m~input|i                                                        ;
;   0.760 ;   0.760 ; RR ; CELL ; 1      ; IOIBUF_X108_Y53_N779  ; I/O input buffer   ; clk_50m~input|o                                                        ;
;   2.437 ;   1.677 ; RR ; CELL ; 216    ; IOIBUF_X108_Y53_N779  ; I/O input buffer   ; clk_50m~input~hviowr/s414_0_1__hvioc_core_periphery__clock_to_core[11] ;
;   4.358 ;   1.921 ; RR ; IC   ; 1      ; FF_X114_Y47_N46       ; ALM Register       ; delay_ms[2]~DUPLICATE|clk                                              ;
;   4.358 ;   0.000 ; RR ; CELL ; 1      ; FF_X114_Y47_N46       ; ALM Register       ; delay_ms[2]~DUPLICATE                                                  ;
; 7.169   ; 2.811   ;    ;      ;        ;                       ;                    ; data path                                                              ;
;   4.673 ;   0.315 ; RR ; uTco ; 5      ; FF_X114_Y47_N46       ; ALM Register       ; delay_ms[2]~DUPLICATE|q                                                ;
;   5.127 ;   0.454 ; RR ; IC   ; 4      ; MLABCELL_X114_Y48_N12 ; Combinational cell ; mult_0~196|dataa                                                       ;
;   5.433 ;   0.306 ; RF ; CELL ; 1      ; MLABCELL_X114_Y48_N15 ; Combinational cell ; mult_0~206|cout                                                        ;
;   5.433 ;   0.000 ; FF ; CELL ; 3      ; MLABCELL_X114_Y48_N18 ; Combinational cell ; mult_0~211|cin                                                         ;
;   5.481 ;   0.048 ; FR ; CELL ; 1      ; MLABCELL_X114_Y48_N21 ; Combinational cell ; mult_0~126|cout                                                        ;
;   5.481 ;   0.000 ; RR ; CELL ; 3      ; MLABCELL_X114_Y48_N24 ; Combinational cell ; mult_0~131|cin                                                         ;
;   5.601 ;   0.120 ; RR ; CELL ; 1      ; MLABCELL_X114_Y48_N27 ; Combinational cell ; mult_0~146|cout                                                        ;
;   5.601 ;   0.000 ; RR ; CELL ; 3      ; MLABCELL_X114_Y48_N30 ; Combinational cell ; mult_0~151|cin                                                         ;
;   5.637 ;   0.036 ; RF ; CELL ; 1      ; MLABCELL_X114_Y48_N33 ; Combinational cell ; mult_0~161|cout                                                        ;
;   5.637 ;   0.000 ; FF ; CELL ; 3      ; MLABCELL_X114_Y48_N36 ; Combinational cell ; mult_0~166|cin                                                         ;
;   5.685 ;   0.048 ; FR ; CELL ; 1      ; MLABCELL_X114_Y48_N39 ; Combinational cell ; mult_0~91|cout                                                         ;
;   5.685 ;   0.000 ; RR ; CELL ; 1      ; MLABCELL_X114_Y48_N42 ; Combinational cell ; mult_0~96|cin                                                          ;
;   5.912 ;   0.227 ; RF ; CELL ; 1      ; MLABCELL_X114_Y48_N42 ; Combinational cell ; mult_0~96|sumout                                                       ;
;   6.062 ;   0.150 ; FF ; IC   ; 3      ; LABCELL_X115_Y48_N51  ; Combinational cell ; mult_0~6|datab                                                         ;
;   6.581 ;   0.519 ; FF ; CELL ; 1      ; LABCELL_X115_Y48_N57  ; Combinational cell ; mult_0~16|cout                                                         ;
;   6.683 ;   0.102 ; FF ; IC   ; 1      ; LABCELL_X115_Y47_N0   ; Combinational cell ; mult_0~21|cin                                                          ;
;   6.935 ;   0.252 ; FF ; CELL ; 1      ; LABCELL_X115_Y47_N0   ; Combinational cell ; mult_0~21|sumout                                                       ;
;   7.090 ;   0.155 ; FF ; IC   ; 1      ; LABCELL_X115_Y47_N21  ; Combinational cell ; i137~4|datae                                                           ;
;   7.140 ;   0.050 ; FR ; CELL ; 1      ; LABCELL_X115_Y47_N21  ; Combinational cell ; i137~4|combout                                                         ;
;   7.169 ;   0.029 ; RF ; CELL ; 1      ; FF_X115_Y47_N22       ; ALM Register       ; delay_cnt[23]|d                                                        ;
;   7.169 ;   0.000 ; FF ; CELL ; 1      ; FF_X115_Y47_N22       ; ALM Register       ; delay_cnt[23]                                                          ;
+---------+---------+----+------+--------+-----------------------+--------------------+------------------------------------------------------------------------+

+------------------------------------------------------------------------------------------------------------------------------------------------------------+
; Data Required Path                                                                                                                                         ;
+---------+----------+----+------+--------+----------------------+------------------+------------------------------------------------------------------------+
; Total   ; Incr     ; RF ; Type ; Fanout ; Location             ; Element Type     ; Element                                                                ;
+---------+----------+----+------+--------+----------------------+------------------+------------------------------------------------------------------------+
; 1.000   ; 1.000    ;    ;      ;        ;                      ;                  ; latch edge time                                                        ;
; 5.318   ; 4.318    ;    ;      ;        ;                      ;                  ; clock path                                                             ;
;   1.000 ;   0.000  ;    ;      ;        ;                      ;                  ; source latency                                                         ;
;   1.000 ;   0.000  ;    ;      ; 1      ; PIN_V16              ; I/O pad          ; clk_50m                                                                ;
;   1.000 ;   0.000  ; RR ; IC   ; 1      ; IOIBUF_X108_Y53_N779 ; I/O input buffer ; clk_50m~input|i                                                        ;
;   1.694 ;   0.694  ; RR ; CELL ; 1      ; IOIBUF_X108_Y53_N779 ; I/O input buffer ; clk_50m~input|o                                                        ;
;   2.999 ;   1.305  ; RR ; CELL ; 216    ; IOIBUF_X108_Y53_N779 ; I/O input buffer ; clk_50m~input~hviowr/s414_0_1__hvioc_core_periphery__clock_to_core[11] ;
;   4.698 ;   1.699  ; RR ; IC   ; 1      ; FF_X115_Y47_N22      ; ALM Register     ; delay_cnt[23]|clk                                                      ;
;   4.698 ;   0.000  ; RR ; CELL ; 1      ; FF_X115_Y47_N22      ; ALM Register     ; delay_cnt[23]                                                          ;
;   5.332 ;   0.634  ;    ;      ;        ;                      ;                  ; clock pessimism removed                                                ;
;   5.318 ;   -0.014 ;    ;      ;        ;                      ;                  ; advanced clock effects                                                 ;
; 5.288   ; -0.030   ;    ;      ;        ;                      ;                  ; clock uncertainty                                                      ;
; 5.388   ; 0.100    ;    ; uTsu ; 1      ; FF_X115_Y47_N22      ; ALM Register     ; delay_cnt[23]                                                          ;
+---------+----------+----+------+--------+----------------------+------------------+------------------------------------------------------------------------+



Path #5: Setup slack is -1.760 (VIOLATED)
===============================================================================
+------------------------------------------------------------+
; Path Summary                                               ;
+---------------------------------+--------------------------+
; Property                        ; Value                    ;
+---------------------------------+--------------------------+
; From Node                       ; delay_ms[2]~DUPLICATE    ;
; To Node                         ; delay_cnt[23]            ;
; Launch Clock                    ; clk_50m~derived          ;
; Latch Clock                     ; clk_50m~derived          ;
; SDC Exception                   ; No SDC Exception on Path ;
; Data Arrival Time               ; 7.148                    ;
; Data Required Time              ; 5.388                    ;
; Slack                           ; -1.760 (VIOLATED)        ;
; Worst-Case Operating Conditions ; Slow fix4 0C Model       ;
+---------------------------------+--------------------------+

+------------------------------------------------------------------------------------+
; Statistics                                                                         ;
+------------------------+--------+-------+-------------+------------+-------+-------+
; Property               ; Value  ; Count ; Total Delay ; % of Total ; Min   ; Max   ;
+------------------------+--------+-------+-------------+------------+-------+-------+
; Setup Relationship     ; 1.000  ;       ;             ;            ;       ;       ;
; Clock Skew             ; -0.040 ;       ;             ;            ;       ;       ;
; Data Delay             ; 2.790  ;       ;             ;            ;       ;       ;
; Number of Logic Levels ;        ; 3     ;             ;            ;       ;       ;
; Physical Delays        ;        ;       ;             ;            ;       ;       ;
;  Arrival Path          ;        ;       ;             ;            ;       ;       ;
;   Clock                ;        ;       ;             ;            ;       ;       ;
;    IC                  ;        ; 2     ; 1.921       ; 44         ; 0.000 ; 1.921 ;
;    Cell                ;        ; 3     ; 2.437       ; 56         ; 0.000 ; 1.677 ;
;   Data                 ;        ;       ;             ;            ;       ;       ;
;    IC                  ;        ; 4     ; 0.889       ; 32         ; 0.102 ; 0.454 ;
;    Cell                ;        ; 10    ; 1.586       ; 57         ; 0.000 ; 0.516 ;
;    uTco                ;        ; 1     ; 0.315       ; 11         ; 0.315 ; 0.315 ;
;  Required Path         ;        ;       ;             ;            ;       ;       ;
;   Clock                ;        ;       ;             ;            ;       ;       ;
;    IC                  ;        ; 2     ; 1.699       ; 46         ; 0.000 ; 1.699 ;
;    Cell                ;        ; 3     ; 1.999       ; 54         ; 0.000 ; 1.305 ;
+------------------------+--------+-------+-------------+------------+-------+-------+
Note: Negative delays are omitted from totals when calculating percentages

+--------------------------------------------------------------------------------------------------------------------------------------------------------------+
; Data Arrival Path                                                                                                                                            ;
+---------+---------+----+------+--------+-----------------------+--------------------+------------------------------------------------------------------------+
; Total   ; Incr    ; RF ; Type ; Fanout ; Location              ; Element Type       ; Element                                                                ;
+---------+---------+----+------+--------+-----------------------+--------------------+------------------------------------------------------------------------+
; 0.000   ; 0.000   ;    ;      ;        ;                       ;                    ; launch edge time                                                       ;
; 4.358   ; 4.358   ;    ;      ;        ;                       ;                    ; clock path                                                             ;
;   0.000 ;   0.000 ;    ;      ;        ;                       ;                    ; source latency                                                         ;
;   0.000 ;   0.000 ;    ;      ; 1      ; PIN_V16               ; I/O pad            ; clk_50m                                                                ;
;   0.000 ;   0.000 ; RR ; IC   ; 1      ; IOIBUF_X108_Y53_N779  ; I/O input buffer   ; clk_50m~input|i                                                        ;
;   0.760 ;   0.760 ; RR ; CELL ; 1      ; IOIBUF_X108_Y53_N779  ; I/O input buffer   ; clk_50m~input|o                                                        ;
;   2.437 ;   1.677 ; RR ; CELL ; 216    ; IOIBUF_X108_Y53_N779  ; I/O input buffer   ; clk_50m~input~hviowr/s414_0_1__hvioc_core_periphery__clock_to_core[11] ;
;   4.358 ;   1.921 ; RR ; IC   ; 1      ; FF_X114_Y47_N46       ; ALM Register       ; delay_ms[2]~DUPLICATE|clk                                              ;
;   4.358 ;   0.000 ; RR ; CELL ; 1      ; FF_X114_Y47_N46       ; ALM Register       ; delay_ms[2]~DUPLICATE                                                  ;
; 7.148   ; 2.790   ;    ;      ;        ;                       ;                    ; data path                                                              ;
;   4.673 ;   0.315 ; RR ; uTco ; 5      ; FF_X114_Y47_N46       ; ALM Register       ; delay_ms[2]~DUPLICATE|q                                                ;
;   5.127 ;   0.454 ; RR ; IC   ; 4      ; MLABCELL_X114_Y48_N15 ; Combinational cell ; mult_0~206|dataa                                                       ;
;   5.643 ;   0.516 ; RR ; CELL ; 1      ; MLABCELL_X114_Y48_N27 ; Combinational cell ; mult_0~146|cout                                                        ;
;   5.643 ;   0.000 ; RR ; CELL ; 3      ; MLABCELL_X114_Y48_N30 ; Combinational cell ; mult_0~151|cin                                                         ;
;   5.679 ;   0.036 ; RF ; CELL ; 1      ; MLABCELL_X114_Y48_N33 ; Combinational cell ; mult_0~161|cout                                                        ;
;   5.679 ;   0.000 ; FF ; CELL ; 3      ; MLABCELL_X114_Y48_N36 ; Combinational cell ; mult_0~166|cin                                                         ;
;   5.902 ;   0.223 ; FR ; CELL ; 1      ; MLABCELL_X114_Y48_N36 ; Combinational cell ; mult_0~166|sumout                                                      ;
;   6.080 ;   0.178 ; RR ; IC   ; 3      ; LABCELL_X115_Y48_N45  ; Combinational cell ; mult_0~51|datac                                                        ;
;   6.560 ;   0.480 ; RF ; CELL ; 1      ; LABCELL_X115_Y48_N57  ; Combinational cell ; mult_0~16|cout                                                         ;
;   6.662 ;   0.102 ; FF ; IC   ; 1      ; LABCELL_X115_Y47_N0   ; Combinational cell ; mult_0~21|cin                                                          ;
;   6.914 ;   0.252 ; FF ; CELL ; 1      ; LABCELL_X115_Y47_N0   ; Combinational cell ; mult_0~21|sumout                                                       ;
;   7.069 ;   0.155 ; FF ; IC   ; 1      ; LABCELL_X115_Y47_N21  ; Combinational cell ; i137~4|datae                                                           ;
;   7.119 ;   0.050 ; FR ; CELL ; 1      ; LABCELL_X115_Y47_N21  ; Combinational cell ; i137~4|combout                                                         ;
;   7.148 ;   0.029 ; RF ; CELL ; 1      ; FF_X115_Y47_N22       ; ALM Register       ; delay_cnt[23]|d                                                        ;
;   7.148 ;   0.000 ; FF ; CELL ; 1      ; FF_X115_Y47_N22       ; ALM Register       ; delay_cnt[23]                                                          ;
+---------+---------+----+------+--------+-----------------------+--------------------+------------------------------------------------------------------------+

+------------------------------------------------------------------------------------------------------------------------------------------------------------+
; Data Required Path                                                                                                                                         ;
+---------+----------+----+------+--------+----------------------+------------------+------------------------------------------------------------------------+
; Total   ; Incr     ; RF ; Type ; Fanout ; Location             ; Element Type     ; Element                                                                ;
+---------+----------+----+------+--------+----------------------+------------------+------------------------------------------------------------------------+
; 1.000   ; 1.000    ;    ;      ;        ;                      ;                  ; latch edge time                                                        ;
; 5.318   ; 4.318    ;    ;      ;        ;                      ;                  ; clock path                                                             ;
;   1.000 ;   0.000  ;    ;      ;        ;                      ;                  ; source latency                                                         ;
;   1.000 ;   0.000  ;    ;      ; 1      ; PIN_V16              ; I/O pad          ; clk_50m                                                                ;
;   1.000 ;   0.000  ; RR ; IC   ; 1      ; IOIBUF_X108_Y53_N779 ; I/O input buffer ; clk_50m~input|i                                                        ;
;   1.694 ;   0.694  ; RR ; CELL ; 1      ; IOIBUF_X108_Y53_N779 ; I/O input buffer ; clk_50m~input|o                                                        ;
;   2.999 ;   1.305  ; RR ; CELL ; 216    ; IOIBUF_X108_Y53_N779 ; I/O input buffer ; clk_50m~input~hviowr/s414_0_1__hvioc_core_periphery__clock_to_core[11] ;
;   4.698 ;   1.699  ; RR ; IC   ; 1      ; FF_X115_Y47_N22      ; ALM Register     ; delay_cnt[23]|clk                                                      ;
;   4.698 ;   0.000  ; RR ; CELL ; 1      ; FF_X115_Y47_N22      ; ALM Register     ; delay_cnt[23]                                                          ;
;   5.332 ;   0.634  ;    ;      ;        ;                      ;                  ; clock pessimism removed                                                ;
;   5.318 ;   -0.014 ;    ;      ;        ;                      ;                  ; advanced clock effects                                                 ;
; 5.288   ; -0.030   ;    ;      ;        ;                      ;                  ; clock uncertainty                                                      ;
; 5.388   ; 0.100    ;    ; uTsu ; 1      ; FF_X115_Y47_N22      ; ALM Register     ; delay_cnt[23]                                                          ;
+---------+----------+----+------+--------+----------------------+------------------+------------------------------------------------------------------------+



Path #6: Setup slack is -1.760 (VIOLATED)
===============================================================================
+------------------------------------------------------------+
; Path Summary                                               ;
+---------------------------------+--------------------------+
; Property                        ; Value                    ;
+---------------------------------+--------------------------+
; From Node                       ; delay_ms[2]~DUPLICATE    ;
; To Node                         ; delay_cnt[23]            ;
; Launch Clock                    ; clk_50m~derived          ;
; Latch Clock                     ; clk_50m~derived          ;
; SDC Exception                   ; No SDC Exception on Path ;
; Data Arrival Time               ; 7.148                    ;
; Data Required Time              ; 5.388                    ;
; Slack                           ; -1.760 (VIOLATED)        ;
; Worst-Case Operating Conditions ; Slow fix4 0C Model       ;
+---------------------------------+--------------------------+

+------------------------------------------------------------------------------------+
; Statistics                                                                         ;
+------------------------+--------+-------+-------------+------------+-------+-------+
; Property               ; Value  ; Count ; Total Delay ; % of Total ; Min   ; Max   ;
+------------------------+--------+-------+-------------+------------+-------+-------+
; Setup Relationship     ; 1.000  ;       ;             ;            ;       ;       ;
; Clock Skew             ; -0.040 ;       ;             ;            ;       ;       ;
; Data Delay             ; 2.790  ;       ;             ;            ;       ;       ;
; Number of Logic Levels ;        ; 3     ;             ;            ;       ;       ;
; Physical Delays        ;        ;       ;             ;            ;       ;       ;
;  Arrival Path          ;        ;       ;             ;            ;       ;       ;
;   Clock                ;        ;       ;             ;            ;       ;       ;
;    IC                  ;        ; 2     ; 1.921       ; 44         ; 0.000 ; 1.921 ;
;    Cell                ;        ; 3     ; 2.437       ; 56         ; 0.000 ; 1.677 ;
;   Data                 ;        ;       ;             ;            ;       ;       ;
;    IC                  ;        ; 4     ; 0.889       ; 32         ; 0.102 ; 0.454 ;
;    Cell                ;        ; 10    ; 1.586       ; 57         ; 0.000 ; 0.516 ;
;    uTco                ;        ; 1     ; 0.315       ; 11         ; 0.315 ; 0.315 ;
;  Required Path         ;        ;       ;             ;            ;       ;       ;
;   Clock                ;        ;       ;             ;            ;       ;       ;
;    IC                  ;        ; 2     ; 1.699       ; 46         ; 0.000 ; 1.699 ;
;    Cell                ;        ; 3     ; 1.999       ; 54         ; 0.000 ; 1.305 ;
+------------------------+--------+-------+-------------+------------+-------+-------+
Note: Negative delays are omitted from totals when calculating percentages

+--------------------------------------------------------------------------------------------------------------------------------------------------------------+
; Data Arrival Path                                                                                                                                            ;
+---------+---------+----+------+--------+-----------------------+--------------------+------------------------------------------------------------------------+
; Total   ; Incr    ; RF ; Type ; Fanout ; Location              ; Element Type       ; Element                                                                ;
+---------+---------+----+------+--------+-----------------------+--------------------+------------------------------------------------------------------------+
; 0.000   ; 0.000   ;    ;      ;        ;                       ;                    ; launch edge time                                                       ;
; 4.358   ; 4.358   ;    ;      ;        ;                       ;                    ; clock path                                                             ;
;   0.000 ;   0.000 ;    ;      ;        ;                       ;                    ; source latency                                                         ;
;   0.000 ;   0.000 ;    ;      ; 1      ; PIN_V16               ; I/O pad            ; clk_50m                                                                ;
;   0.000 ;   0.000 ; RR ; IC   ; 1      ; IOIBUF_X108_Y53_N779  ; I/O input buffer   ; clk_50m~input|i                                                        ;
;   0.760 ;   0.760 ; RR ; CELL ; 1      ; IOIBUF_X108_Y53_N779  ; I/O input buffer   ; clk_50m~input|o                                                        ;
;   2.437 ;   1.677 ; RR ; CELL ; 216    ; IOIBUF_X108_Y53_N779  ; I/O input buffer   ; clk_50m~input~hviowr/s414_0_1__hvioc_core_periphery__clock_to_core[11] ;
;   4.358 ;   1.921 ; RR ; IC   ; 1      ; FF_X114_Y47_N46       ; ALM Register       ; delay_ms[2]~DUPLICATE|clk                                              ;
;   4.358 ;   0.000 ; RR ; CELL ; 1      ; FF_X114_Y47_N46       ; ALM Register       ; delay_ms[2]~DUPLICATE                                                  ;
; 7.148   ; 2.790   ;    ;      ;        ;                       ;                    ; data path                                                              ;
;   4.673 ;   0.315 ; RR ; uTco ; 5      ; FF_X114_Y47_N46       ; ALM Register       ; delay_ms[2]~DUPLICATE|q                                                ;
;   5.127 ;   0.454 ; RR ; IC   ; 4      ; MLABCELL_X114_Y48_N12 ; Combinational cell ; mult_0~196|dataa                                                       ;
;   5.643 ;   0.516 ; RR ; CELL ; 1      ; MLABCELL_X114_Y48_N27 ; Combinational cell ; mult_0~146|cout                                                        ;
;   5.643 ;   0.000 ; RR ; CELL ; 3      ; MLABCELL_X114_Y48_N30 ; Combinational cell ; mult_0~151|cin                                                         ;
;   5.679 ;   0.036 ; RF ; CELL ; 1      ; MLABCELL_X114_Y48_N33 ; Combinational cell ; mult_0~161|cout                                                        ;
;   5.679 ;   0.000 ; FF ; CELL ; 3      ; MLABCELL_X114_Y48_N36 ; Combinational cell ; mult_0~166|cin                                                         ;
;   5.902 ;   0.223 ; FR ; CELL ; 1      ; MLABCELL_X114_Y48_N36 ; Combinational cell ; mult_0~166|sumout                                                      ;
;   6.080 ;   0.178 ; RR ; IC   ; 3      ; LABCELL_X115_Y48_N45  ; Combinational cell ; mult_0~51|datac                                                        ;
;   6.560 ;   0.480 ; RF ; CELL ; 1      ; LABCELL_X115_Y48_N57  ; Combinational cell ; mult_0~16|cout                                                         ;
;   6.662 ;   0.102 ; FF ; IC   ; 1      ; LABCELL_X115_Y47_N0   ; Combinational cell ; mult_0~21|cin                                                          ;
;   6.914 ;   0.252 ; FF ; CELL ; 1      ; LABCELL_X115_Y47_N0   ; Combinational cell ; mult_0~21|sumout                                                       ;
;   7.069 ;   0.155 ; FF ; IC   ; 1      ; LABCELL_X115_Y47_N21  ; Combinational cell ; i137~4|datae                                                           ;
;   7.119 ;   0.050 ; FR ; CELL ; 1      ; LABCELL_X115_Y47_N21  ; Combinational cell ; i137~4|combout                                                         ;
;   7.148 ;   0.029 ; RF ; CELL ; 1      ; FF_X115_Y47_N22       ; ALM Register       ; delay_cnt[23]|d                                                        ;
;   7.148 ;   0.000 ; FF ; CELL ; 1      ; FF_X115_Y47_N22       ; ALM Register       ; delay_cnt[23]                                                          ;
+---------+---------+----+------+--------+-----------------------+--------------------+------------------------------------------------------------------------+

+------------------------------------------------------------------------------------------------------------------------------------------------------------+
; Data Required Path                                                                                                                                         ;
+---------+----------+----+------+--------+----------------------+------------------+------------------------------------------------------------------------+
; Total   ; Incr     ; RF ; Type ; Fanout ; Location             ; Element Type     ; Element                                                                ;
+---------+----------+----+------+--------+----------------------+------------------+------------------------------------------------------------------------+
; 1.000   ; 1.000    ;    ;      ;        ;                      ;                  ; latch edge time                                                        ;
; 5.318   ; 4.318    ;    ;      ;        ;                      ;                  ; clock path                                                             ;
;   1.000 ;   0.000  ;    ;      ;        ;                      ;                  ; source latency                                                         ;
;   1.000 ;   0.000  ;    ;      ; 1      ; PIN_V16              ; I/O pad          ; clk_50m                                                                ;
;   1.000 ;   0.000  ; RR ; IC   ; 1      ; IOIBUF_X108_Y53_N779 ; I/O input buffer ; clk_50m~input|i                                                        ;
;   1.694 ;   0.694  ; RR ; CELL ; 1      ; IOIBUF_X108_Y53_N779 ; I/O input buffer ; clk_50m~input|o                                                        ;
;   2.999 ;   1.305  ; RR ; CELL ; 216    ; IOIBUF_X108_Y53_N779 ; I/O input buffer ; clk_50m~input~hviowr/s414_0_1__hvioc_core_periphery__clock_to_core[11] ;
;   4.698 ;   1.699  ; RR ; IC   ; 1      ; FF_X115_Y47_N22      ; ALM Register     ; delay_cnt[23]|clk                                                      ;
;   4.698 ;   0.000  ; RR ; CELL ; 1      ; FF_X115_Y47_N22      ; ALM Register     ; delay_cnt[23]                                                          ;
;   5.332 ;   0.634  ;    ;      ;        ;                      ;                  ; clock pessimism removed                                                ;
;   5.318 ;   -0.014 ;    ;      ;        ;                      ;                  ; advanced clock effects                                                 ;
; 5.288   ; -0.030   ;    ;      ;        ;                      ;                  ; clock uncertainty                                                      ;
; 5.388   ; 0.100    ;    ; uTsu ; 1      ; FF_X115_Y47_N22      ; ALM Register     ; delay_cnt[23]                                                          ;
+---------+----------+----+------+--------+----------------------+------------------+------------------------------------------------------------------------+



Path #7: Setup slack is -1.750 (VIOLATED)
===============================================================================
+------------------------------------------------------------+
; Path Summary                                               ;
+---------------------------------+--------------------------+
; Property                        ; Value                    ;
+---------------------------------+--------------------------+
; From Node                       ; delay_ms[2]~DUPLICATE    ;
; To Node                         ; delay_cnt[23]            ;
; Launch Clock                    ; clk_50m~derived          ;
; Latch Clock                     ; clk_50m~derived          ;
; SDC Exception                   ; No SDC Exception on Path ;
; Data Arrival Time               ; 7.138                    ;
; Data Required Time              ; 5.388                    ;
; Slack                           ; -1.750 (VIOLATED)        ;
; Worst-Case Operating Conditions ; Slow fix4 0C Model       ;
+---------------------------------+--------------------------+

+------------------------------------------------------------------------------------+
; Statistics                                                                         ;
+------------------------+--------+-------+-------------+------------+-------+-------+
; Property               ; Value  ; Count ; Total Delay ; % of Total ; Min   ; Max   ;
+------------------------+--------+-------+-------------+------------+-------+-------+
; Setup Relationship     ; 1.000  ;       ;             ;            ;       ;       ;
; Clock Skew             ; -0.040 ;       ;             ;            ;       ;       ;
; Data Delay             ; 2.780  ;       ;             ;            ;       ;       ;
; Number of Logic Levels ;        ; 3     ;             ;            ;       ;       ;
; Physical Delays        ;        ;       ;             ;            ;       ;       ;
;  Arrival Path          ;        ;       ;             ;            ;       ;       ;
;   Clock                ;        ;       ;             ;            ;       ;       ;
;    IC                  ;        ; 2     ; 1.921       ; 44         ; 0.000 ; 1.921 ;
;    Cell                ;        ; 3     ; 2.437       ; 56         ; 0.000 ; 1.677 ;
;   Data                 ;        ;       ;             ;            ;       ;       ;
;    IC                  ;        ; 4     ; 0.775       ; 28         ; 0.102 ; 0.368 ;
;    Cell                ;        ; 12    ; 1.690       ; 61         ; 0.000 ; 0.529 ;
;    uTco                ;        ; 1     ; 0.315       ; 11         ; 0.315 ; 0.315 ;
;  Required Path         ;        ;       ;             ;            ;       ;       ;
;   Clock                ;        ;       ;             ;            ;       ;       ;
;    IC                  ;        ; 2     ; 1.699       ; 46         ; 0.000 ; 1.699 ;
;    Cell                ;        ; 3     ; 1.999       ; 54         ; 0.000 ; 1.305 ;
+------------------------+--------+-------+-------------+------------+-------+-------+
Note: Negative delays are omitted from totals when calculating percentages

+--------------------------------------------------------------------------------------------------------------------------------------------------------------+
; Data Arrival Path                                                                                                                                            ;
+---------+---------+----+------+--------+-----------------------+--------------------+------------------------------------------------------------------------+
; Total   ; Incr    ; RF ; Type ; Fanout ; Location              ; Element Type       ; Element                                                                ;
+---------+---------+----+------+--------+-----------------------+--------------------+------------------------------------------------------------------------+
; 0.000   ; 0.000   ;    ;      ;        ;                       ;                    ; launch edge time                                                       ;
; 4.358   ; 4.358   ;    ;      ;        ;                       ;                    ; clock path                                                             ;
;   0.000 ;   0.000 ;    ;      ;        ;                       ;                    ; source latency                                                         ;
;   0.000 ;   0.000 ;    ;      ; 1      ; PIN_V16               ; I/O pad            ; clk_50m                                                                ;
;   0.000 ;   0.000 ; RR ; IC   ; 1      ; IOIBUF_X108_Y53_N779  ; I/O input buffer   ; clk_50m~input|i                                                        ;
;   0.760 ;   0.760 ; RR ; CELL ; 1      ; IOIBUF_X108_Y53_N779  ; I/O input buffer   ; clk_50m~input|o                                                        ;
;   2.437 ;   1.677 ; RR ; CELL ; 216    ; IOIBUF_X108_Y53_N779  ; I/O input buffer   ; clk_50m~input~hviowr/s414_0_1__hvioc_core_periphery__clock_to_core[11] ;
;   4.358 ;   1.921 ; RR ; IC   ; 1      ; FF_X114_Y47_N46       ; ALM Register       ; delay_ms[2]~DUPLICATE|clk                                              ;
;   4.358 ;   0.000 ; RR ; CELL ; 1      ; FF_X114_Y47_N46       ; ALM Register       ; delay_ms[2]~DUPLICATE                                                  ;
; 7.138   ; 2.780   ;    ;      ;        ;                       ;                    ; data path                                                              ;
;   4.673 ;   0.315 ; RR ; uTco ; 5      ; FF_X114_Y47_N46       ; ALM Register       ; delay_ms[2]~DUPLICATE|q                                                ;
;   5.041 ;   0.368 ; RR ; IC   ; 4      ; MLABCELL_X114_Y48_N9  ; Combinational cell ; mult_0~191|dataa                                                       ;
;   5.570 ;   0.529 ; RR ; CELL ; 1      ; MLABCELL_X114_Y48_N27 ; Combinational cell ; mult_0~146|cout                                                        ;
;   5.570 ;   0.000 ; RR ; CELL ; 3      ; MLABCELL_X114_Y48_N30 ; Combinational cell ; mult_0~151|cin                                                         ;
;   5.606 ;   0.036 ; RF ; CELL ; 1      ; MLABCELL_X114_Y48_N33 ; Combinational cell ; mult_0~161|cout                                                        ;
;   5.606 ;   0.000 ; FF ; CELL ; 3      ; MLABCELL_X114_Y48_N36 ; Combinational cell ; mult_0~166|cin                                                         ;
;   5.654 ;   0.048 ; FR ; CELL ; 1      ; MLABCELL_X114_Y48_N39 ; Combinational cell ; mult_0~91|cout                                                         ;
;   5.654 ;   0.000 ; RR ; CELL ; 1      ; MLABCELL_X114_Y48_N42 ; Combinational cell ; mult_0~96|cin                                                          ;
;   5.881 ;   0.227 ; RF ; CELL ; 1      ; MLABCELL_X114_Y48_N42 ; Combinational cell ; mult_0~96|sumout                                                       ;
;   6.031 ;   0.150 ; FF ; IC   ; 3      ; LABCELL_X115_Y48_N51  ; Combinational cell ; mult_0~6|datab                                                         ;
;   6.550 ;   0.519 ; FF ; CELL ; 1      ; LABCELL_X115_Y48_N57  ; Combinational cell ; mult_0~16|cout                                                         ;
;   6.652 ;   0.102 ; FF ; IC   ; 1      ; LABCELL_X115_Y47_N0   ; Combinational cell ; mult_0~21|cin                                                          ;
;   6.904 ;   0.252 ; FF ; CELL ; 1      ; LABCELL_X115_Y47_N0   ; Combinational cell ; mult_0~21|sumout                                                       ;
;   7.059 ;   0.155 ; FF ; IC   ; 1      ; LABCELL_X115_Y47_N21  ; Combinational cell ; i137~4|datae                                                           ;
;   7.109 ;   0.050 ; FR ; CELL ; 1      ; LABCELL_X115_Y47_N21  ; Combinational cell ; i137~4|combout                                                         ;
;   7.138 ;   0.029 ; RF ; CELL ; 1      ; FF_X115_Y47_N22       ; ALM Register       ; delay_cnt[23]|d                                                        ;
;   7.138 ;   0.000 ; FF ; CELL ; 1      ; FF_X115_Y47_N22       ; ALM Register       ; delay_cnt[23]                                                          ;
+---------+---------+----+------+--------+-----------------------+--------------------+------------------------------------------------------------------------+

+------------------------------------------------------------------------------------------------------------------------------------------------------------+
; Data Required Path                                                                                                                                         ;
+---------+----------+----+------+--------+----------------------+------------------+------------------------------------------------------------------------+
; Total   ; Incr     ; RF ; Type ; Fanout ; Location             ; Element Type     ; Element                                                                ;
+---------+----------+----+------+--------+----------------------+------------------+------------------------------------------------------------------------+
; 1.000   ; 1.000    ;    ;      ;        ;                      ;                  ; latch edge time                                                        ;
; 5.318   ; 4.318    ;    ;      ;        ;                      ;                  ; clock path                                                             ;
;   1.000 ;   0.000  ;    ;      ;        ;                      ;                  ; source latency                                                         ;
;   1.000 ;   0.000  ;    ;      ; 1      ; PIN_V16              ; I/O pad          ; clk_50m                                                                ;
;   1.000 ;   0.000  ; RR ; IC   ; 1      ; IOIBUF_X108_Y53_N779 ; I/O input buffer ; clk_50m~input|i                                                        ;
;   1.694 ;   0.694  ; RR ; CELL ; 1      ; IOIBUF_X108_Y53_N779 ; I/O input buffer ; clk_50m~input|o                                                        ;
;   2.999 ;   1.305  ; RR ; CELL ; 216    ; IOIBUF_X108_Y53_N779 ; I/O input buffer ; clk_50m~input~hviowr/s414_0_1__hvioc_core_periphery__clock_to_core[11] ;
;   4.698 ;   1.699  ; RR ; IC   ; 1      ; FF_X115_Y47_N22      ; ALM Register     ; delay_cnt[23]|clk                                                      ;
;   4.698 ;   0.000  ; RR ; CELL ; 1      ; FF_X115_Y47_N22      ; ALM Register     ; delay_cnt[23]                                                          ;
;   5.332 ;   0.634  ;    ;      ;        ;                      ;                  ; clock pessimism removed                                                ;
;   5.318 ;   -0.014 ;    ;      ;        ;                      ;                  ; advanced clock effects                                                 ;
; 5.288   ; -0.030   ;    ;      ;        ;                      ;                  ; clock uncertainty                                                      ;
; 5.388   ; 0.100    ;    ; uTsu ; 1      ; FF_X115_Y47_N22      ; ALM Register     ; delay_cnt[23]                                                          ;
+---------+----------+----+------+--------+----------------------+------------------+------------------------------------------------------------------------+



Path #8: Setup slack is -1.750 (VIOLATED)
===============================================================================
+------------------------------------------------------------+
; Path Summary                                               ;
+---------------------------------+--------------------------+
; Property                        ; Value                    ;
+---------------------------------+--------------------------+
; From Node                       ; delay_ms[2]~DUPLICATE    ;
; To Node                         ; delay_cnt[23]            ;
; Launch Clock                    ; clk_50m~derived          ;
; Latch Clock                     ; clk_50m~derived          ;
; SDC Exception                   ; No SDC Exception on Path ;
; Data Arrival Time               ; 7.138                    ;
; Data Required Time              ; 5.388                    ;
; Slack                           ; -1.750 (VIOLATED)        ;
; Worst-Case Operating Conditions ; Slow fix4 0C Model       ;
+---------------------------------+--------------------------+

+------------------------------------------------------------------------------------+
; Statistics                                                                         ;
+------------------------+--------+-------+-------------+------------+-------+-------+
; Property               ; Value  ; Count ; Total Delay ; % of Total ; Min   ; Max   ;
+------------------------+--------+-------+-------------+------------+-------+-------+
; Setup Relationship     ; 1.000  ;       ;             ;            ;       ;       ;
; Clock Skew             ; -0.040 ;       ;             ;            ;       ;       ;
; Data Delay             ; 2.780  ;       ;             ;            ;       ;       ;
; Number of Logic Levels ;        ; 3     ;             ;            ;       ;       ;
; Physical Delays        ;        ;       ;             ;            ;       ;       ;
;  Arrival Path          ;        ;       ;             ;            ;       ;       ;
;   Clock                ;        ;       ;             ;            ;       ;       ;
;    IC                  ;        ; 2     ; 1.921       ; 44         ; 0.000 ; 1.921 ;
;    Cell                ;        ; 3     ; 2.437       ; 56         ; 0.000 ; 1.677 ;
;   Data                 ;        ;       ;             ;            ;       ;       ;
;    IC                  ;        ; 4     ; 0.775       ; 28         ; 0.102 ; 0.368 ;
;    Cell                ;        ; 12    ; 1.690       ; 61         ; 0.000 ; 0.529 ;
;    uTco                ;        ; 1     ; 0.315       ; 11         ; 0.315 ; 0.315 ;
;  Required Path         ;        ;       ;             ;            ;       ;       ;
;   Clock                ;        ;       ;             ;            ;       ;       ;
;    IC                  ;        ; 2     ; 1.699       ; 46         ; 0.000 ; 1.699 ;
;    Cell                ;        ; 3     ; 1.999       ; 54         ; 0.000 ; 1.305 ;
+------------------------+--------+-------+-------------+------------+-------+-------+
Note: Negative delays are omitted from totals when calculating percentages

+--------------------------------------------------------------------------------------------------------------------------------------------------------------+
; Data Arrival Path                                                                                                                                            ;
+---------+---------+----+------+--------+-----------------------+--------------------+------------------------------------------------------------------------+
; Total   ; Incr    ; RF ; Type ; Fanout ; Location              ; Element Type       ; Element                                                                ;
+---------+---------+----+------+--------+-----------------------+--------------------+------------------------------------------------------------------------+
; 0.000   ; 0.000   ;    ;      ;        ;                       ;                    ; launch edge time                                                       ;
; 4.358   ; 4.358   ;    ;      ;        ;                       ;                    ; clock path                                                             ;
;   0.000 ;   0.000 ;    ;      ;        ;                       ;                    ; source latency                                                         ;
;   0.000 ;   0.000 ;    ;      ; 1      ; PIN_V16               ; I/O pad            ; clk_50m                                                                ;
;   0.000 ;   0.000 ; RR ; IC   ; 1      ; IOIBUF_X108_Y53_N779  ; I/O input buffer   ; clk_50m~input|i                                                        ;
;   0.760 ;   0.760 ; RR ; CELL ; 1      ; IOIBUF_X108_Y53_N779  ; I/O input buffer   ; clk_50m~input|o                                                        ;
;   2.437 ;   1.677 ; RR ; CELL ; 216    ; IOIBUF_X108_Y53_N779  ; I/O input buffer   ; clk_50m~input~hviowr/s414_0_1__hvioc_core_periphery__clock_to_core[11] ;
;   4.358 ;   1.921 ; RR ; IC   ; 1      ; FF_X114_Y47_N46       ; ALM Register       ; delay_ms[2]~DUPLICATE|clk                                              ;
;   4.358 ;   0.000 ; RR ; CELL ; 1      ; FF_X114_Y47_N46       ; ALM Register       ; delay_ms[2]~DUPLICATE                                                  ;
; 7.138   ; 2.780   ;    ;      ;        ;                       ;                    ; data path                                                              ;
;   4.673 ;   0.315 ; RR ; uTco ; 5      ; FF_X114_Y47_N46       ; ALM Register       ; delay_ms[2]~DUPLICATE|q                                                ;
;   5.041 ;   0.368 ; RR ; IC   ; 4      ; MLABCELL_X114_Y48_N6  ; Combinational cell ; mult_0~186|dataa                                                       ;
;   5.570 ;   0.529 ; RR ; CELL ; 1      ; MLABCELL_X114_Y48_N27 ; Combinational cell ; mult_0~146|cout                                                        ;
;   5.570 ;   0.000 ; RR ; CELL ; 3      ; MLABCELL_X114_Y48_N30 ; Combinational cell ; mult_0~151|cin                                                         ;
;   5.606 ;   0.036 ; RF ; CELL ; 1      ; MLABCELL_X114_Y48_N33 ; Combinational cell ; mult_0~161|cout                                                        ;
;   5.606 ;   0.000 ; FF ; CELL ; 3      ; MLABCELL_X114_Y48_N36 ; Combinational cell ; mult_0~166|cin                                                         ;
;   5.654 ;   0.048 ; FR ; CELL ; 1      ; MLABCELL_X114_Y48_N39 ; Combinational cell ; mult_0~91|cout                                                         ;
;   5.654 ;   0.000 ; RR ; CELL ; 1      ; MLABCELL_X114_Y48_N42 ; Combinational cell ; mult_0~96|cin                                                          ;
;   5.881 ;   0.227 ; RF ; CELL ; 1      ; MLABCELL_X114_Y48_N42 ; Combinational cell ; mult_0~96|sumout                                                       ;
;   6.031 ;   0.150 ; FF ; IC   ; 3      ; LABCELL_X115_Y48_N51  ; Combinational cell ; mult_0~6|datab                                                         ;
;   6.550 ;   0.519 ; FF ; CELL ; 1      ; LABCELL_X115_Y48_N57  ; Combinational cell ; mult_0~16|cout                                                         ;
;   6.652 ;   0.102 ; FF ; IC   ; 1      ; LABCELL_X115_Y47_N0   ; Combinational cell ; mult_0~21|cin                                                          ;
;   6.904 ;   0.252 ; FF ; CELL ; 1      ; LABCELL_X115_Y47_N0   ; Combinational cell ; mult_0~21|sumout                                                       ;
;   7.059 ;   0.155 ; FF ; IC   ; 1      ; LABCELL_X115_Y47_N21  ; Combinational cell ; i137~4|datae                                                           ;
;   7.109 ;   0.050 ; FR ; CELL ; 1      ; LABCELL_X115_Y47_N21  ; Combinational cell ; i137~4|combout                                                         ;
;   7.138 ;   0.029 ; RF ; CELL ; 1      ; FF_X115_Y47_N22       ; ALM Register       ; delay_cnt[23]|d                                                        ;
;   7.138 ;   0.000 ; FF ; CELL ; 1      ; FF_X115_Y47_N22       ; ALM Register       ; delay_cnt[23]                                                          ;
+---------+---------+----+------+--------+-----------------------+--------------------+------------------------------------------------------------------------+

+------------------------------------------------------------------------------------------------------------------------------------------------------------+
; Data Required Path                                                                                                                                         ;
+---------+----------+----+------+--------+----------------------+------------------+------------------------------------------------------------------------+
; Total   ; Incr     ; RF ; Type ; Fanout ; Location             ; Element Type     ; Element                                                                ;
+---------+----------+----+------+--------+----------------------+------------------+------------------------------------------------------------------------+
; 1.000   ; 1.000    ;    ;      ;        ;                      ;                  ; latch edge time                                                        ;
; 5.318   ; 4.318    ;    ;      ;        ;                      ;                  ; clock path                                                             ;
;   1.000 ;   0.000  ;    ;      ;        ;                      ;                  ; source latency                                                         ;
;   1.000 ;   0.000  ;    ;      ; 1      ; PIN_V16              ; I/O pad          ; clk_50m                                                                ;
;   1.000 ;   0.000  ; RR ; IC   ; 1      ; IOIBUF_X108_Y53_N779 ; I/O input buffer ; clk_50m~input|i                                                        ;
;   1.694 ;   0.694  ; RR ; CELL ; 1      ; IOIBUF_X108_Y53_N779 ; I/O input buffer ; clk_50m~input|o                                                        ;
;   2.999 ;   1.305  ; RR ; CELL ; 216    ; IOIBUF_X108_Y53_N779 ; I/O input buffer ; clk_50m~input~hviowr/s414_0_1__hvioc_core_periphery__clock_to_core[11] ;
;   4.698 ;   1.699  ; RR ; IC   ; 1      ; FF_X115_Y47_N22      ; ALM Register     ; delay_cnt[23]|clk                                                      ;
;   4.698 ;   0.000  ; RR ; CELL ; 1      ; FF_X115_Y47_N22      ; ALM Register     ; delay_cnt[23]                                                          ;
;   5.332 ;   0.634  ;    ;      ;        ;                      ;                  ; clock pessimism removed                                                ;
;   5.318 ;   -0.014 ;    ;      ;        ;                      ;                  ; advanced clock effects                                                 ;
; 5.288   ; -0.030   ;    ;      ;        ;                      ;                  ; clock uncertainty                                                      ;
; 5.388   ; 0.100    ;    ; uTsu ; 1      ; FF_X115_Y47_N22      ; ALM Register     ; delay_cnt[23]                                                          ;
+---------+----------+----+------+--------+----------------------+------------------+------------------------------------------------------------------------+



Path #9: Setup slack is -1.734 (VIOLATED)
===============================================================================
+------------------------------------------------------------+
; Path Summary                                               ;
+---------------------------------+--------------------------+
; Property                        ; Value                    ;
+---------------------------------+--------------------------+
; From Node                       ; delay_ms[2]~DUPLICATE    ;
; To Node                         ; delay_cnt[23]            ;
; Launch Clock                    ; clk_50m~derived          ;
; Latch Clock                     ; clk_50m~derived          ;
; SDC Exception                   ; No SDC Exception on Path ;
; Data Arrival Time               ; 7.122                    ;
; Data Required Time              ; 5.388                    ;
; Slack                           ; -1.734 (VIOLATED)        ;
; Worst-Case Operating Conditions ; Slow fix4 0C Model       ;
+---------------------------------+--------------------------+

+------------------------------------------------------------------------------------+
; Statistics                                                                         ;
+------------------------+--------+-------+-------------+------------+-------+-------+
; Property               ; Value  ; Count ; Total Delay ; % of Total ; Min   ; Max   ;
+------------------------+--------+-------+-------------+------------+-------+-------+
; Setup Relationship     ; 1.000  ;       ;             ;            ;       ;       ;
; Clock Skew             ; -0.040 ;       ;             ;            ;       ;       ;
; Data Delay             ; 2.764  ;       ;             ;            ;       ;       ;
; Number of Logic Levels ;        ; 3     ;             ;            ;       ;       ;
; Physical Delays        ;        ;       ;             ;            ;       ;       ;
;  Arrival Path          ;        ;       ;             ;            ;       ;       ;
;   Clock                ;        ;       ;             ;            ;       ;       ;
;    IC                  ;        ; 2     ; 1.921       ; 44         ; 0.000 ; 1.921 ;
;    Cell                ;        ; 3     ; 2.437       ; 56         ; 0.000 ; 1.677 ;
;   Data                 ;        ;       ;             ;            ;       ;       ;
;    IC                  ;        ; 4     ; 0.775       ; 28         ; 0.102 ; 0.368 ;
;    Cell                ;        ; 18    ; 1.674       ; 61         ; 0.000 ; 0.519 ;
;    uTco                ;        ; 1     ; 0.315       ; 11         ; 0.315 ; 0.315 ;
;  Required Path         ;        ;       ;             ;            ;       ;       ;
;   Clock                ;        ;       ;             ;            ;       ;       ;
;    IC                  ;        ; 2     ; 1.699       ; 46         ; 0.000 ; 1.699 ;
;    Cell                ;        ; 3     ; 1.999       ; 54         ; 0.000 ; 1.305 ;
+------------------------+--------+-------+-------------+------------+-------+-------+
Note: Negative delays are omitted from totals when calculating percentages

+--------------------------------------------------------------------------------------------------------------------------------------------------------------+
; Data Arrival Path                                                                                                                                            ;
+---------+---------+----+------+--------+-----------------------+--------------------+------------------------------------------------------------------------+
; Total   ; Incr    ; RF ; Type ; Fanout ; Location              ; Element Type       ; Element                                                                ;
+---------+---------+----+------+--------+-----------------------+--------------------+------------------------------------------------------------------------+
; 0.000   ; 0.000   ;    ;      ;        ;                       ;                    ; launch edge time                                                       ;
; 4.358   ; 4.358   ;    ;      ;        ;                       ;                    ; clock path                                                             ;
;   0.000 ;   0.000 ;    ;      ;        ;                       ;                    ; source latency                                                         ;
;   0.000 ;   0.000 ;    ;      ; 1      ; PIN_V16               ; I/O pad            ; clk_50m                                                                ;
;   0.000 ;   0.000 ; RR ; IC   ; 1      ; IOIBUF_X108_Y53_N779  ; I/O input buffer   ; clk_50m~input|i                                                        ;
;   0.760 ;   0.760 ; RR ; CELL ; 1      ; IOIBUF_X108_Y53_N779  ; I/O input buffer   ; clk_50m~input|o                                                        ;
;   2.437 ;   1.677 ; RR ; CELL ; 216    ; IOIBUF_X108_Y53_N779  ; I/O input buffer   ; clk_50m~input~hviowr/s414_0_1__hvioc_core_periphery__clock_to_core[11] ;
;   4.358 ;   1.921 ; RR ; IC   ; 1      ; FF_X114_Y47_N46       ; ALM Register       ; delay_ms[2]~DUPLICATE|clk                                              ;
;   4.358 ;   0.000 ; RR ; CELL ; 1      ; FF_X114_Y47_N46       ; ALM Register       ; delay_ms[2]~DUPLICATE                                                  ;
; 7.122   ; 2.764   ;    ;      ;        ;                       ;                    ; data path                                                              ;
;   4.673 ;   0.315 ; RR ; uTco ; 5      ; FF_X114_Y47_N46       ; ALM Register       ; delay_ms[2]~DUPLICATE|q                                                ;
;   5.041 ;   0.368 ; RR ; IC   ; 4      ; MLABCELL_X114_Y48_N9  ; Combinational cell ; mult_0~191|dataa                                                       ;
;   5.332 ;   0.291 ; RR ; CELL ; 1      ; MLABCELL_X114_Y48_N9  ; Combinational cell ; mult_0~191|cout                                                        ;
;   5.332 ;   0.000 ; RR ; CELL ; 3      ; MLABCELL_X114_Y48_N12 ; Combinational cell ; mult_0~196|cin                                                         ;
;   5.386 ;   0.054 ; RF ; CELL ; 1      ; MLABCELL_X114_Y48_N15 ; Combinational cell ; mult_0~206|cout                                                        ;
;   5.386 ;   0.000 ; FF ; CELL ; 3      ; MLABCELL_X114_Y48_N18 ; Combinational cell ; mult_0~211|cin                                                         ;
;   5.434 ;   0.048 ; FR ; CELL ; 1      ; MLABCELL_X114_Y48_N21 ; Combinational cell ; mult_0~126|cout                                                        ;
;   5.434 ;   0.000 ; RR ; CELL ; 3      ; MLABCELL_X114_Y48_N24 ; Combinational cell ; mult_0~131|cin                                                         ;
;   5.554 ;   0.120 ; RR ; CELL ; 1      ; MLABCELL_X114_Y48_N27 ; Combinational cell ; mult_0~146|cout                                                        ;
;   5.554 ;   0.000 ; RR ; CELL ; 3      ; MLABCELL_X114_Y48_N30 ; Combinational cell ; mult_0~151|cin                                                         ;
;   5.590 ;   0.036 ; RF ; CELL ; 1      ; MLABCELL_X114_Y48_N33 ; Combinational cell ; mult_0~161|cout                                                        ;
;   5.590 ;   0.000 ; FF ; CELL ; 3      ; MLABCELL_X114_Y48_N36 ; Combinational cell ; mult_0~166|cin                                                         ;
;   5.638 ;   0.048 ; FR ; CELL ; 1      ; MLABCELL_X114_Y48_N39 ; Combinational cell ; mult_0~91|cout                                                         ;
;   5.638 ;   0.000 ; RR ; CELL ; 1      ; MLABCELL_X114_Y48_N42 ; Combinational cell ; mult_0~96|cin                                                          ;
;   5.865 ;   0.227 ; RF ; CELL ; 1      ; MLABCELL_X114_Y48_N42 ; Combinational cell ; mult_0~96|sumout                                                       ;
;   6.015 ;   0.150 ; FF ; IC   ; 3      ; LABCELL_X115_Y48_N51  ; Combinational cell ; mult_0~6|datab                                                         ;
;   6.534 ;   0.519 ; FF ; CELL ; 1      ; LABCELL_X115_Y48_N57  ; Combinational cell ; mult_0~16|cout                                                         ;
;   6.636 ;   0.102 ; FF ; IC   ; 1      ; LABCELL_X115_Y47_N0   ; Combinational cell ; mult_0~21|cin                                                          ;
;   6.888 ;   0.252 ; FF ; CELL ; 1      ; LABCELL_X115_Y47_N0   ; Combinational cell ; mult_0~21|sumout                                                       ;
;   7.043 ;   0.155 ; FF ; IC   ; 1      ; LABCELL_X115_Y47_N21  ; Combinational cell ; i137~4|datae                                                           ;
;   7.093 ;   0.050 ; FR ; CELL ; 1      ; LABCELL_X115_Y47_N21  ; Combinational cell ; i137~4|combout                                                         ;
;   7.122 ;   0.029 ; RF ; CELL ; 1      ; FF_X115_Y47_N22       ; ALM Register       ; delay_cnt[23]|d                                                        ;
;   7.122 ;   0.000 ; FF ; CELL ; 1      ; FF_X115_Y47_N22       ; ALM Register       ; delay_cnt[23]                                                          ;
+---------+---------+----+------+--------+-----------------------+--------------------+------------------------------------------------------------------------+

+------------------------------------------------------------------------------------------------------------------------------------------------------------+
; Data Required Path                                                                                                                                         ;
+---------+----------+----+------+--------+----------------------+------------------+------------------------------------------------------------------------+
; Total   ; Incr     ; RF ; Type ; Fanout ; Location             ; Element Type     ; Element                                                                ;
+---------+----------+----+------+--------+----------------------+------------------+------------------------------------------------------------------------+
; 1.000   ; 1.000    ;    ;      ;        ;                      ;                  ; latch edge time                                                        ;
; 5.318   ; 4.318    ;    ;      ;        ;                      ;                  ; clock path                                                             ;
;   1.000 ;   0.000  ;    ;      ;        ;                      ;                  ; source latency                                                         ;
;   1.000 ;   0.000  ;    ;      ; 1      ; PIN_V16              ; I/O pad          ; clk_50m                                                                ;
;   1.000 ;   0.000  ; RR ; IC   ; 1      ; IOIBUF_X108_Y53_N779 ; I/O input buffer ; clk_50m~input|i                                                        ;
;   1.694 ;   0.694  ; RR ; CELL ; 1      ; IOIBUF_X108_Y53_N779 ; I/O input buffer ; clk_50m~input|o                                                        ;
;   2.999 ;   1.305  ; RR ; CELL ; 216    ; IOIBUF_X108_Y53_N779 ; I/O input buffer ; clk_50m~input~hviowr/s414_0_1__hvioc_core_periphery__clock_to_core[11] ;
;   4.698 ;   1.699  ; RR ; IC   ; 1      ; FF_X115_Y47_N22      ; ALM Register     ; delay_cnt[23]|clk                                                      ;
;   4.698 ;   0.000  ; RR ; CELL ; 1      ; FF_X115_Y47_N22      ; ALM Register     ; delay_cnt[23]                                                          ;
;   5.332 ;   0.634  ;    ;      ;        ;                      ;                  ; clock pessimism removed                                                ;
;   5.318 ;   -0.014 ;    ;      ;        ;                      ;                  ; advanced clock effects                                                 ;
; 5.288   ; -0.030   ;    ;      ;        ;                      ;                  ; clock uncertainty                                                      ;
; 5.388   ; 0.100    ;    ; uTsu ; 1      ; FF_X115_Y47_N22      ; ALM Register     ; delay_cnt[23]                                                          ;
+---------+----------+----+------+--------+----------------------+------------------+------------------------------------------------------------------------+



Path #10: Setup slack is -1.734 (VIOLATED)
===============================================================================
+------------------------------------------------------------+
; Path Summary                                               ;
+---------------------------------+--------------------------+
; Property                        ; Value                    ;
+---------------------------------+--------------------------+
; From Node                       ; delay_ms[2]~DUPLICATE    ;
; To Node                         ; delay_cnt[23]            ;
; Launch Clock                    ; clk_50m~derived          ;
; Latch Clock                     ; clk_50m~derived          ;
; SDC Exception                   ; No SDC Exception on Path ;
; Data Arrival Time               ; 7.122                    ;
; Data Required Time              ; 5.388                    ;
; Slack                           ; -1.734 (VIOLATED)        ;
; Worst-Case Operating Conditions ; Slow fix4 0C Model       ;
+---------------------------------+--------------------------+

+------------------------------------------------------------------------------------+
; Statistics                                                                         ;
+------------------------+--------+-------+-------------+------------+-------+-------+
; Property               ; Value  ; Count ; Total Delay ; % of Total ; Min   ; Max   ;
+------------------------+--------+-------+-------------+------------+-------+-------+
; Setup Relationship     ; 1.000  ;       ;             ;            ;       ;       ;
; Clock Skew             ; -0.040 ;       ;             ;            ;       ;       ;
; Data Delay             ; 2.764  ;       ;             ;            ;       ;       ;
; Number of Logic Levels ;        ; 3     ;             ;            ;       ;       ;
; Physical Delays        ;        ;       ;             ;            ;       ;       ;
;  Arrival Path          ;        ;       ;             ;            ;       ;       ;
;   Clock                ;        ;       ;             ;            ;       ;       ;
;    IC                  ;        ; 2     ; 1.921       ; 44         ; 0.000 ; 1.921 ;
;    Cell                ;        ; 3     ; 2.437       ; 56         ; 0.000 ; 1.677 ;
;   Data                 ;        ;       ;             ;            ;       ;       ;
;    IC                  ;        ; 4     ; 0.775       ; 28         ; 0.102 ; 0.368 ;
;    Cell                ;        ; 18    ; 1.674       ; 61         ; 0.000 ; 0.519 ;
;    uTco                ;        ; 1     ; 0.315       ; 11         ; 0.315 ; 0.315 ;
;  Required Path         ;        ;       ;             ;            ;       ;       ;
;   Clock                ;        ;       ;             ;            ;       ;       ;
;    IC                  ;        ; 2     ; 1.699       ; 46         ; 0.000 ; 1.699 ;
;    Cell                ;        ; 3     ; 1.999       ; 54         ; 0.000 ; 1.305 ;
+------------------------+--------+-------+-------------+------------+-------+-------+
Note: Negative delays are omitted from totals when calculating percentages

+--------------------------------------------------------------------------------------------------------------------------------------------------------------+
; Data Arrival Path                                                                                                                                            ;
+---------+---------+----+------+--------+-----------------------+--------------------+------------------------------------------------------------------------+
; Total   ; Incr    ; RF ; Type ; Fanout ; Location              ; Element Type       ; Element                                                                ;
+---------+---------+----+------+--------+-----------------------+--------------------+------------------------------------------------------------------------+
; 0.000   ; 0.000   ;    ;      ;        ;                       ;                    ; launch edge time                                                       ;
; 4.358   ; 4.358   ;    ;      ;        ;                       ;                    ; clock path                                                             ;
;   0.000 ;   0.000 ;    ;      ;        ;                       ;                    ; source latency                                                         ;
;   0.000 ;   0.000 ;    ;      ; 1      ; PIN_V16               ; I/O pad            ; clk_50m                                                                ;
;   0.000 ;   0.000 ; RR ; IC   ; 1      ; IOIBUF_X108_Y53_N779  ; I/O input buffer   ; clk_50m~input|i                                                        ;
;   0.760 ;   0.760 ; RR ; CELL ; 1      ; IOIBUF_X108_Y53_N779  ; I/O input buffer   ; clk_50m~input|o                                                        ;
;   2.437 ;   1.677 ; RR ; CELL ; 216    ; IOIBUF_X108_Y53_N779  ; I/O input buffer   ; clk_50m~input~hviowr/s414_0_1__hvioc_core_periphery__clock_to_core[11] ;
;   4.358 ;   1.921 ; RR ; IC   ; 1      ; FF_X114_Y47_N46       ; ALM Register       ; delay_ms[2]~DUPLICATE|clk                                              ;
;   4.358 ;   0.000 ; RR ; CELL ; 1      ; FF_X114_Y47_N46       ; ALM Register       ; delay_ms[2]~DUPLICATE                                                  ;
; 7.122   ; 2.764   ;    ;      ;        ;                       ;                    ; data path                                                              ;
;   4.673 ;   0.315 ; RR ; uTco ; 5      ; FF_X114_Y47_N46       ; ALM Register       ; delay_ms[2]~DUPLICATE|q                                                ;
;   5.041 ;   0.368 ; RR ; IC   ; 4      ; MLABCELL_X114_Y48_N6  ; Combinational cell ; mult_0~186|dataa                                                       ;
;   5.332 ;   0.291 ; RR ; CELL ; 1      ; MLABCELL_X114_Y48_N9  ; Combinational cell ; mult_0~191|cout                                                        ;
;   5.332 ;   0.000 ; RR ; CELL ; 3      ; MLABCELL_X114_Y48_N12 ; Combinational cell ; mult_0~196|cin                                                         ;
;   5.386 ;   0.054 ; RF ; CELL ; 1      ; MLABCELL_X114_Y48_N15 ; Combinational cell ; mult_0~206|cout                                                        ;
;   5.386 ;   0.000 ; FF ; CELL ; 3      ; MLABCELL_X114_Y48_N18 ; Combinational cell ; mult_0~211|cin                                                         ;
;   5.434 ;   0.048 ; FR ; CELL ; 1      ; MLABCELL_X114_Y48_N21 ; Combinational cell ; mult_0~126|cout                                                        ;
;   5.434 ;   0.000 ; RR ; CELL ; 3      ; MLABCELL_X114_Y48_N24 ; Combinational cell ; mult_0~131|cin                                                         ;
;   5.554 ;   0.120 ; RR ; CELL ; 1      ; MLABCELL_X114_Y48_N27 ; Combinational cell ; mult_0~146|cout                                                        ;
;   5.554 ;   0.000 ; RR ; CELL ; 3      ; MLABCELL_X114_Y48_N30 ; Combinational cell ; mult_0~151|cin                                                         ;
;   5.590 ;   0.036 ; RF ; CELL ; 1      ; MLABCELL_X114_Y48_N33 ; Combinational cell ; mult_0~161|cout                                                        ;
;   5.590 ;   0.000 ; FF ; CELL ; 3      ; MLABCELL_X114_Y48_N36 ; Combinational cell ; mult_0~166|cin                                                         ;
;   5.638 ;   0.048 ; FR ; CELL ; 1      ; MLABCELL_X114_Y48_N39 ; Combinational cell ; mult_0~91|cout                                                         ;
;   5.638 ;   0.000 ; RR ; CELL ; 1      ; MLABCELL_X114_Y48_N42 ; Combinational cell ; mult_0~96|cin                                                          ;
;   5.865 ;   0.227 ; RF ; CELL ; 1      ; MLABCELL_X114_Y48_N42 ; Combinational cell ; mult_0~96|sumout                                                       ;
;   6.015 ;   0.150 ; FF ; IC   ; 3      ; LABCELL_X115_Y48_N51  ; Combinational cell ; mult_0~6|datab                                                         ;
;   6.534 ;   0.519 ; FF ; CELL ; 1      ; LABCELL_X115_Y48_N57  ; Combinational cell ; mult_0~16|cout                                                         ;
;   6.636 ;   0.102 ; FF ; IC   ; 1      ; LABCELL_X115_Y47_N0   ; Combinational cell ; mult_0~21|cin                                                          ;
;   6.888 ;   0.252 ; FF ; CELL ; 1      ; LABCELL_X115_Y47_N0   ; Combinational cell ; mult_0~21|sumout                                                       ;
;   7.043 ;   0.155 ; FF ; IC   ; 1      ; LABCELL_X115_Y47_N21  ; Combinational cell ; i137~4|datae                                                           ;
;   7.093 ;   0.050 ; FR ; CELL ; 1      ; LABCELL_X115_Y47_N21  ; Combinational cell ; i137~4|combout                                                         ;
;   7.122 ;   0.029 ; RF ; CELL ; 1      ; FF_X115_Y47_N22       ; ALM Register       ; delay_cnt[23]|d                                                        ;
;   7.122 ;   0.000 ; FF ; CELL ; 1      ; FF_X115_Y47_N22       ; ALM Register       ; delay_cnt[23]                                                          ;
+---------+---------+----+------+--------+-----------------------+--------------------+------------------------------------------------------------------------+

+------------------------------------------------------------------------------------------------------------------------------------------------------------+
; Data Required Path                                                                                                                                         ;
+---------+----------+----+------+--------+----------------------+------------------+------------------------------------------------------------------------+
; Total   ; Incr     ; RF ; Type ; Fanout ; Location             ; Element Type     ; Element                                                                ;
+---------+----------+----+------+--------+----------------------+------------------+------------------------------------------------------------------------+
; 1.000   ; 1.000    ;    ;      ;        ;                      ;                  ; latch edge time                                                        ;
; 5.318   ; 4.318    ;    ;      ;        ;                      ;                  ; clock path                                                             ;
;   1.000 ;   0.000  ;    ;      ;        ;                      ;                  ; source latency                                                         ;
;   1.000 ;   0.000  ;    ;      ; 1      ; PIN_V16              ; I/O pad          ; clk_50m                                                                ;
;   1.000 ;   0.000  ; RR ; IC   ; 1      ; IOIBUF_X108_Y53_N779 ; I/O input buffer ; clk_50m~input|i                                                        ;
;   1.694 ;   0.694  ; RR ; CELL ; 1      ; IOIBUF_X108_Y53_N779 ; I/O input buffer ; clk_50m~input|o                                                        ;
;   2.999 ;   1.305  ; RR ; CELL ; 216    ; IOIBUF_X108_Y53_N779 ; I/O input buffer ; clk_50m~input~hviowr/s414_0_1__hvioc_core_periphery__clock_to_core[11] ;
;   4.698 ;   1.699  ; RR ; IC   ; 1      ; FF_X115_Y47_N22      ; ALM Register     ; delay_cnt[23]|clk                                                      ;
;   4.698 ;   0.000  ; RR ; CELL ; 1      ; FF_X115_Y47_N22      ; ALM Register     ; delay_cnt[23]                                                          ;
;   5.332 ;   0.634  ;    ;      ;        ;                      ;                  ; clock pessimism removed                                                ;
;   5.318 ;   -0.014 ;    ;      ;        ;                      ;                  ; advanced clock effects                                                 ;
; 5.288   ; -0.030   ;    ;      ;        ;                      ;                  ; clock uncertainty                                                      ;
; 5.388   ; 0.100    ;    ; uTsu ; 1      ; FF_X115_Y47_N22      ; ALM Register     ; delay_cnt[23]                                                          ;
+---------+----------+----+------+--------+----------------------+------------------+------------------------------------------------------------------------+



----------------
; Command Info ;
----------------
Report Timing: Found 10 hold paths (0 violated).  Worst case slack is 0.100 

Tcl Command:
    report_timing -hold -panel_name {Worst-Case Timing Paths||Hold||clk_50m~derived} -to_clock [get_clocks {clk_50m~derived}] -npaths 10 -detail full_path

Options:
    -to_clock [get_clocks {clk_50m~derived}] 
    -hold 
    -npaths 10 
    -detail full_path 
    -panel_name {clk_50m~derived} 

Snapshot:
    final

Delay Models:
    Slow fix4 100C Model
    Slow fix4 0C Model
    Slow fix4a 0C Model
    Fast fix4 0C Model


+----------------------------------------------------------------------------------------------------------------------------------------------------------------------+
; Summary of Paths                                                                                                                                                     ;
+-------+-----------------------+-----------------------+-----------------+-----------------+--------------+------------+------------+---------------------------------+
; Slack ; From Node             ; To Node               ; Launch Clock    ; Latch Clock     ; Relationship ; Clock Skew ; Data Delay ; Worst-Case Operating Conditions ;
+-------+-----------------------+-----------------------+-----------------+-----------------+--------------+------------+------------+---------------------------------+
; 0.100 ; lcd_res~reg0DUPLICATE ; lcd_res~reg0          ; clk_50m~derived ; clk_50m~derived ; 0.000        ; 0.000      ; 0.198      ; Fast fix4 0C Model              ;
; 0.101 ; spi_shift[1]          ; spi_shift[2]          ; clk_50m~derived ; clk_50m~derived ; 0.000        ; 0.000      ; 0.200      ; Fast fix4 0C Model              ;
; 0.101 ; lcd_res~reg0DUPLICATE ; lcd_res~reg0DUPLICATE ; clk_50m~derived ; clk_50m~derived ; 0.000        ; 0.000      ; 0.198      ; Fast fix4 0C Model              ;
; 0.102 ; spi_sda_r             ; spi_sda_r             ; clk_50m~derived ; clk_50m~derived ; 0.000        ; 0.001      ; 0.205      ; Fast fix4 0C Model              ;
; 0.103 ; spi_div[1]~DUPLICATE  ; spi_bit_cnt[0]        ; clk_50m~derived ; clk_50m~derived ; 0.000        ; 0.000      ; 0.203      ; Fast fix4 0C Model              ;
; 0.105 ; init_idx[3]           ; spi_dc_in~RTM_2       ; clk_50m~derived ; clk_50m~derived ; 0.000        ; 0.000      ; 0.207      ; Fast fix4 0C Model              ;
; 0.105 ; spi_bit_cnt[1]        ; spi_bit_cnt[2]        ; clk_50m~derived ; clk_50m~derived ; 0.000        ; 0.000      ; 0.205      ; Fast fix4 0C Model              ;
; 0.105 ; spi_div[0]~DUPLICATE  ; spi_div[0]            ; clk_50m~derived ; clk_50m~derived ; 0.000        ; 0.000      ; 0.203      ; Fast fix4 0C Model              ;
; 0.106 ; spi_dc_in~RTM         ; spi_dc_in~RTM         ; clk_50m~derived ; clk_50m~derived ; 0.000        ; 0.000      ; 0.206      ; Fast fix4 0C Model              ;
; 0.106 ; spi_div[0]~DUPLICATE  ; spi_div[0]~DUPLICATE  ; clk_50m~derived ; clk_50m~derived ; 0.000        ; 0.000      ; 0.203      ; Fast fix4 0C Model              ;
+-------+-----------------------+-----------------------+-----------------+-----------------+--------------+------------+------------+---------------------------------+


Path #1: Hold slack is 0.100 
===============================================================================
+------------------------------------------------------------+
; Path Summary                                               ;
+---------------------------------+--------------------------+
; Property                        ; Value                    ;
+---------------------------------+--------------------------+
; From Node                       ; lcd_res~reg0DUPLICATE    ;
; To Node                         ; lcd_res~reg0             ;
; Launch Clock                    ; clk_50m~derived          ;
; Latch Clock                     ; clk_50m~derived          ;
; SDC Exception                   ; No SDC Exception on Path ;
; Data Arrival Time               ; 2.374                    ;
; Data Required Time              ; 2.274                    ;
; Slack                           ; 0.100                    ;
; Worst-Case Operating Conditions ; Fast fix4 0C Model       ;
+---------------------------------+--------------------------+

+-----------------------------------------------------------------------------------+
; Statistics                                                                        ;
+------------------------+-------+-------+-------------+------------+-------+-------+
; Property               ; Value ; Count ; Total Delay ; % of Total ; Min   ; Max   ;
+------------------------+-------+-------+-------------+------------+-------+-------+
; Hold Relationship      ; 0.000 ;       ;             ;            ;       ;       ;
; Clock Skew             ; 0.000 ;       ;             ;            ;       ;       ;
; Data Delay             ; 0.198 ;       ;             ;            ;       ;       ;
; Number of Logic Levels ;       ; 1     ;             ;            ;       ;       ;
; Physical Delays        ;       ;       ;             ;            ;       ;       ;
;  Arrival Path          ;       ;       ;             ;            ;       ;       ;
;   Clock                ;       ;       ;             ;            ;       ;       ;
;    IC                  ;       ; 2     ; 1.105       ; 51         ; 0.000 ; 1.105 ;
;    Cell                ;       ; 3     ; 1.071       ; 49         ; 0.000 ; 0.749 ;
;   Data                 ;       ;       ;             ;            ;       ;       ;
;    IC                  ;       ; 1     ; 0.045       ; 23         ; 0.045 ; 0.045 ;
;    Cell                ;       ; 3     ; 0.022       ; 11         ; 0.000 ; 0.022 ;
;    uTco                ;       ; 1     ; 0.131       ; 66         ; 0.131 ; 0.131 ;
;  Required Path         ;       ;       ;             ;            ;       ;       ;
;   Clock                ;       ;       ;             ;            ;       ;       ;
;    IC                  ;       ; 2     ; 1.239       ; 48         ; 0.000 ; 1.239 ;
;    Cell                ;       ; 3     ; 1.329       ; 52         ; 0.000 ; 0.982 ;
+------------------------+-------+-------+-------------+------------+-------+-------+
Note: Negative delays are omitted from totals when calculating percentages

+-------------------------------------------------------------------------------------------------------------------------------------------------------------+
; Data Arrival Path                                                                                                                                           ;
+---------+---------+----+------+--------+----------------------+--------------------+------------------------------------------------------------------------+
; Total   ; Incr    ; RF ; Type ; Fanout ; Location             ; Element Type       ; Element                                                                ;
+---------+---------+----+------+--------+----------------------+--------------------+------------------------------------------------------------------------+
; 0.000   ; 0.000   ;    ;      ;        ;                      ;                    ; launch edge time                                                       ;
; 2.176   ; 2.176   ;    ;      ;        ;                      ;                    ; clock path                                                             ;
;   0.000 ;   0.000 ;    ;      ;        ;                      ;                    ; source latency                                                         ;
;   0.000 ;   0.000 ;    ;      ; 1      ; PIN_V16              ; I/O pad            ; clk_50m                                                                ;
;   0.000 ;   0.000 ; RR ; IC   ; 1      ; IOIBUF_X108_Y53_N779 ; I/O input buffer   ; clk_50m~input|i                                                        ;
;   0.322 ;   0.322 ; RR ; CELL ; 1      ; IOIBUF_X108_Y53_N779 ; I/O input buffer   ; clk_50m~input|o                                                        ;
;   1.071 ;   0.749 ; RR ; CELL ; 216    ; IOIBUF_X108_Y53_N779 ; I/O input buffer   ; clk_50m~input~hviowr/s414_0_1__hvioc_core_periphery__clock_to_core[11] ;
;   2.176 ;   1.105 ; RR ; IC   ; 1      ; FF_X118_Y47_N7       ; ALM Register       ; lcd_res~reg0DUPLICATE|clk                                              ;
;   2.176 ;   0.000 ; RR ; CELL ; 1      ; FF_X118_Y47_N7       ; ALM Register       ; lcd_res~reg0DUPLICATE                                                  ;
; 2.374   ; 0.198   ;    ;      ;        ;                      ;                    ; data path                                                              ;
;   2.307 ;   0.131 ; RR ; uTco ; 1      ; FF_X118_Y47_N7       ; ALM Register       ; lcd_res~reg0DUPLICATE|q                                                ;
;   2.352 ;   0.045 ; RR ; IC   ; 1      ; LABCELL_X118_Y47_N6  ; Combinational cell ; Select_0~0|datae                                                       ;
;   2.374 ;   0.022 ; RR ; CELL ; 2      ; LABCELL_X118_Y47_N6  ; Combinational cell ; Select_0~0|combout                                                     ;
;   2.374 ;   0.000 ; RR ; CELL ; 1      ; FF_X118_Y47_N8       ; ALM Register       ; lcd_res~reg0|d                                                         ;
;   2.374 ;   0.000 ; RR ; CELL ; 1      ; FF_X118_Y47_N8       ; ALM Register       ; lcd_res~reg0                                                           ;
+---------+---------+----+------+--------+----------------------+--------------------+------------------------------------------------------------------------+

+------------------------------------------------------------------------------------------------------------------------------------------------------------+
; Data Required Path                                                                                                                                         ;
+---------+----------+----+------+--------+----------------------+------------------+------------------------------------------------------------------------+
; Total   ; Incr     ; RF ; Type ; Fanout ; Location             ; Element Type     ; Element                                                                ;
+---------+----------+----+------+--------+----------------------+------------------+------------------------------------------------------------------------+
; 0.000   ; 0.000    ;    ;      ;        ;                      ;                  ; latch edge time                                                        ;
; 2.176   ; 2.176    ;    ;      ;        ;                      ;                  ; clock path                                                             ;
;   0.000 ;   0.000  ;    ;      ;        ;                      ;                  ; source latency                                                         ;
;   0.000 ;   0.000  ;    ;      ; 1      ; PIN_V16              ; I/O pad          ; clk_50m                                                                ;
;   0.000 ;   0.000  ; RR ; IC   ; 1      ; IOIBUF_X108_Y53_N779 ; I/O input buffer ; clk_50m~input|i                                                        ;
;   0.347 ;   0.347  ; RR ; CELL ; 1      ; IOIBUF_X108_Y53_N779 ; I/O input buffer ; clk_50m~input|o                                                        ;
;   1.329 ;   0.982  ; RR ; CELL ; 216    ; IOIBUF_X108_Y53_N779 ; I/O input buffer ; clk_50m~input~hviowr/s414_0_1__hvioc_core_periphery__clock_to_core[11] ;
;   2.568 ;   1.239  ; RR ; IC   ; 1      ; FF_X118_Y47_N8       ; ALM Register     ; lcd_res~reg0|clk                                                       ;
;   2.568 ;   0.000  ; RR ; CELL ; 1      ; FF_X118_Y47_N8       ; ALM Register     ; lcd_res~reg0                                                           ;
;   2.176 ;   -0.392 ;    ;      ;        ;                      ;                  ; clock pessimism removed                                                ;
; 2.176   ; 0.000    ;    ;      ;        ;                      ;                  ; clock uncertainty                                                      ;
; 2.274   ; 0.098    ;    ; uTh  ; 1      ; FF_X118_Y47_N8       ; ALM Register     ; lcd_res~reg0                                                           ;
+---------+----------+----+------+--------+----------------------+------------------+------------------------------------------------------------------------+



Path #2: Hold slack is 0.101 
===============================================================================
+------------------------------------------------------------+
; Path Summary                                               ;
+---------------------------------+--------------------------+
; Property                        ; Value                    ;
+---------------------------------+--------------------------+
; From Node                       ; spi_shift[1]             ;
; To Node                         ; spi_shift[2]             ;
; Launch Clock                    ; clk_50m~derived          ;
; Latch Clock                     ; clk_50m~derived          ;
; SDC Exception                   ; No SDC Exception on Path ;
; Data Arrival Time               ; 2.376                    ;
; Data Required Time              ; 2.275                    ;
; Slack                           ; 0.101                    ;
; Worst-Case Operating Conditions ; Fast fix4 0C Model       ;
+---------------------------------+--------------------------+

+-----------------------------------------------------------------------------------+
; Statistics                                                                        ;
+------------------------+-------+-------+-------------+------------+-------+-------+
; Property               ; Value ; Count ; Total Delay ; % of Total ; Min   ; Max   ;
+------------------------+-------+-------+-------------+------------+-------+-------+
; Hold Relationship      ; 0.000 ;       ;             ;            ;       ;       ;
; Clock Skew             ; 0.000 ;       ;             ;            ;       ;       ;
; Data Delay             ; 0.200 ;       ;             ;            ;       ;       ;
; Number of Logic Levels ;       ; 1     ;             ;            ;       ;       ;
; Physical Delays        ;       ;       ;             ;            ;       ;       ;
;  Arrival Path          ;       ;       ;             ;            ;       ;       ;
;   Clock                ;       ;       ;             ;            ;       ;       ;
;    IC                  ;       ; 2     ; 1.105       ; 51         ; 0.000 ; 1.105 ;
;    Cell                ;       ; 3     ; 1.071       ; 49         ; 0.000 ; 0.749 ;
;   Data                 ;       ;       ;             ;            ;       ;       ;
;    IC                  ;       ; 1     ; 0.046       ; 23         ; 0.046 ; 0.046 ;
;    Cell                ;       ; 3     ; 0.019       ; 10         ; 0.000 ; 0.019 ;
;    uTco                ;       ; 1     ; 0.135       ; 68         ; 0.135 ; 0.135 ;
;  Required Path         ;       ;       ;             ;            ;       ;       ;
;   Clock                ;       ;       ;             ;            ;       ;       ;
;    IC                  ;       ; 2     ; 1.239       ; 48         ; 0.000 ; 1.239 ;
;    Cell                ;       ; 3     ; 1.329       ; 52         ; 0.000 ; 0.982 ;
+------------------------+-------+-------+-------------+------------+-------+-------+
Note: Negative delays are omitted from totals when calculating percentages

+-------------------------------------------------------------------------------------------------------------------------------------------------------------+
; Data Arrival Path                                                                                                                                           ;
+---------+---------+----+------+--------+----------------------+--------------------+------------------------------------------------------------------------+
; Total   ; Incr    ; RF ; Type ; Fanout ; Location             ; Element Type       ; Element                                                                ;
+---------+---------+----+------+--------+----------------------+--------------------+------------------------------------------------------------------------+
; 0.000   ; 0.000   ;    ;      ;        ;                      ;                    ; launch edge time                                                       ;
; 2.176   ; 2.176   ;    ;      ;        ;                      ;                    ; clock path                                                             ;
;   0.000 ;   0.000 ;    ;      ;        ;                      ;                    ; source latency                                                         ;
;   0.000 ;   0.000 ;    ;      ; 1      ; PIN_V16              ; I/O pad            ; clk_50m                                                                ;
;   0.000 ;   0.000 ; RR ; IC   ; 1      ; IOIBUF_X108_Y53_N779 ; I/O input buffer   ; clk_50m~input|i                                                        ;
;   0.322 ;   0.322 ; RR ; CELL ; 1      ; IOIBUF_X108_Y53_N779 ; I/O input buffer   ; clk_50m~input|o                                                        ;
;   1.071 ;   0.749 ; RR ; CELL ; 216    ; IOIBUF_X108_Y53_N779 ; I/O input buffer   ; clk_50m~input~hviowr/s414_0_1__hvioc_core_periphery__clock_to_core[11] ;
;   2.176 ;   1.105 ; RR ; IC   ; 1      ; FF_X120_Y47_N59      ; ALM Register       ; spi_shift[1]|clk                                                       ;
;   2.176 ;   0.000 ; RR ; CELL ; 1      ; FF_X120_Y47_N59      ; ALM Register       ; spi_shift[1]                                                           ;
; 2.376   ; 0.200   ;    ;      ;        ;                      ;                    ; data path                                                              ;
;   2.311 ;   0.135 ; RR ; uTco ; 1      ; FF_X120_Y47_N59      ; ALM Register       ; spi_shift[1]|q                                                         ;
;   2.357 ;   0.046 ; RR ; IC   ; 1      ; LABCELL_X120_Y47_N54 ; Combinational cell ; Mux_27~5|datae                                                         ;
;   2.376 ;   0.019 ; RR ; CELL ; 1      ; LABCELL_X120_Y47_N54 ; Combinational cell ; Mux_27~5|combout                                                       ;
;   2.376 ;   0.000 ; RR ; CELL ; 1      ; FF_X120_Y47_N56      ; ALM Register       ; spi_shift[2]|d                                                         ;
;   2.376 ;   0.000 ; RR ; CELL ; 1      ; FF_X120_Y47_N56      ; ALM Register       ; spi_shift[2]                                                           ;
+---------+---------+----+------+--------+----------------------+--------------------+------------------------------------------------------------------------+

+------------------------------------------------------------------------------------------------------------------------------------------------------------+
; Data Required Path                                                                                                                                         ;
+---------+----------+----+------+--------+----------------------+------------------+------------------------------------------------------------------------+
; Total   ; Incr     ; RF ; Type ; Fanout ; Location             ; Element Type     ; Element                                                                ;
+---------+----------+----+------+--------+----------------------+------------------+------------------------------------------------------------------------+
; 0.000   ; 0.000    ;    ;      ;        ;                      ;                  ; latch edge time                                                        ;
; 2.176   ; 2.176    ;    ;      ;        ;                      ;                  ; clock path                                                             ;
;   0.000 ;   0.000  ;    ;      ;        ;                      ;                  ; source latency                                                         ;
;   0.000 ;   0.000  ;    ;      ; 1      ; PIN_V16              ; I/O pad          ; clk_50m                                                                ;
;   0.000 ;   0.000  ; RR ; IC   ; 1      ; IOIBUF_X108_Y53_N779 ; I/O input buffer ; clk_50m~input|i                                                        ;
;   0.347 ;   0.347  ; RR ; CELL ; 1      ; IOIBUF_X108_Y53_N779 ; I/O input buffer ; clk_50m~input|o                                                        ;
;   1.329 ;   0.982  ; RR ; CELL ; 216    ; IOIBUF_X108_Y53_N779 ; I/O input buffer ; clk_50m~input~hviowr/s414_0_1__hvioc_core_periphery__clock_to_core[11] ;
;   2.568 ;   1.239  ; RR ; IC   ; 1      ; FF_X120_Y47_N56      ; ALM Register     ; spi_shift[2]|clk                                                       ;
;   2.568 ;   0.000  ; RR ; CELL ; 1      ; FF_X120_Y47_N56      ; ALM Register     ; spi_shift[2]                                                           ;
;   2.176 ;   -0.392 ;    ;      ;        ;                      ;                  ; clock pessimism removed                                                ;
; 2.176   ; 0.000    ;    ;      ;        ;                      ;                  ; clock uncertainty                                                      ;
; 2.275   ; 0.099    ;    ; uTh  ; 1      ; FF_X120_Y47_N56      ; ALM Register     ; spi_shift[2]                                                           ;
+---------+----------+----+------+--------+----------------------+------------------+------------------------------------------------------------------------+



Path #3: Hold slack is 0.101 
===============================================================================
+------------------------------------------------------------+
; Path Summary                                               ;
+---------------------------------+--------------------------+
; Property                        ; Value                    ;
+---------------------------------+--------------------------+
; From Node                       ; lcd_res~reg0DUPLICATE    ;
; To Node                         ; lcd_res~reg0DUPLICATE    ;
; Launch Clock                    ; clk_50m~derived          ;
; Latch Clock                     ; clk_50m~derived          ;
; SDC Exception                   ; No SDC Exception on Path ;
; Data Arrival Time               ; 2.374                    ;
; Data Required Time              ; 2.273                    ;
; Slack                           ; 0.101                    ;
; Worst-Case Operating Conditions ; Fast fix4 0C Model       ;
+---------------------------------+--------------------------+

+-----------------------------------------------------------------------------------+
; Statistics                                                                        ;
+------------------------+-------+-------+-------------+------------+-------+-------+
; Property               ; Value ; Count ; Total Delay ; % of Total ; Min   ; Max   ;
+------------------------+-------+-------+-------------+------------+-------+-------+
; Hold Relationship      ; 0.000 ;       ;             ;            ;       ;       ;
; Clock Skew             ; 0.000 ;       ;             ;            ;       ;       ;
; Data Delay             ; 0.198 ;       ;             ;            ;       ;       ;
; Number of Logic Levels ;       ; 1     ;             ;            ;       ;       ;
; Physical Delays        ;       ;       ;             ;            ;       ;       ;
;  Arrival Path          ;       ;       ;             ;            ;       ;       ;
;   Clock                ;       ;       ;             ;            ;       ;       ;
;    IC                  ;       ; 2     ; 1.105       ; 51         ; 0.000 ; 1.105 ;
;    Cell                ;       ; 3     ; 1.071       ; 49         ; 0.000 ; 0.749 ;
;   Data                 ;       ;       ;             ;            ;       ;       ;
;    IC                  ;       ; 1     ; 0.045       ; 23         ; 0.045 ; 0.045 ;
;    Cell                ;       ; 3     ; 0.022       ; 11         ; 0.000 ; 0.022 ;
;    uTco                ;       ; 1     ; 0.131       ; 66         ; 0.131 ; 0.131 ;
;  Required Path         ;       ;       ;             ;            ;       ;       ;
;   Clock                ;       ;       ;             ;            ;       ;       ;
;    IC                  ;       ; 2     ; 1.239       ; 48         ; 0.000 ; 1.239 ;
;    Cell                ;       ; 3     ; 1.329       ; 52         ; 0.000 ; 0.982 ;
+------------------------+-------+-------+-------------+------------+-------+-------+
Note: Negative delays are omitted from totals when calculating percentages

+-------------------------------------------------------------------------------------------------------------------------------------------------------------+
; Data Arrival Path                                                                                                                                           ;
+---------+---------+----+------+--------+----------------------+--------------------+------------------------------------------------------------------------+
; Total   ; Incr    ; RF ; Type ; Fanout ; Location             ; Element Type       ; Element                                                                ;
+---------+---------+----+------+--------+----------------------+--------------------+------------------------------------------------------------------------+
; 0.000   ; 0.000   ;    ;      ;        ;                      ;                    ; launch edge time                                                       ;
; 2.176   ; 2.176   ;    ;      ;        ;                      ;                    ; clock path                                                             ;
;   0.000 ;   0.000 ;    ;      ;        ;                      ;                    ; source latency                                                         ;
;   0.000 ;   0.000 ;    ;      ; 1      ; PIN_V16              ; I/O pad            ; clk_50m                                                                ;
;   0.000 ;   0.000 ; RR ; IC   ; 1      ; IOIBUF_X108_Y53_N779 ; I/O input buffer   ; clk_50m~input|i                                                        ;
;   0.322 ;   0.322 ; RR ; CELL ; 1      ; IOIBUF_X108_Y53_N779 ; I/O input buffer   ; clk_50m~input|o                                                        ;
;   1.071 ;   0.749 ; RR ; CELL ; 216    ; IOIBUF_X108_Y53_N779 ; I/O input buffer   ; clk_50m~input~hviowr/s414_0_1__hvioc_core_periphery__clock_to_core[11] ;
;   2.176 ;   1.105 ; RR ; IC   ; 1      ; FF_X118_Y47_N7       ; ALM Register       ; lcd_res~reg0DUPLICATE|clk                                              ;
;   2.176 ;   0.000 ; RR ; CELL ; 1      ; FF_X118_Y47_N7       ; ALM Register       ; lcd_res~reg0DUPLICATE                                                  ;
; 2.374   ; 0.198   ;    ;      ;        ;                      ;                    ; data path                                                              ;
;   2.307 ;   0.131 ; RR ; uTco ; 1      ; FF_X118_Y47_N7       ; ALM Register       ; lcd_res~reg0DUPLICATE|q                                                ;
;   2.352 ;   0.045 ; RR ; IC   ; 1      ; LABCELL_X118_Y47_N6  ; Combinational cell ; Select_0~0|datae                                                       ;
;   2.374 ;   0.022 ; RR ; CELL ; 2      ; LABCELL_X118_Y47_N6  ; Combinational cell ; Select_0~0|combout                                                     ;
;   2.374 ;   0.000 ; RR ; CELL ; 1      ; FF_X118_Y47_N7       ; ALM Register       ; lcd_res~reg0DUPLICATE|d                                                ;
;   2.374 ;   0.000 ; RR ; CELL ; 1      ; FF_X118_Y47_N7       ; ALM Register       ; lcd_res~reg0DUPLICATE                                                  ;
+---------+---------+----+------+--------+----------------------+--------------------+------------------------------------------------------------------------+

+------------------------------------------------------------------------------------------------------------------------------------------------------------+
; Data Required Path                                                                                                                                         ;
+---------+----------+----+------+--------+----------------------+------------------+------------------------------------------------------------------------+
; Total   ; Incr     ; RF ; Type ; Fanout ; Location             ; Element Type     ; Element                                                                ;
+---------+----------+----+------+--------+----------------------+------------------+------------------------------------------------------------------------+
; 0.000   ; 0.000    ;    ;      ;        ;                      ;                  ; latch edge time                                                        ;
; 2.176   ; 2.176    ;    ;      ;        ;                      ;                  ; clock path                                                             ;
;   0.000 ;   0.000  ;    ;      ;        ;                      ;                  ; source latency                                                         ;
;   0.000 ;   0.000  ;    ;      ; 1      ; PIN_V16              ; I/O pad          ; clk_50m                                                                ;
;   0.000 ;   0.000  ; RR ; IC   ; 1      ; IOIBUF_X108_Y53_N779 ; I/O input buffer ; clk_50m~input|i                                                        ;
;   0.347 ;   0.347  ; RR ; CELL ; 1      ; IOIBUF_X108_Y53_N779 ; I/O input buffer ; clk_50m~input|o                                                        ;
;   1.329 ;   0.982  ; RR ; CELL ; 216    ; IOIBUF_X108_Y53_N779 ; I/O input buffer ; clk_50m~input~hviowr/s414_0_1__hvioc_core_periphery__clock_to_core[11] ;
;   2.568 ;   1.239  ; RR ; IC   ; 1      ; FF_X118_Y47_N7       ; ALM Register     ; lcd_res~reg0DUPLICATE|clk                                              ;
;   2.568 ;   0.000  ; RR ; CELL ; 1      ; FF_X118_Y47_N7       ; ALM Register     ; lcd_res~reg0DUPLICATE                                                  ;
;   2.176 ;   -0.392 ;    ;      ;        ;                      ;                  ; clock pessimism removed                                                ;
; 2.176   ; 0.000    ;    ;      ;        ;                      ;                  ; clock uncertainty                                                      ;
; 2.273   ; 0.097    ;    ; uTh  ; 1      ; FF_X118_Y47_N7       ; ALM Register     ; lcd_res~reg0DUPLICATE                                                  ;
+---------+----------+----+------+--------+----------------------+------------------+------------------------------------------------------------------------+



Path #4: Hold slack is 0.102 
===============================================================================
+------------------------------------------------------------+
; Path Summary                                               ;
+---------------------------------+--------------------------+
; Property                        ; Value                    ;
+---------------------------------+--------------------------+
; From Node                       ; spi_sda_r                ;
; To Node                         ; spi_sda_r                ;
; Launch Clock                    ; clk_50m~derived          ;
; Latch Clock                     ; clk_50m~derived          ;
; SDC Exception                   ; No SDC Exception on Path ;
; Data Arrival Time               ; 2.382                    ;
; Data Required Time              ; 2.280                    ;
; Slack                           ; 0.102                    ;
; Worst-Case Operating Conditions ; Fast fix4 0C Model       ;
+---------------------------------+--------------------------+

+-----------------------------------------------------------------------------------+
; Statistics                                                                        ;
+------------------------+-------+-------+-------------+------------+-------+-------+
; Property               ; Value ; Count ; Total Delay ; % of Total ; Min   ; Max   ;
+------------------------+-------+-------+-------------+------------+-------+-------+
; Hold Relationship      ; 0.000 ;       ;             ;            ;       ;       ;
; Clock Skew             ; 0.001 ;       ;             ;            ;       ;       ;
; Data Delay             ; 0.205 ;       ;             ;            ;       ;       ;
; Number of Logic Levels ;       ; 1     ;             ;            ;       ;       ;
; Physical Delays        ;       ;       ;             ;            ;       ;       ;
;  Arrival Path          ;       ;       ;             ;            ;       ;       ;
;   Clock                ;       ;       ;             ;            ;       ;       ;
;    IC                  ;       ; 2     ; 1.106       ; 51         ; 0.000 ; 1.106 ;
;    Cell                ;       ; 3     ; 1.071       ; 49         ; 0.000 ; 0.749 ;
;   Data                 ;       ;       ;             ;            ;       ;       ;
;    IC                  ;       ; 1     ; 0.048       ; 23         ; 0.048 ; 0.048 ;
;    Cell                ;       ; 3     ; 0.021       ; 10         ; 0.000 ; 0.011 ;
;    uTco                ;       ; 1     ; 0.136       ; 66         ; 0.136 ; 0.136 ;
;  Required Path         ;       ;       ;             ;            ;       ;       ;
;   Clock                ;       ;       ;             ;            ;       ;       ;
;    IC                  ;       ; 2     ; 1.240       ; 48         ; 0.000 ; 1.240 ;
;    Cell                ;       ; 3     ; 1.329       ; 52         ; 0.000 ; 0.982 ;
+------------------------+-------+-------+-------------+------------+-------+-------+
Note: Negative delays are omitted from totals when calculating percentages

+-------------------------------------------------------------------------------------------------------------------------------------------------------------+
; Data Arrival Path                                                                                                                                           ;
+---------+---------+----+------+--------+----------------------+--------------------+------------------------------------------------------------------------+
; Total   ; Incr    ; RF ; Type ; Fanout ; Location             ; Element Type       ; Element                                                                ;
+---------+---------+----+------+--------+----------------------+--------------------+------------------------------------------------------------------------+
; 0.000   ; 0.000   ;    ;      ;        ;                      ;                    ; launch edge time                                                       ;
; 2.177   ; 2.177   ;    ;      ;        ;                      ;                    ; clock path                                                             ;
;   0.000 ;   0.000 ;    ;      ;        ;                      ;                    ; source latency                                                         ;
;   0.000 ;   0.000 ;    ;      ; 1      ; PIN_V16              ; I/O pad            ; clk_50m                                                                ;
;   0.000 ;   0.000 ; RR ; IC   ; 1      ; IOIBUF_X108_Y53_N779 ; I/O input buffer   ; clk_50m~input|i                                                        ;
;   0.322 ;   0.322 ; RR ; CELL ; 1      ; IOIBUF_X108_Y53_N779 ; I/O input buffer   ; clk_50m~input|o                                                        ;
;   1.071 ;   0.749 ; RR ; CELL ; 216    ; IOIBUF_X108_Y53_N779 ; I/O input buffer   ; clk_50m~input~hviowr/s414_0_1__hvioc_core_periphery__clock_to_core[11] ;
;   2.177 ;   1.106 ; RR ; IC   ; 1      ; FF_X120_Y48_N8       ; ALM Register       ; spi_sda_r|clk                                                          ;
;   2.177 ;   0.000 ; RR ; CELL ; 1      ; FF_X120_Y48_N8       ; ALM Register       ; spi_sda_r                                                              ;
; 2.382   ; 0.205   ;    ;      ;        ;                      ;                    ; data path                                                              ;
;   2.313 ;   0.136 ; RR ; uTco ; 2      ; FF_X120_Y48_N8       ; ALM Register       ; spi_sda_r|q                                                            ;
;   2.361 ;   0.048 ; RR ; IC   ; 1      ; LABCELL_X120_Y48_N6  ; Combinational cell ; spi_sda_r~0|dataf                                                      ;
;   2.371 ;   0.010 ; RF ; CELL ; 1      ; LABCELL_X120_Y48_N6  ; Combinational cell ; spi_sda_r~0|combout                                                    ;
;   2.382 ;   0.011 ; FR ; CELL ; 1      ; FF_X120_Y48_N8       ; ALM Register       ; spi_sda_r|d                                                            ;
;   2.382 ;   0.000 ; RR ; CELL ; 1      ; FF_X120_Y48_N8       ; ALM Register       ; spi_sda_r                                                              ;
+---------+---------+----+------+--------+----------------------+--------------------+------------------------------------------------------------------------+

+------------------------------------------------------------------------------------------------------------------------------------------------------------+
; Data Required Path                                                                                                                                         ;
+---------+----------+----+------+--------+----------------------+------------------+------------------------------------------------------------------------+
; Total   ; Incr     ; RF ; Type ; Fanout ; Location             ; Element Type     ; Element                                                                ;
+---------+----------+----+------+--------+----------------------+------------------+------------------------------------------------------------------------+
; 0.000   ; 0.000    ;    ;      ;        ;                      ;                  ; latch edge time                                                        ;
; 2.178   ; 2.178    ;    ;      ;        ;                      ;                  ; clock path                                                             ;
;   0.000 ;   0.000  ;    ;      ;        ;                      ;                  ; source latency                                                         ;
;   0.000 ;   0.000  ;    ;      ; 1      ; PIN_V16              ; I/O pad          ; clk_50m                                                                ;
;   0.000 ;   0.000  ; RR ; IC   ; 1      ; IOIBUF_X108_Y53_N779 ; I/O input buffer ; clk_50m~input|i                                                        ;
;   0.347 ;   0.347  ; RR ; CELL ; 1      ; IOIBUF_X108_Y53_N779 ; I/O input buffer ; clk_50m~input|o                                                        ;
;   1.329 ;   0.982  ; RR ; CELL ; 216    ; IOIBUF_X108_Y53_N779 ; I/O input buffer ; clk_50m~input~hviowr/s414_0_1__hvioc_core_periphery__clock_to_core[11] ;
;   2.569 ;   1.240  ; RR ; IC   ; 1      ; FF_X120_Y48_N8       ; ALM Register     ; spi_sda_r|clk                                                          ;
;   2.569 ;   0.000  ; RR ; CELL ; 1      ; FF_X120_Y48_N8       ; ALM Register     ; spi_sda_r                                                              ;
;   2.178 ;   -0.391 ;    ;      ;        ;                      ;                  ; clock pessimism removed                                                ;
; 2.178   ; 0.000    ;    ;      ;        ;                      ;                  ; clock uncertainty                                                      ;
; 2.280   ; 0.102    ;    ; uTh  ; 1      ; FF_X120_Y48_N8       ; ALM Register     ; spi_sda_r                                                              ;
+---------+----------+----+------+--------+----------------------+------------------+------------------------------------------------------------------------+



Path #5: Hold slack is 0.103 
===============================================================================
+------------------------------------------------------------+
; Path Summary                                               ;
+---------------------------------+--------------------------+
; Property                        ; Value                    ;
+---------------------------------+--------------------------+
; From Node                       ; spi_div[1]~DUPLICATE     ;
; To Node                         ; spi_bit_cnt[0]           ;
; Launch Clock                    ; clk_50m~derived          ;
; Latch Clock                     ; clk_50m~derived          ;
; SDC Exception                   ; No SDC Exception on Path ;
; Data Arrival Time               ; 2.378                    ;
; Data Required Time              ; 2.275                    ;
; Slack                           ; 0.103                    ;
; Worst-Case Operating Conditions ; Fast fix4 0C Model       ;
+---------------------------------+--------------------------+

+-----------------------------------------------------------------------------------+
; Statistics                                                                        ;
+------------------------+-------+-------+-------------+------------+-------+-------+
; Property               ; Value ; Count ; Total Delay ; % of Total ; Min   ; Max   ;
+------------------------+-------+-------+-------------+------------+-------+-------+
; Hold Relationship      ; 0.000 ;       ;             ;            ;       ;       ;
; Clock Skew             ; 0.000 ;       ;             ;            ;       ;       ;
; Data Delay             ; 0.203 ;       ;             ;            ;       ;       ;
; Number of Logic Levels ;       ; 1     ;             ;            ;       ;       ;
; Physical Delays        ;       ;       ;             ;            ;       ;       ;
;  Arrival Path          ;       ;       ;             ;            ;       ;       ;
;   Clock                ;       ;       ;             ;            ;       ;       ;
;    IC                  ;       ; 2     ; 1.104       ; 51         ; 0.000 ; 1.104 ;
;    Cell                ;       ; 3     ; 1.071       ; 49         ; 0.000 ; 0.749 ;
;   Data                 ;       ;       ;             ;            ;       ;       ;
;    IC                  ;       ; 1     ; 0.051       ; 25         ; 0.051 ; 0.051 ;
;    Cell                ;       ; 3     ; 0.023       ; 11         ; 0.000 ; 0.012 ;
;    uTco                ;       ; 1     ; 0.129       ; 64         ; 0.129 ; 0.129 ;
;  Required Path         ;       ;       ;             ;            ;       ;       ;
;   Clock                ;       ;       ;             ;            ;       ;       ;
;    IC                  ;       ; 2     ; 1.238       ; 48         ; 0.000 ; 1.238 ;
;    Cell                ;       ; 3     ; 1.329       ; 52         ; 0.000 ; 0.982 ;
+------------------------+-------+-------+-------------+------------+-------+-------+
Note: Negative delays are omitted from totals when calculating percentages

+-------------------------------------------------------------------------------------------------------------------------------------------------------------+
; Data Arrival Path                                                                                                                                           ;
+---------+---------+----+------+--------+----------------------+--------------------+------------------------------------------------------------------------+
; Total   ; Incr    ; RF ; Type ; Fanout ; Location             ; Element Type       ; Element                                                                ;
+---------+---------+----+------+--------+----------------------+--------------------+------------------------------------------------------------------------+
; 0.000   ; 0.000   ;    ;      ;        ;                      ;                    ; launch edge time                                                       ;
; 2.175   ; 2.175   ;    ;      ;        ;                      ;                    ; clock path                                                             ;
;   0.000 ;   0.000 ;    ;      ;        ;                      ;                    ; source latency                                                         ;
;   0.000 ;   0.000 ;    ;      ; 1      ; PIN_V16              ; I/O pad            ; clk_50m                                                                ;
;   0.000 ;   0.000 ; RR ; IC   ; 1      ; IOIBUF_X108_Y53_N779 ; I/O input buffer   ; clk_50m~input|i                                                        ;
;   0.322 ;   0.322 ; RR ; CELL ; 1      ; IOIBUF_X108_Y53_N779 ; I/O input buffer   ; clk_50m~input|o                                                        ;
;   1.071 ;   0.749 ; RR ; CELL ; 216    ; IOIBUF_X108_Y53_N779 ; I/O input buffer   ; clk_50m~input~hviowr/s414_0_1__hvioc_core_periphery__clock_to_core[11] ;
;   2.175 ;   1.104 ; RR ; IC   ; 1      ; FF_X120_Y46_N31      ; ALM Register       ; spi_div[1]~DUPLICATE|clk                                               ;
;   2.175 ;   0.000 ; RR ; CELL ; 1      ; FF_X120_Y46_N31      ; ALM Register       ; spi_div[1]~DUPLICATE                                                   ;
; 2.378   ; 0.203   ;    ;      ;        ;                      ;                    ; data path                                                              ;
;   2.304 ;   0.129 ; FF ; uTco ; 1      ; FF_X120_Y46_N31      ; ALM Register       ; spi_div[1]~DUPLICATE|q                                                 ;
;   2.355 ;   0.051 ; FF ; IC   ; 1      ; LABCELL_X120_Y46_N6  ; Combinational cell ; Mux_13~0|dataf                                                         ;
;   2.367 ;   0.012 ; FF ; CELL ; 1      ; LABCELL_X120_Y46_N6  ; Combinational cell ; Mux_13~0|combout                                                       ;
;   2.378 ;   0.011 ; FR ; CELL ; 1      ; FF_X120_Y46_N7       ; ALM Register       ; spi_bit_cnt[0]|d                                                       ;
;   2.378 ;   0.000 ; RR ; CELL ; 1      ; FF_X120_Y46_N7       ; ALM Register       ; spi_bit_cnt[0]                                                         ;
+---------+---------+----+------+--------+----------------------+--------------------+------------------------------------------------------------------------+

+------------------------------------------------------------------------------------------------------------------------------------------------------------+
; Data Required Path                                                                                                                                         ;
+---------+----------+----+------+--------+----------------------+------------------+------------------------------------------------------------------------+
; Total   ; Incr     ; RF ; Type ; Fanout ; Location             ; Element Type     ; Element                                                                ;
+---------+----------+----+------+--------+----------------------+------------------+------------------------------------------------------------------------+
; 0.000   ; 0.000    ;    ;      ;        ;                      ;                  ; latch edge time                                                        ;
; 2.175   ; 2.175    ;    ;      ;        ;                      ;                  ; clock path                                                             ;
;   0.000 ;   0.000  ;    ;      ;        ;                      ;                  ; source latency                                                         ;
;   0.000 ;   0.000  ;    ;      ; 1      ; PIN_V16              ; I/O pad          ; clk_50m                                                                ;
;   0.000 ;   0.000  ; RR ; IC   ; 1      ; IOIBUF_X108_Y53_N779 ; I/O input buffer ; clk_50m~input|i                                                        ;
;   0.347 ;   0.347  ; RR ; CELL ; 1      ; IOIBUF_X108_Y53_N779 ; I/O input buffer ; clk_50m~input|o                                                        ;
;   1.329 ;   0.982  ; RR ; CELL ; 216    ; IOIBUF_X108_Y53_N779 ; I/O input buffer ; clk_50m~input~hviowr/s414_0_1__hvioc_core_periphery__clock_to_core[11] ;
;   2.567 ;   1.238  ; RR ; IC   ; 1      ; FF_X120_Y46_N7       ; ALM Register     ; spi_bit_cnt[0]|clk                                                     ;
;   2.567 ;   0.000  ; RR ; CELL ; 1      ; FF_X120_Y46_N7       ; ALM Register     ; spi_bit_cnt[0]                                                         ;
;   2.175 ;   -0.392 ;    ;      ;        ;                      ;                  ; clock pessimism removed                                                ;
; 2.175   ; 0.000    ;    ;      ;        ;                      ;                  ; clock uncertainty                                                      ;
; 2.275   ; 0.100    ;    ; uTh  ; 1      ; FF_X120_Y46_N7       ; ALM Register     ; spi_bit_cnt[0]                                                         ;
+---------+----------+----+------+--------+----------------------+------------------+------------------------------------------------------------------------+



Path #6: Hold slack is 0.105 
===============================================================================
+------------------------------------------------------------+
; Path Summary                                               ;
+---------------------------------+--------------------------+
; Property                        ; Value                    ;
+---------------------------------+--------------------------+
; From Node                       ; init_idx[3]              ;
; To Node                         ; spi_dc_in~RTM_2          ;
; Launch Clock                    ; clk_50m~derived          ;
; Latch Clock                     ; clk_50m~derived          ;
; SDC Exception                   ; No SDC Exception on Path ;
; Data Arrival Time               ; 2.380                    ;
; Data Required Time              ; 2.275                    ;
; Slack                           ; 0.105                    ;
; Worst-Case Operating Conditions ; Fast fix4 0C Model       ;
+---------------------------------+--------------------------+

+-----------------------------------------------------------------------------------+
; Statistics                                                                        ;
+------------------------+-------+-------+-------------+------------+-------+-------+
; Property               ; Value ; Count ; Total Delay ; % of Total ; Min   ; Max   ;
+------------------------+-------+-------+-------------+------------+-------+-------+
; Hold Relationship      ; 0.000 ;       ;             ;            ;       ;       ;
; Clock Skew             ; 0.000 ;       ;             ;            ;       ;       ;
; Data Delay             ; 0.207 ;       ;             ;            ;       ;       ;
; Number of Logic Levels ;       ; 1     ;             ;            ;       ;       ;
; Physical Delays        ;       ;       ;             ;            ;       ;       ;
;  Arrival Path          ;       ;       ;             ;            ;       ;       ;
;   Clock                ;       ;       ;             ;            ;       ;       ;
;    IC                  ;       ; 2     ; 1.102       ; 51         ; 0.000 ; 1.102 ;
;    Cell                ;       ; 3     ; 1.071       ; 49         ; 0.000 ; 0.749 ;
;   Data                 ;       ;       ;             ;            ;       ;       ;
;    IC                  ;       ; 1     ; 0.050       ; 24         ; 0.050 ; 0.050 ;
;    Cell                ;       ; 3     ; 0.023       ; 11         ; 0.000 ; 0.012 ;
;    uTco                ;       ; 1     ; 0.134       ; 65         ; 0.134 ; 0.134 ;
;  Required Path         ;       ;       ;             ;            ;       ;       ;
;   Clock                ;       ;       ;             ;            ;       ;       ;
;    IC                  ;       ; 2     ; 1.236       ; 48         ; 0.000 ; 1.236 ;
;    Cell                ;       ; 3     ; 1.329       ; 52         ; 0.000 ; 0.982 ;
+------------------------+-------+-------+-------------+------------+-------+-------+
Note: Negative delays are omitted from totals when calculating percentages

+-------------------------------------------------------------------------------------------------------------------------------------------------------------+
; Data Arrival Path                                                                                                                                           ;
+---------+---------+----+------+--------+----------------------+--------------------+------------------------------------------------------------------------+
; Total   ; Incr    ; RF ; Type ; Fanout ; Location             ; Element Type       ; Element                                                                ;
+---------+---------+----+------+--------+----------------------+--------------------+------------------------------------------------------------------------+
; 0.000   ; 0.000   ;    ;      ;        ;                      ;                    ; launch edge time                                                       ;
; 2.173   ; 2.173   ;    ;      ;        ;                      ;                    ; clock path                                                             ;
;   0.000 ;   0.000 ;    ;      ;        ;                      ;                    ; source latency                                                         ;
;   0.000 ;   0.000 ;    ;      ; 1      ; PIN_V16              ; I/O pad            ; clk_50m                                                                ;
;   0.000 ;   0.000 ; RR ; IC   ; 1      ; IOIBUF_X108_Y53_N779 ; I/O input buffer   ; clk_50m~input|i                                                        ;
;   0.322 ;   0.322 ; RR ; CELL ; 1      ; IOIBUF_X108_Y53_N779 ; I/O input buffer   ; clk_50m~input|o                                                        ;
;   1.071 ;   0.749 ; RR ; CELL ; 216    ; IOIBUF_X108_Y53_N779 ; I/O input buffer   ; clk_50m~input~hviowr/s414_0_1__hvioc_core_periphery__clock_to_core[11] ;
;   2.173 ;   1.102 ; RR ; IC   ; 1      ; FF_X115_Y46_N26      ; ALM Register       ; init_idx[3]|clk                                                        ;
;   2.173 ;   0.000 ; RR ; CELL ; 1      ; FF_X115_Y46_N26      ; ALM Register       ; init_idx[3]                                                            ;
; 2.380   ; 0.207   ;    ;      ;        ;                      ;                    ; data path                                                              ;
;   2.307 ;   0.134 ; FF ; uTco ; 2      ; FF_X115_Y46_N26      ; ALM Register       ; init_idx[3]|q                                                          ;
;   2.357 ;   0.050 ; FF ; IC   ; 1      ; LABCELL_X115_Y46_N18 ; Combinational cell ; Mux_66~1|dataf                                                         ;
;   2.369 ;   0.012 ; FF ; CELL ; 1      ; LABCELL_X115_Y46_N18 ; Combinational cell ; Mux_66~1|combout                                                       ;
;   2.380 ;   0.011 ; FR ; CELL ; 1      ; FF_X115_Y46_N20      ; ALM Register       ; spi_dc_in~RTM_2|d                                                      ;
;   2.380 ;   0.000 ; RR ; CELL ; 1      ; FF_X115_Y46_N20      ; ALM Register       ; spi_dc_in~RTM_2                                                        ;
+---------+---------+----+------+--------+----------------------+--------------------+------------------------------------------------------------------------+

+------------------------------------------------------------------------------------------------------------------------------------------------------------+
; Data Required Path                                                                                                                                         ;
+---------+----------+----+------+--------+----------------------+------------------+------------------------------------------------------------------------+
; Total   ; Incr     ; RF ; Type ; Fanout ; Location             ; Element Type     ; Element                                                                ;
+---------+----------+----+------+--------+----------------------+------------------+------------------------------------------------------------------------+
; 0.000   ; 0.000    ;    ;      ;        ;                      ;                  ; latch edge time                                                        ;
; 2.173   ; 2.173    ;    ;      ;        ;                      ;                  ; clock path                                                             ;
;   0.000 ;   0.000  ;    ;      ;        ;                      ;                  ; source latency                                                         ;
;   0.000 ;   0.000  ;    ;      ; 1      ; PIN_V16              ; I/O pad          ; clk_50m                                                                ;
;   0.000 ;   0.000  ; RR ; IC   ; 1      ; IOIBUF_X108_Y53_N779 ; I/O input buffer ; clk_50m~input|i                                                        ;
;   0.347 ;   0.347  ; RR ; CELL ; 1      ; IOIBUF_X108_Y53_N779 ; I/O input buffer ; clk_50m~input|o                                                        ;
;   1.329 ;   0.982  ; RR ; CELL ; 216    ; IOIBUF_X108_Y53_N779 ; I/O input buffer ; clk_50m~input~hviowr/s414_0_1__hvioc_core_periphery__clock_to_core[11] ;
;   2.565 ;   1.236  ; RR ; IC   ; 1      ; FF_X115_Y46_N20      ; ALM Register     ; spi_dc_in~RTM_2|clk                                                    ;
;   2.565 ;   0.000  ; RR ; CELL ; 1      ; FF_X115_Y46_N20      ; ALM Register     ; spi_dc_in~RTM_2                                                        ;
;   2.173 ;   -0.392 ;    ;      ;        ;                      ;                  ; clock pessimism removed                                                ;
; 2.173   ; 0.000    ;    ;      ;        ;                      ;                  ; clock uncertainty                                                      ;
; 2.275   ; 0.102    ;    ; uTh  ; 1      ; FF_X115_Y46_N20      ; ALM Register     ; spi_dc_in~RTM_2                                                        ;
+---------+----------+----+------+--------+----------------------+------------------+------------------------------------------------------------------------+



Path #7: Hold slack is 0.105 
===============================================================================
+------------------------------------------------------------+
; Path Summary                                               ;
+---------------------------------+--------------------------+
; Property                        ; Value                    ;
+---------------------------------+--------------------------+
; From Node                       ; spi_bit_cnt[1]           ;
; To Node                         ; spi_bit_cnt[2]           ;
; Launch Clock                    ; clk_50m~derived          ;
; Latch Clock                     ; clk_50m~derived          ;
; SDC Exception                   ; No SDC Exception on Path ;
; Data Arrival Time               ; 2.380                    ;
; Data Required Time              ; 2.275                    ;
; Slack                           ; 0.105                    ;
; Worst-Case Operating Conditions ; Fast fix4 0C Model       ;
+---------------------------------+--------------------------+

+-----------------------------------------------------------------------------------+
; Statistics                                                                        ;
+------------------------+-------+-------+-------------+------------+-------+-------+
; Property               ; Value ; Count ; Total Delay ; % of Total ; Min   ; Max   ;
+------------------------+-------+-------+-------------+------------+-------+-------+
; Hold Relationship      ; 0.000 ;       ;             ;            ;       ;       ;
; Clock Skew             ; 0.000 ;       ;             ;            ;       ;       ;
; Data Delay             ; 0.205 ;       ;             ;            ;       ;       ;
; Number of Logic Levels ;       ; 1     ;             ;            ;       ;       ;
; Physical Delays        ;       ;       ;             ;            ;       ;       ;
;  Arrival Path          ;       ;       ;             ;            ;       ;       ;
;   Clock                ;       ;       ;             ;            ;       ;       ;
;    IC                  ;       ; 2     ; 1.104       ; 51         ; 0.000 ; 1.104 ;
;    Cell                ;       ; 3     ; 1.071       ; 49         ; 0.000 ; 0.749 ;
;   Data                 ;       ;       ;             ;            ;       ;       ;
;    IC                  ;       ; 1     ; 0.046       ; 22         ; 0.046 ; 0.046 ;
;    Cell                ;       ; 3     ; 0.025       ; 12         ; 0.000 ; 0.014 ;
;    uTco                ;       ; 1     ; 0.134       ; 65         ; 0.134 ; 0.134 ;
;  Required Path         ;       ;       ;             ;            ;       ;       ;
;   Clock                ;       ;       ;             ;            ;       ;       ;
;    IC                  ;       ; 2     ; 1.238       ; 48         ; 0.000 ; 1.238 ;
;    Cell                ;       ; 3     ; 1.329       ; 52         ; 0.000 ; 0.982 ;
+------------------------+-------+-------+-------------+------------+-------+-------+
Note: Negative delays are omitted from totals when calculating percentages

+-------------------------------------------------------------------------------------------------------------------------------------------------------------+
; Data Arrival Path                                                                                                                                           ;
+---------+---------+----+------+--------+----------------------+--------------------+------------------------------------------------------------------------+
; Total   ; Incr    ; RF ; Type ; Fanout ; Location             ; Element Type       ; Element                                                                ;
+---------+---------+----+------+--------+----------------------+--------------------+------------------------------------------------------------------------+
; 0.000   ; 0.000   ;    ;      ;        ;                      ;                    ; launch edge time                                                       ;
; 2.175   ; 2.175   ;    ;      ;        ;                      ;                    ; clock path                                                             ;
;   0.000 ;   0.000 ;    ;      ;        ;                      ;                    ; source latency                                                         ;
;   0.000 ;   0.000 ;    ;      ; 1      ; PIN_V16              ; I/O pad            ; clk_50m                                                                ;
;   0.000 ;   0.000 ; RR ; IC   ; 1      ; IOIBUF_X108_Y53_N779 ; I/O input buffer   ; clk_50m~input|i                                                        ;
;   0.322 ;   0.322 ; RR ; CELL ; 1      ; IOIBUF_X108_Y53_N779 ; I/O input buffer   ; clk_50m~input|o                                                        ;
;   1.071 ;   0.749 ; RR ; CELL ; 216    ; IOIBUF_X108_Y53_N779 ; I/O input buffer   ; clk_50m~input~hviowr/s414_0_1__hvioc_core_periphery__clock_to_core[11] ;
;   2.175 ;   1.104 ; RR ; IC   ; 1      ; FF_X120_Y46_N14      ; ALM Register       ; spi_bit_cnt[1]|clk                                                     ;
;   2.175 ;   0.000 ; RR ; CELL ; 1      ; FF_X120_Y46_N14      ; ALM Register       ; spi_bit_cnt[1]                                                         ;
; 2.380   ; 0.205   ;    ;      ;        ;                      ;                    ; data path                                                              ;
;   2.309 ;   0.134 ; FF ; uTco ; 1      ; FF_X120_Y46_N14      ; ALM Register       ; spi_bit_cnt[1]|q                                                       ;
;   2.355 ;   0.046 ; FF ; IC   ; 1      ; LABCELL_X120_Y46_N15 ; Combinational cell ; spi_bit_cnt[2]~0|datae                                                 ;
;   2.369 ;   0.014 ; FF ; CELL ; 1      ; LABCELL_X120_Y46_N15 ; Combinational cell ; spi_bit_cnt[2]~0|combout                                               ;
;   2.380 ;   0.011 ; FR ; CELL ; 1      ; FF_X120_Y46_N16      ; ALM Register       ; spi_bit_cnt[2]|d                                                       ;
;   2.380 ;   0.000 ; RR ; CELL ; 1      ; FF_X120_Y46_N16      ; ALM Register       ; spi_bit_cnt[2]                                                         ;
+---------+---------+----+------+--------+----------------------+--------------------+------------------------------------------------------------------------+

+------------------------------------------------------------------------------------------------------------------------------------------------------------+
; Data Required Path                                                                                                                                         ;
+---------+----------+----+------+--------+----------------------+------------------+------------------------------------------------------------------------+
; Total   ; Incr     ; RF ; Type ; Fanout ; Location             ; Element Type     ; Element                                                                ;
+---------+----------+----+------+--------+----------------------+------------------+------------------------------------------------------------------------+
; 0.000   ; 0.000    ;    ;      ;        ;                      ;                  ; latch edge time                                                        ;
; 2.175   ; 2.175    ;    ;      ;        ;                      ;                  ; clock path                                                             ;
;   0.000 ;   0.000  ;    ;      ;        ;                      ;                  ; source latency                                                         ;
;   0.000 ;   0.000  ;    ;      ; 1      ; PIN_V16              ; I/O pad          ; clk_50m                                                                ;
;   0.000 ;   0.000  ; RR ; IC   ; 1      ; IOIBUF_X108_Y53_N779 ; I/O input buffer ; clk_50m~input|i                                                        ;
;   0.347 ;   0.347  ; RR ; CELL ; 1      ; IOIBUF_X108_Y53_N779 ; I/O input buffer ; clk_50m~input|o                                                        ;
;   1.329 ;   0.982  ; RR ; CELL ; 216    ; IOIBUF_X108_Y53_N779 ; I/O input buffer ; clk_50m~input~hviowr/s414_0_1__hvioc_core_periphery__clock_to_core[11] ;
;   2.567 ;   1.238  ; RR ; IC   ; 1      ; FF_X120_Y46_N16      ; ALM Register     ; spi_bit_cnt[2]|clk                                                     ;
;   2.567 ;   0.000  ; RR ; CELL ; 1      ; FF_X120_Y46_N16      ; ALM Register     ; spi_bit_cnt[2]                                                         ;
;   2.175 ;   -0.392 ;    ;      ;        ;                      ;                  ; clock pessimism removed                                                ;
; 2.175   ; 0.000    ;    ;      ;        ;                      ;                  ; clock uncertainty                                                      ;
; 2.275   ; 0.100    ;    ; uTh  ; 1      ; FF_X120_Y46_N16      ; ALM Register     ; spi_bit_cnt[2]                                                         ;
+---------+----------+----+------+--------+----------------------+------------------+------------------------------------------------------------------------+



Path #8: Hold slack is 0.105 
===============================================================================
+------------------------------------------------------------+
; Path Summary                                               ;
+---------------------------------+--------------------------+
; Property                        ; Value                    ;
+---------------------------------+--------------------------+
; From Node                       ; spi_div[0]~DUPLICATE     ;
; To Node                         ; spi_div[0]               ;
; Launch Clock                    ; clk_50m~derived          ;
; Latch Clock                     ; clk_50m~derived          ;
; SDC Exception                   ; No SDC Exception on Path ;
; Data Arrival Time               ; 2.378                    ;
; Data Required Time              ; 2.273                    ;
; Slack                           ; 0.105                    ;
; Worst-Case Operating Conditions ; Fast fix4 0C Model       ;
+---------------------------------+--------------------------+

+-----------------------------------------------------------------------------------+
; Statistics                                                                        ;
+------------------------+-------+-------+-------------+------------+-------+-------+
; Property               ; Value ; Count ; Total Delay ; % of Total ; Min   ; Max   ;
+------------------------+-------+-------+-------------+------------+-------+-------+
; Hold Relationship      ; 0.000 ;       ;             ;            ;       ;       ;
; Clock Skew             ; 0.000 ;       ;             ;            ;       ;       ;
; Data Delay             ; 0.203 ;       ;             ;            ;       ;       ;
; Number of Logic Levels ;       ; 1     ;             ;            ;       ;       ;
; Physical Delays        ;       ;       ;             ;            ;       ;       ;
;  Arrival Path          ;       ;       ;             ;            ;       ;       ;
;   Clock                ;       ;       ;             ;            ;       ;       ;
;    IC                  ;       ; 2     ; 1.104       ; 51         ; 0.000 ; 1.104 ;
;    Cell                ;       ; 3     ; 1.071       ; 49         ; 0.000 ; 0.749 ;
;   Data                 ;       ;       ;             ;            ;       ;       ;
;    IC                  ;       ; 1     ; 0.047       ; 23         ; 0.047 ; 0.047 ;
;    Cell                ;       ; 3     ; 0.026       ; 13         ; 0.000 ; 0.014 ;
;    uTco                ;       ; 1     ; 0.130       ; 64         ; 0.130 ; 0.130 ;
;  Required Path         ;       ;       ;             ;            ;       ;       ;
;   Clock                ;       ;       ;             ;            ;       ;       ;
;    IC                  ;       ; 2     ; 1.238       ; 48         ; 0.000 ; 1.238 ;
;    Cell                ;       ; 3     ; 1.329       ; 52         ; 0.000 ; 0.982 ;
+------------------------+-------+-------+-------------+------------+-------+-------+
Note: Negative delays are omitted from totals when calculating percentages

+-------------------------------------------------------------------------------------------------------------------------------------------------------------+
; Data Arrival Path                                                                                                                                           ;
+---------+---------+----+------+--------+----------------------+--------------------+------------------------------------------------------------------------+
; Total   ; Incr    ; RF ; Type ; Fanout ; Location             ; Element Type       ; Element                                                                ;
+---------+---------+----+------+--------+----------------------+--------------------+------------------------------------------------------------------------+
; 0.000   ; 0.000   ;    ;      ;        ;                      ;                    ; launch edge time                                                       ;
; 2.175   ; 2.175   ;    ;      ;        ;                      ;                    ; clock path                                                             ;
;   0.000 ;   0.000 ;    ;      ;        ;                      ;                    ; source latency                                                         ;
;   0.000 ;   0.000 ;    ;      ; 1      ; PIN_V16              ; I/O pad            ; clk_50m                                                                ;
;   0.000 ;   0.000 ; RR ; IC   ; 1      ; IOIBUF_X108_Y53_N779 ; I/O input buffer   ; clk_50m~input|i                                                        ;
;   0.322 ;   0.322 ; RR ; CELL ; 1      ; IOIBUF_X108_Y53_N779 ; I/O input buffer   ; clk_50m~input|o                                                        ;
;   1.071 ;   0.749 ; RR ; CELL ; 216    ; IOIBUF_X108_Y53_N779 ; I/O input buffer   ; clk_50m~input~hviowr/s414_0_1__hvioc_core_periphery__clock_to_core[11] ;
;   2.175 ;   1.104 ; RR ; IC   ; 1      ; FF_X120_Y46_N43      ; ALM Register       ; spi_div[0]~DUPLICATE|clk                                               ;
;   2.175 ;   0.000 ; RR ; CELL ; 1      ; FF_X120_Y46_N43      ; ALM Register       ; spi_div[0]~DUPLICATE                                                   ;
; 2.378   ; 0.203   ;    ;      ;        ;                      ;                    ; data path                                                              ;
;   2.305 ;   0.130 ; FF ; uTco ; 5      ; FF_X120_Y46_N43      ; ALM Register       ; spi_div[0]~DUPLICATE|q                                                 ;
;   2.352 ;   0.047 ; FF ; IC   ; 1      ; LABCELL_X120_Y46_N42 ; Combinational cell ; spi_div[0]~0|dataf                                                     ;
;   2.364 ;   0.012 ; FF ; CELL ; 2      ; LABCELL_X120_Y46_N42 ; Combinational cell ; spi_div[0]~0|combout                                                   ;
;   2.378 ;   0.014 ; FR ; CELL ; 1      ; FF_X120_Y46_N44      ; ALM Register       ; spi_div[0]|d                                                           ;
;   2.378 ;   0.000 ; RR ; CELL ; 1      ; FF_X120_Y46_N44      ; ALM Register       ; spi_div[0]                                                             ;
+---------+---------+----+------+--------+----------------------+--------------------+------------------------------------------------------------------------+

+------------------------------------------------------------------------------------------------------------------------------------------------------------+
; Data Required Path                                                                                                                                         ;
+---------+----------+----+------+--------+----------------------+------------------+------------------------------------------------------------------------+
; Total   ; Incr     ; RF ; Type ; Fanout ; Location             ; Element Type     ; Element                                                                ;
+---------+----------+----+------+--------+----------------------+------------------+------------------------------------------------------------------------+
; 0.000   ; 0.000    ;    ;      ;        ;                      ;                  ; latch edge time                                                        ;
; 2.175   ; 2.175    ;    ;      ;        ;                      ;                  ; clock path                                                             ;
;   0.000 ;   0.000  ;    ;      ;        ;                      ;                  ; source latency                                                         ;
;   0.000 ;   0.000  ;    ;      ; 1      ; PIN_V16              ; I/O pad          ; clk_50m                                                                ;
;   0.000 ;   0.000  ; RR ; IC   ; 1      ; IOIBUF_X108_Y53_N779 ; I/O input buffer ; clk_50m~input|i                                                        ;
;   0.347 ;   0.347  ; RR ; CELL ; 1      ; IOIBUF_X108_Y53_N779 ; I/O input buffer ; clk_50m~input|o                                                        ;
;   1.329 ;   0.982  ; RR ; CELL ; 216    ; IOIBUF_X108_Y53_N779 ; I/O input buffer ; clk_50m~input~hviowr/s414_0_1__hvioc_core_periphery__clock_to_core[11] ;
;   2.567 ;   1.238  ; RR ; IC   ; 1      ; FF_X120_Y46_N44      ; ALM Register     ; spi_div[0]|clk                                                         ;
;   2.567 ;   0.000  ; RR ; CELL ; 1      ; FF_X120_Y46_N44      ; ALM Register     ; spi_div[0]                                                             ;
;   2.175 ;   -0.392 ;    ;      ;        ;                      ;                  ; clock pessimism removed                                                ;
; 2.175   ; 0.000    ;    ;      ;        ;                      ;                  ; clock uncertainty                                                      ;
; 2.273   ; 0.098    ;    ; uTh  ; 1      ; FF_X120_Y46_N44      ; ALM Register     ; spi_div[0]                                                             ;
+---------+----------+----+------+--------+----------------------+------------------+------------------------------------------------------------------------+



Path #9: Hold slack is 0.106 
===============================================================================
+------------------------------------------------------------+
; Path Summary                                               ;
+---------------------------------+--------------------------+
; Property                        ; Value                    ;
+---------------------------------+--------------------------+
; From Node                       ; spi_dc_in~RTM            ;
; To Node                         ; spi_dc_in~RTM            ;
; Launch Clock                    ; clk_50m~derived          ;
; Latch Clock                     ; clk_50m~derived          ;
; SDC Exception                   ; No SDC Exception on Path ;
; Data Arrival Time               ; 2.382                    ;
; Data Required Time              ; 2.276                    ;
; Slack                           ; 0.106                    ;
; Worst-Case Operating Conditions ; Fast fix4 0C Model       ;
+---------------------------------+--------------------------+

+-----------------------------------------------------------------------------------+
; Statistics                                                                        ;
+------------------------+-------+-------+-------------+------------+-------+-------+
; Property               ; Value ; Count ; Total Delay ; % of Total ; Min   ; Max   ;
+------------------------+-------+-------+-------------+------------+-------+-------+
; Hold Relationship      ; 0.000 ;       ;             ;            ;       ;       ;
; Clock Skew             ; 0.000 ;       ;             ;            ;       ;       ;
; Data Delay             ; 0.206 ;       ;             ;            ;       ;       ;
; Number of Logic Levels ;       ; 1     ;             ;            ;       ;       ;
; Physical Delays        ;       ;       ;             ;            ;       ;       ;
;  Arrival Path          ;       ;       ;             ;            ;       ;       ;
;   Clock                ;       ;       ;             ;            ;       ;       ;
;    IC                  ;       ; 2     ; 1.105       ; 51         ; 0.000 ; 1.105 ;
;    Cell                ;       ; 3     ; 1.071       ; 49         ; 0.000 ; 0.749 ;
;   Data                 ;       ;       ;             ;            ;       ;       ;
;    IC                  ;       ; 1     ; 0.048       ; 23         ; 0.048 ; 0.048 ;
;    Cell                ;       ; 3     ; 0.024       ; 12         ; 0.000 ; 0.014 ;
;    uTco                ;       ; 1     ; 0.134       ; 65         ; 0.134 ; 0.134 ;
;  Required Path         ;       ;       ;             ;            ;       ;       ;
;   Clock                ;       ;       ;             ;            ;       ;       ;
;    IC                  ;       ; 2     ; 1.239       ; 48         ; 0.000 ; 1.239 ;
;    Cell                ;       ; 3     ; 1.329       ; 52         ; 0.000 ; 0.982 ;
+------------------------+-------+-------+-------------+------------+-------+-------+
Note: Negative delays are omitted from totals when calculating percentages

+--------------------------------------------------------------------------------------------------------------------------------------------------------------+
; Data Arrival Path                                                                                                                                            ;
+---------+---------+----+------+--------+-----------------------+--------------------+------------------------------------------------------------------------+
; Total   ; Incr    ; RF ; Type ; Fanout ; Location              ; Element Type       ; Element                                                                ;
+---------+---------+----+------+--------+-----------------------+--------------------+------------------------------------------------------------------------+
; 0.000   ; 0.000   ;    ;      ;        ;                       ;                    ; launch edge time                                                       ;
; 2.176   ; 2.176   ;    ;      ;        ;                       ;                    ; clock path                                                             ;
;   0.000 ;   0.000 ;    ;      ;        ;                       ;                    ; source latency                                                         ;
;   0.000 ;   0.000 ;    ;      ; 1      ; PIN_V16               ; I/O pad            ; clk_50m                                                                ;
;   0.000 ;   0.000 ; RR ; IC   ; 1      ; IOIBUF_X108_Y53_N779  ; I/O input buffer   ; clk_50m~input|i                                                        ;
;   0.322 ;   0.322 ; RR ; CELL ; 1      ; IOIBUF_X108_Y53_N779  ; I/O input buffer   ; clk_50m~input|o                                                        ;
;   1.071 ;   0.749 ; RR ; CELL ; 216    ; IOIBUF_X108_Y53_N779  ; I/O input buffer   ; clk_50m~input~hviowr/s414_0_1__hvioc_core_periphery__clock_to_core[11] ;
;   2.176 ;   1.105 ; RR ; IC   ; 1      ; FF_X119_Y47_N22       ; ALM Register       ; spi_dc_in~RTM|clk                                                      ;
;   2.176 ;   0.000 ; RR ; CELL ; 1      ; FF_X119_Y47_N22       ; ALM Register       ; spi_dc_in~RTM                                                          ;
; 2.382   ; 0.206   ;    ;      ;        ;                       ;                    ; data path                                                              ;
;   2.310 ;   0.134 ; RR ; uTco ; 1      ; FF_X119_Y47_N22       ; ALM Register       ; spi_dc_in~RTM|q                                                        ;
;   2.358 ;   0.048 ; RR ; IC   ; 1      ; MLABCELL_X119_Y47_N21 ; Combinational cell ; Select_42~2|dataf                                                      ;
;   2.368 ;   0.010 ; RF ; CELL ; 2      ; MLABCELL_X119_Y47_N21 ; Combinational cell ; Select_42~2|combout                                                    ;
;   2.382 ;   0.014 ; FR ; CELL ; 1      ; FF_X119_Y47_N22       ; ALM Register       ; spi_dc_in~RTM|d                                                        ;
;   2.382 ;   0.000 ; RR ; CELL ; 1      ; FF_X119_Y47_N22       ; ALM Register       ; spi_dc_in~RTM                                                          ;
+---------+---------+----+------+--------+-----------------------+--------------------+------------------------------------------------------------------------+

+------------------------------------------------------------------------------------------------------------------------------------------------------------+
; Data Required Path                                                                                                                                         ;
+---------+----------+----+------+--------+----------------------+------------------+------------------------------------------------------------------------+
; Total   ; Incr     ; RF ; Type ; Fanout ; Location             ; Element Type     ; Element                                                                ;
+---------+----------+----+------+--------+----------------------+------------------+------------------------------------------------------------------------+
; 0.000   ; 0.000    ;    ;      ;        ;                      ;                  ; latch edge time                                                        ;
; 2.176   ; 2.176    ;    ;      ;        ;                      ;                  ; clock path                                                             ;
;   0.000 ;   0.000  ;    ;      ;        ;                      ;                  ; source latency                                                         ;
;   0.000 ;   0.000  ;    ;      ; 1      ; PIN_V16              ; I/O pad          ; clk_50m                                                                ;
;   0.000 ;   0.000  ; RR ; IC   ; 1      ; IOIBUF_X108_Y53_N779 ; I/O input buffer ; clk_50m~input|i                                                        ;
;   0.347 ;   0.347  ; RR ; CELL ; 1      ; IOIBUF_X108_Y53_N779 ; I/O input buffer ; clk_50m~input|o                                                        ;
;   1.329 ;   0.982  ; RR ; CELL ; 216    ; IOIBUF_X108_Y53_N779 ; I/O input buffer ; clk_50m~input~hviowr/s414_0_1__hvioc_core_periphery__clock_to_core[11] ;
;   2.568 ;   1.239  ; RR ; IC   ; 1      ; FF_X119_Y47_N22      ; ALM Register     ; spi_dc_in~RTM|clk                                                      ;
;   2.568 ;   0.000  ; RR ; CELL ; 1      ; FF_X119_Y47_N22      ; ALM Register     ; spi_dc_in~RTM                                                          ;
;   2.176 ;   -0.392 ;    ;      ;        ;                      ;                  ; clock pessimism removed                                                ;
; 2.176   ; 0.000    ;    ;      ;        ;                      ;                  ; clock uncertainty                                                      ;
; 2.276   ; 0.100    ;    ; uTh  ; 1      ; FF_X119_Y47_N22      ; ALM Register     ; spi_dc_in~RTM                                                          ;
+---------+----------+----+------+--------+----------------------+------------------+------------------------------------------------------------------------+



Path #10: Hold slack is 0.106 
===============================================================================
+------------------------------------------------------------+
; Path Summary                                               ;
+---------------------------------+--------------------------+
; Property                        ; Value                    ;
+---------------------------------+--------------------------+
; From Node                       ; spi_div[0]~DUPLICATE     ;
; To Node                         ; spi_div[0]~DUPLICATE     ;
; Launch Clock                    ; clk_50m~derived          ;
; Latch Clock                     ; clk_50m~derived          ;
; SDC Exception                   ; No SDC Exception on Path ;
; Data Arrival Time               ; 2.378                    ;
; Data Required Time              ; 2.272                    ;
; Slack                           ; 0.106                    ;
; Worst-Case Operating Conditions ; Fast fix4 0C Model       ;
+---------------------------------+--------------------------+

+-----------------------------------------------------------------------------------+
; Statistics                                                                        ;
+------------------------+-------+-------+-------------+------------+-------+-------+
; Property               ; Value ; Count ; Total Delay ; % of Total ; Min   ; Max   ;
+------------------------+-------+-------+-------------+------------+-------+-------+
; Hold Relationship      ; 0.000 ;       ;             ;            ;       ;       ;
; Clock Skew             ; 0.000 ;       ;             ;            ;       ;       ;
; Data Delay             ; 0.203 ;       ;             ;            ;       ;       ;
; Number of Logic Levels ;       ; 1     ;             ;            ;       ;       ;
; Physical Delays        ;       ;       ;             ;            ;       ;       ;
;  Arrival Path          ;       ;       ;             ;            ;       ;       ;
;   Clock                ;       ;       ;             ;            ;       ;       ;
;    IC                  ;       ; 2     ; 1.104       ; 51         ; 0.000 ; 1.104 ;
;    Cell                ;       ; 3     ; 1.071       ; 49         ; 0.000 ; 0.749 ;
;   Data                 ;       ;       ;             ;            ;       ;       ;
;    IC                  ;       ; 1     ; 0.047       ; 23         ; 0.047 ; 0.047 ;
;    Cell                ;       ; 3     ; 0.026       ; 13         ; 0.000 ; 0.014 ;
;    uTco                ;       ; 1     ; 0.130       ; 64         ; 0.130 ; 0.130 ;
;  Required Path         ;       ;       ;             ;            ;       ;       ;
;   Clock                ;       ;       ;             ;            ;       ;       ;
;    IC                  ;       ; 2     ; 1.238       ; 48         ; 0.000 ; 1.238 ;
;    Cell                ;       ; 3     ; 1.329       ; 52         ; 0.000 ; 0.982 ;
+------------------------+-------+-------+-------------+------------+-------+-------+
Note: Negative delays are omitted from totals when calculating percentages

+-------------------------------------------------------------------------------------------------------------------------------------------------------------+
; Data Arrival Path                                                                                                                                           ;
+---------+---------+----+------+--------+----------------------+--------------------+------------------------------------------------------------------------+
; Total   ; Incr    ; RF ; Type ; Fanout ; Location             ; Element Type       ; Element                                                                ;
+---------+---------+----+------+--------+----------------------+--------------------+------------------------------------------------------------------------+
; 0.000   ; 0.000   ;    ;      ;        ;                      ;                    ; launch edge time                                                       ;
; 2.175   ; 2.175   ;    ;      ;        ;                      ;                    ; clock path                                                             ;
;   0.000 ;   0.000 ;    ;      ;        ;                      ;                    ; source latency                                                         ;
;   0.000 ;   0.000 ;    ;      ; 1      ; PIN_V16              ; I/O pad            ; clk_50m                                                                ;
;   0.000 ;   0.000 ; RR ; IC   ; 1      ; IOIBUF_X108_Y53_N779 ; I/O input buffer   ; clk_50m~input|i                                                        ;
;   0.322 ;   0.322 ; RR ; CELL ; 1      ; IOIBUF_X108_Y53_N779 ; I/O input buffer   ; clk_50m~input|o                                                        ;
;   1.071 ;   0.749 ; RR ; CELL ; 216    ; IOIBUF_X108_Y53_N779 ; I/O input buffer   ; clk_50m~input~hviowr/s414_0_1__hvioc_core_periphery__clock_to_core[11] ;
;   2.175 ;   1.104 ; RR ; IC   ; 1      ; FF_X120_Y46_N43      ; ALM Register       ; spi_div[0]~DUPLICATE|clk                                               ;
;   2.175 ;   0.000 ; RR ; CELL ; 1      ; FF_X120_Y46_N43      ; ALM Register       ; spi_div[0]~DUPLICATE                                                   ;
; 2.378   ; 0.203   ;    ;      ;        ;                      ;                    ; data path                                                              ;
;   2.305 ;   0.130 ; FF ; uTco ; 5      ; FF_X120_Y46_N43      ; ALM Register       ; spi_div[0]~DUPLICATE|q                                                 ;
;   2.352 ;   0.047 ; FF ; IC   ; 1      ; LABCELL_X120_Y46_N42 ; Combinational cell ; spi_div[0]~0|dataf                                                     ;
;   2.364 ;   0.012 ; FF ; CELL ; 2      ; LABCELL_X120_Y46_N42 ; Combinational cell ; spi_div[0]~0|combout                                                   ;
;   2.378 ;   0.014 ; FR ; CELL ; 1      ; FF_X120_Y46_N43      ; ALM Register       ; spi_div[0]~DUPLICATE|d                                                 ;
;   2.378 ;   0.000 ; RR ; CELL ; 1      ; FF_X120_Y46_N43      ; ALM Register       ; spi_div[0]~DUPLICATE                                                   ;
+---------+---------+----+------+--------+----------------------+--------------------+------------------------------------------------------------------------+

+------------------------------------------------------------------------------------------------------------------------------------------------------------+
; Data Required Path                                                                                                                                         ;
+---------+----------+----+------+--------+----------------------+------------------+------------------------------------------------------------------------+
; Total   ; Incr     ; RF ; Type ; Fanout ; Location             ; Element Type     ; Element                                                                ;
+---------+----------+----+------+--------+----------------------+------------------+------------------------------------------------------------------------+
; 0.000   ; 0.000    ;    ;      ;        ;                      ;                  ; latch edge time                                                        ;
; 2.175   ; 2.175    ;    ;      ;        ;                      ;                  ; clock path                                                             ;
;   0.000 ;   0.000  ;    ;      ;        ;                      ;                  ; source latency                                                         ;
;   0.000 ;   0.000  ;    ;      ; 1      ; PIN_V16              ; I/O pad          ; clk_50m                                                                ;
;   0.000 ;   0.000  ; RR ; IC   ; 1      ; IOIBUF_X108_Y53_N779 ; I/O input buffer ; clk_50m~input|i                                                        ;
;   0.347 ;   0.347  ; RR ; CELL ; 1      ; IOIBUF_X108_Y53_N779 ; I/O input buffer ; clk_50m~input|o                                                        ;
;   1.329 ;   0.982  ; RR ; CELL ; 216    ; IOIBUF_X108_Y53_N779 ; I/O input buffer ; clk_50m~input~hviowr/s414_0_1__hvioc_core_periphery__clock_to_core[11] ;
;   2.567 ;   1.238  ; RR ; IC   ; 1      ; FF_X120_Y46_N43      ; ALM Register     ; spi_div[0]~DUPLICATE|clk                                               ;
;   2.567 ;   0.000  ; RR ; CELL ; 1      ; FF_X120_Y46_N43      ; ALM Register     ; spi_div[0]~DUPLICATE                                                   ;
;   2.175 ;   -0.392 ;    ;      ;        ;                      ;                  ; clock pessimism removed                                                ;
; 2.175   ; 0.000    ;    ;      ;        ;                      ;                  ; clock uncertainty                                                      ;
; 2.272   ; 0.097    ;    ; uTh  ; 1      ; FF_X120_Y46_N43      ; ALM Register     ; spi_div[0]~DUPLICATE                                                   ;
+---------+----------+----+------+--------+----------------------+------------------+------------------------------------------------------------------------+



+--------------------------+
; Timing Analyzer Messages ;
+--------------------------+
Info (20030): Parallel compilation is enabled and will use 12 of the 12 processors detected
Info: *******************************************************************
Info: Running Quartus Prime Timing Analyzer
    Info: Version 25.1.1 Build 125 07/31/2025 Patches 1.03 SC Pro Edition
    Info: Processing started: Sun Sep  6 00:46:49 2026
    Info: System process ID: 10656
Info: Command: quartus_sta top_lcd_st7789 -c top_lcd_st7789 --mode=finalize
Info: Using INI file c:/altera_pro/25.1.1/quartus/bin64/quartus.ini
Info: qsta_default_script.tcl version: #1
Info (16677): Loading final database.
Info (16734): Loading "final" snapshot for partition "root_partition".
Info (16678): Successfully loaded final database: elapsed time is 00:00:03.
Info (21077): Low junction temperature is 0 degrees C
Info (21077): High junction temperature is 100 degrees C
Info (19539): Reading the HDL-embedded SDC files elapsed 00:00:00.
Info (23353): No SDC file assignments detected, attempting to load a default SDC file: top_lcd_st7789.sdc.
Critical Warning (332012): Synopsys Design Constraints File file not found: 'top_lcd_st7789.sdc'. A Synopsys Design Constraints File is required by the Timing Analyzer to get proper timing constraints. Without it, the Compiler will not properly optimize the design.
Info (19449): Reading SDC files elapsed 00:00:00.
Info (23800): Derived clock name suffix defaults to '~derived'.
Critical Warning (19317): No user constrained base clocks found in the design. Calling "derive_clocks -period 1.0 -suffix derived"
Info (332105): Deriving Clocks
    Info (332105): create_clock -period 1.000 -name clk_50m~derived [get_ports {clk_50m}]
Info (332143): No user constrained clock uncertainty found in the design. Calling "derive_clock_uncertainty"
Warning (332158): Clock uncertainty characteristics of the Agilex 5 device family are preliminary
Info (332123): Deriving Clock Uncertainty. Please refer to report_sdc in the Timing Analyzer to see clock uncertainties.
Info: Found TIMING_ANALYZER_REPORT_SCRIPT_INCLUDE_DEFAULT_ANALYSIS = ON
Critical Warning (332148): Timing requirements not met
    Info (19062): For recommendations on closing timing for HyperFlex architectures, run Fast Forward Timing Closure Recommendations in the Compilation Dashboard.
Info (332146): Worst-case setup slack is -1.823
    Info (332119):     Slack       End Point TNS Failing End Points      Clock Worst-Case Operating Conditions 
    Info (332119): ========= =================== ========= ========== ===================== 
    Info (332119):    -1.823            -131.056       192 clk_50m~derived    Slow fix4 0C Model 
Info (332146): Worst-case hold slack is 0.100
    Info (332119):     Slack       End Point TNS Failing End Points      Clock Worst-Case Operating Conditions 
    Info (332119): ========= =================== ========= ========== ===================== 
    Info (332119):     0.100               0.000         0 clk_50m~derived    Fast fix4 0C Model 
Info (332140): No Recovery paths to report
Info (332140): No Removal paths to report
Info (332140): No Setup paths to report
Info (332140): No Recovery paths to report
Info (332146): Worst-case minimum pulse width slack is -0.899
    Info (332119):     Slack       End Point TNS Failing End Points      Clock Worst-Case Operating Conditions 
    Info (332119): ========= =================== ========= ========== ===================== 
    Info (332119):    -0.899            -408.875       650 clk_50m~derived  Slow fix4 100C Model 
Info (332102): Design is not fully constrained for setup requirements
Info (332102): Design is not fully constrained for hold requirements
Info (21615): Running Design Assistant Rules for snapshot 'final'
Info: No waiver waived any violations
Info (22360): Design Assistant Results: 77 of 85 enabled rules passed, and 10 rules was disabled, in snapshot 'final'
Warning (21620): Design Assistant Results: 3 of 34 High severity rules issued violations in snapshot 'final'. Please refer to DRC report 'C:/Users/wqshj/Desktop/FPGA_Pro/My_Verilog/learn/LCD1/output_files/top_lcd_st7789.tq.drc.signoff.rpt' for more information
Info (21621): Design Assistant Results: 4 of 36 Medium severity rules issued violations in snapshot 'final'. Please refer to DRC report 'C:/Users/wqshj/Desktop/FPGA_Pro/My_Verilog/learn/LCD1/output_files/top_lcd_st7789.tq.drc.signoff.rpt' for more information
Info (21622): Design Assistant Results: 1 of 15 Low severity rules issued violations in snapshot 'final'. Please refer to DRC report 'C:/Users/wqshj/Desktop/FPGA_Pro/My_Verilog/learn/LCD1/output_files/top_lcd_st7789.tq.drc.signoff.rpt' for more information
Info: Quartus Prime Timing Analyzer was successful. 0 errors, 5 warnings
    Info: Peak virtual memory: 895 megabytes
    Info: Processing ended: Sun Sep  6 00:47:00 2026
    Info: Elapsed time: 00:00:11
    Info: System process ID: 10656


+------------------------------------------------------------------+
; Unconstrained Paths Summary                                      ;
+---------------------------------------------------+-------+------+
; Property                                          ; Setup ; Hold ;
+---------------------------------------------------+-------+------+
; Illegal Clocks                                    ; 0     ; 0    ;
; Unconstrained Clocks                              ; 0     ; 0    ;
; Unconstrained Input Ports                         ; 1     ; 1    ;
; Paths from Unconstrained Input Ports (Pairs-Only) ; 216   ; 216  ;
; Unconstrained Output Ports                        ; 6     ; 6    ;
; Paths to Unconstrained Output Ports (Pairs-Only)  ; 6     ; 6    ;
+---------------------------------------------------+-------+------+


+------------------------------------------------+
; Clock Status Summary                           ;
+---------+-----------------+------+-------------+
; Target  ; Clock           ; Type ; Status      ;
+---------+-----------------+------+-------------+
; clk_50m ; clk_50m~derived ; Base ; Constrained ;
+---------+-----------------+------+-------------+


+---------------------------------------------------------------------------------------------------+
; Unconstrained Input Ports                                                                         ;
+------------+--------------------------------------------------------------------------------------+
; Input Port ; Comment                                                                              ;
+------------+--------------------------------------------------------------------------------------+
; sys_rst_n  ; No input delay, min/max delays, false-path exceptions, or max skew assignments found ;
+------------+--------------------------------------------------------------------------------------+


+-----------------------------------------------------------------------------------------------------+
; Unconstrained Output Ports                                                                          ;
+-------------+---------------------------------------------------------------------------------------+
; Output Port ; Comment                                                                               ;
+-------------+---------------------------------------------------------------------------------------+
; lcd_sclk    ; No output delay, min/max delays, false-path exceptions, or max skew assignments found ;
; lcd_sda     ; No output delay, min/max delays, false-path exceptions, or max skew assignments found ;
; lcd_res     ; No output delay, min/max delays, false-path exceptions, or max skew assignments found ;
; lcd_dc      ; No output delay, min/max delays, false-path exceptions, or max skew assignments found ;
; lcd_cs      ; No output delay, min/max delays, false-path exceptions, or max skew assignments found ;
; lcd_blk     ; No output delay, min/max delays, false-path exceptions, or max skew assignments found ;
+-------------+---------------------------------------------------------------------------------------+


+---------------------------------------------------------------------------------------------------+
; Unconstrained Input Ports                                                                         ;
+------------+--------------------------------------------------------------------------------------+
; Input Port ; Comment                                                                              ;
+------------+--------------------------------------------------------------------------------------+
; sys_rst_n  ; No input delay, min/max delays, false-path exceptions, or max skew assignments found ;
+------------+--------------------------------------------------------------------------------------+


+-----------------------------------------------------------------------------------------------------+
; Unconstrained Output Ports                                                                          ;
+-------------+---------------------------------------------------------------------------------------+
; Output Port ; Comment                                                                               ;
+-------------+---------------------------------------------------------------------------------------+
; lcd_sclk    ; No output delay, min/max delays, false-path exceptions, or max skew assignments found ;
; lcd_sda     ; No output delay, min/max delays, false-path exceptions, or max skew assignments found ;
; lcd_res     ; No output delay, min/max delays, false-path exceptions, or max skew assignments found ;
; lcd_dc      ; No output delay, min/max delays, false-path exceptions, or max skew assignments found ;
; lcd_cs      ; No output delay, min/max delays, false-path exceptions, or max skew assignments found ;
; lcd_blk     ; No output delay, min/max delays, false-path exceptions, or max skew assignments found ;
+-------------+---------------------------------------------------------------------------------------+


+-------------------------------------------------------------------------------------------------------------------------------------------------------------------------------------------------------------------------------------------------------------------------------------------------------------------+
; Timing Analyzer INI Usage                                                                                                                                                                                                                                                                                         ;
+----------------------+--------------------------------------------------------------------------------------------------------------------------------------------------------------------------------------------------------------------------------------------------------------------------------------------+
; Option               ; Usage                                                                                                                                                                                                                                                                                      ;
+----------------------+--------------------------------------------------------------------------------------------------------------------------------------------------------------------------------------------------------------------------------------------------------------------------------------------+
; Initialization file: ; c:/altera_pro/25.1.1/quartus/bin64/quartus.ini                                                                                                                                                                                                                                             ;
; dev_password0        ; d0070c637d8467d216785497e7c00f870f7a1a12185e102e5e895c693de70841606127b3ca1ec5b729e9a2b25df63706a8f2a52ba85cfc9770f9c37f3b12233613224222356000434553430301145310420004273404241000430325566225442255633517555454203222702254455551500430554544754441                                       ;
; dev_password1        ; d0070c637d8467d216785497e7c00f870f7a1a12185e102e5e895c693de70841606127b3db1ec5b729e9a2b25df63706a8f2a52ba85cfc9770f9c37f3b12233613224222356000434553430301145310420004273404241000430325566225442255633517555454203222702254455551500430554544754441                                       ;
; dev_password2        ; d0070c637d8467d216785497e7c00f870f7a1a12185e102e5e895c693de70841606127bcff1ec5b729e9a2b25df63706a8f2a52ba85cfc9770f9c37f3b12233613224222356000434553430301145310420004273404241000430325566225442255633517555454203222702254455551500430554544754441                                       ;
; dev_password3        ; d0070c637d8467d216785497e7c00f870f7a1a12185e102ebe009e3467d011d207d32f2a52bafaf86ec15616a984b8e9728a45b50281ece9912233613224222356000434553430301145310420004273404215535227542216233445555154261322232275455165501110551544175444                                                         ;
; dev_password4        ; d0070c637d8467d216785491e1c00f870f7a1ae6099eac19d44978b7f5082a30304d35d5ba40adf229412a4e401e82a018f2a52b00b435b6647e6a984b8e40f7cacc1d25295ee122336132242223560004345534303011453100004233041052422324402224003245311015010425524235753251133544555514227122322257545516500100555144517445 ;
+----------------------+--------------------------------------------------------------------------------------------------------------------------------------------------------------------------------------------------------------------------------------------------------------------------------------------+


+--------------------------------------------------------------------------------+
; Multicorner Timing Analysis Summary                                            ;
+------------------+----------+-------+----------+---------+---------------------+
; Clock            ; Setup    ; Hold  ; Recovery ; Removal ; Minimum Pulse Width ;
+------------------+----------+-------+----------+---------+---------------------+
; Worst-case Slack ; -1.823   ; 0.100 ; N/A      ; N/A     ; -0.899              ;
;  clk_50m~derived ; -1.823   ; 0.100 ; N/A      ; N/A     ; -0.899              ;
; Design-wide TNS  ; -131.056 ; 0.0   ; 0.0      ; 0.0     ; -408.875            ;
;  clk_50m~derived ; -131.056 ; 0.000 ; N/A      ; N/A     ; -408.875            ;
+------------------+----------+-------+----------+---------+---------------------+


+----------------------------------------------------------------------------------------------------------------------------------------------------------------------------------------------+
; Design Assistant (Signoff) Results - 8 of 85 Rules Failed                                                                                                                                    ;
+------------------------------------------------------------------------------------------------------------+----------+------------+--------+------------------------------------------------+
; Rule                                                                                                       ; Severity ; Violations ; Waived ; Tags                                           ;
+------------------------------------------------------------------------------------------------------------+----------+------------+--------+------------------------------------------------+
; TMC-20012 - Missing Output Delay Constraint                                                                ; High     ; 6          ; 0      ; sdc, system                                    ;
; RES-50001 - Asynchronous Reset Is Not Synchronized                                                         ; High     ; 1          ; 0      ; synchronizer                                   ;
; TMC-20011 - Missing Input Delay Constraint                                                                 ; High     ; 1          ; 0      ; sdc, system                                    ;
; TMC-20221 - Nodes Failing Minimum Pulse Width Due to Clock Pulse Collapse                                  ; Medium   ; 434        ; 0      ; minimum-pulse-width                            ;
; TMC-20204 - Endpoints of Paths Failing Setup Analysis with Retiming Restrictions                           ; Medium   ; 55         ; 0      ; retime                                         ;
; TMC-20205 - Endpoints of Paths Failing Setup Analysis with Explicit Power-Up States that Restrict Retiming ; Medium   ; 4          ; 0      ; retime                                         ;
; TMC-20215 - Buses with Incoming Paths Failing Setup Analysis with Multipliers Implemented in Logic         ; Medium   ; 1          ; 0      ; logic-levels, dsp                              ;
; RES-50010 - Reset Synchronizer Chains with Constant Output                                                 ; Low      ; 1          ; 0      ; synchronizer                                   ;
; CDC-50001 - 1-Bit Asynchronous Transfer Not Synchronized                                                   ; High     ; 0          ; 0      ; synchronizer                                   ;
; CDC-50002 - 1-Bit Asynchronous Transfer with Insufficient Constraints                                      ; High     ; 0          ; 0      ; synchronizer                                   ;
; CDC-50003 - CE-Type CDC Transfer with Insufficient Constraints                                             ; High     ; 0          ; 0      ; cdc-bus                                        ;
; CDC-50004 - MUX-type CDC Transfer with Insufficient Constraints                                            ; High     ; 0          ; 0      ; cdc-bus                                        ;
; CDC-50005 - CDC Bus Constructed with Multi-bit Synchronizer Chains of Different Lengths                    ; High     ; 0          ; 0      ; synchronizer, cdc-bus                          ;
; CDC-50006 - CDC Bus Constructed with Unsynchronized Registers                                              ; High     ; 0          ; 0      ; synchronizer, cdc-bus                          ;
; CDC-50007 - CDC Bus Constructed with Multi-bit Synchronizer Chains with Insufficient Constraints           ; High     ; 0          ; 0      ; synchronizer, cdc-bus                          ;
; CDC-50011 - Combinational Logic Before Synchronizer Chain                                                  ; High     ; 0          ; 0      ; synchronizer                                   ;
; CDC-50012 - Multiple Clock Domains Driving a Synchronizer Chain                                            ; High     ; 0          ; 0      ; synchronizer                                   ;
; CLK-30026 - Missing Clock Assignment                                                                       ; High     ; 0          ; 0      ; sdc                                            ;
; CLK-30027 - Multiple Clock Assignments Found                                                               ; High     ; 0          ; 0      ; sdc                                            ;
; CLK-30028 - Invalid Generated Clock                                                                        ; High     ; 0          ; 0      ; sdc                                            ;
; CLK-30029 - Invalid Clock Assignments                                                                      ; High     ; 0          ; 0      ; sdc                                            ;
; CLK-30030 - PLL Setting Violation                                                                          ; High     ; 0          ; 0      ; sdc                                            ;
; CLK-30033 - Invalid Clock Group Assignment                                                                 ; High     ; 0          ; 0      ; sdc                                            ;
; CLK-30034 - Clock Pairs Missing Logically Exclusive Clock Group Assignment                                 ; High     ; 0          ; 0      ; sdc                                            ;
; CLK-30035 - Clock Pairs Missing Physically Exclusive Clock Group Assignment                                ; High     ; 0          ; 0      ; sdc                                            ;
; CLK-30042 - Incorrect Clock Group Type                                                                     ; High     ; 0          ; 0      ; sdc                                            ;
; RES-50002 - Asynchronous Reset is Insufficiently Synchronized                                              ; High     ; 0          ; 0      ; synchronizer                                   ;
; RES-50003 - Asynchronous Reset with Insufficient Constraints                                               ; High     ; 0          ; 0      ; synchronizer                                   ;
; RES-50004 - Multiple Asynchronous Resets within Reset Synchronizer Chain                                   ; High     ; 0          ; 0      ; synchronizer                                   ;
; TMC-20013 - Partial Input Delay                                                                            ; High     ; 0          ; 0      ; sdc, system                                    ;
; TMC-20014 - Partial Output Delay                                                                           ; High     ; 0          ; 0      ; sdc, system                                    ;
; TMC-20015 - Inconsistent Min-Max Delay                                                                     ; High     ; 0          ; 0      ; sdc                                            ;
; TMC-20016 - Invalid Reference Pin                                                                          ; High     ; 0          ; 0      ; sdc, system                                    ;
; TMC-20017 - Loops Detected                                                                                 ; High     ; 0          ; 0      ; sdc                                            ;
; TMC-20019 - Partial Multicycle Assignment                                                                  ; High     ; 0          ; 0      ; sdc                                            ;
; TMC-20022 - I/O Delay Assignment Missing Parameters                                                        ; High     ; 0          ; 0      ; sdc, system                                    ;
; TMC-20023 - Invalid Set Net Delay Assignment                                                               ; High     ; 0          ; 0      ; sdc                                            ;
; TMC-20027 - Collection Filter Matching Multiple Types                                                      ; High     ; 0          ; 0      ; sdc                                            ;
; TMC-30041 - Constraint with Invalid Clock Reference                                                        ; High     ; 0          ; 0      ; sdc                                            ;
; CDC-50103 - Unsynchronized Intra-Clock Forced Synchronizer                                                 ; Medium   ; 0          ; 0      ; synchronizer                                   ;
; CLK-30031 - Input Delay Assigned to Clock                                                                  ; Medium   ; 0          ; 0      ; sdc, system                                    ;
; CLK-30032 - Improper Clock Targets                                                                         ; Medium   ; 0          ; 0      ; sdc                                            ;
; FLP-10000 - Physical RAM with Utilization Below Threshold                                                  ; Medium   ; 0          ; 0      ; ram, resource-usage                            ;
; FLP-10501 - Top-Level Ports Without Pin Location Assignment                                                ; Medium   ; 0          ; 0      ; system                                         ;
; LNT-30023 - Reset Nets with Polarity Conflict                                                              ; Medium   ; 0          ; 0      ; reset-usage                                    ;
; RDC-50003 - Multiple Asynchronous Reset Synchronizers in the Same Clock Domain                             ; Medium   ; 0          ; 0      ; reset-usage, reset-reachability                ;
; TMC-20018 - Unsupported Latches Detected                                                                   ; Medium   ; 0          ; 0      ; latch                                          ;
; TMC-20021 - Partial Min-Max Delay Assignment                                                               ; Medium   ; 0          ; 0      ; sdc                                            ;
; TMC-20024 - Synchronous Data Delay Assignment                                                              ; Medium   ; 0          ; 0      ; sdc                                            ;
; TMC-20025 - Ignored or Overridden Constraints                                                              ; Medium   ; 0          ; 0      ; sdc                                            ;
; TMC-20026 - Empty Collection Due To Unmatched Filter                                                       ; Medium   ; 0          ; 0      ; sdc                                            ;
; TMC-20200 - Paths Failing Setup Analysis with Impossible Requirements                                      ; Medium   ; 0          ; 0      ; intrinsic-margin, impossible-requirements, sdc ;
; TMC-20201 - Paths Failing Setup Analysis with High Clock Skew                                              ; Medium   ; 0          ; 0      ; intrinsic-margin                               ;
; TMC-20206 - DSP Blocks with Unregistered Outputs that are the Source of Paths Failing Setup Analysis       ; Medium   ; 0          ; 0      ; dsp                                            ;
; TMC-20207 - DSP Blocks with Unregistered Inputs that are the Destination of Paths Failing Setup Analysis   ; Medium   ; 0          ; 0      ; dsp                                            ;
; TMC-20208 - RAM Blocks with Unregistered Outputs that are the Source of Paths Failing Setup Analysis       ; Medium   ; 0          ; 0      ; ram                                            ;
; TMC-20209 - Paths Failing Setup Analysis with High Routing Delay due to Congestion                         ; Medium   ; 0          ; 0      ; route                                          ;
; TMC-20210 - Paths Failing Setup Analysis with High Routing Delay Added for Hold                            ; Medium   ; 0          ; 0      ; route                                          ;
; TMC-20212 - Paths Failing Setup Analysis with Global Routing in Data Path                                  ; Medium   ; 0          ; 0      ; global-signal, route                           ;
; TMC-20213 - Paths Failing Setup Analysis with Locally Routed Clock                                         ; Medium   ; 0          ; 0      ; global-signal, clock-skew                      ;
; TMC-20214 - Buses with Incoming Paths Failing Setup Analysis with Multiple Sequential Adder Chains         ; Medium   ; 0          ; 0      ; logic-levels                                   ;
; TMC-20216 - Paths Failing Setup Analysis with Inferred-RAM Shift Register Endpoints                        ; Medium   ; 0          ; 0      ; ram                                            ;
; TMC-20217 - Paths Failing Setup Analysis with Clock-As-Data                                                ; Medium   ; 0          ; 0      ; nonstandard-timing                             ;
; TMC-20219 - DSP Blocks with Restricted Fmax below Required Fmax                                            ; Medium   ; 0          ; 0      ; dsp, minimum-pulse-width                       ;
; TMC-20220 - RAM Blocks with Restricted Fmax below Required Fmax                                            ; Medium   ; 0          ; 0      ; ram, minimum-pulse-width                       ;
; TMC-20312 - Paths Failing Hold Analysis with Global Routing in Data Path                                   ; Medium   ; 0          ; 0      ; global-signal, route                           ;
; TMC-20313 - Paths Failing Hold Analysis with Locally Routed Clock                                          ; Medium   ; 0          ; 0      ; global-signal, clock-skew                      ;
; TMC-20712 - Paths Failing Recovery Analysis with Global Routing in Data Path                               ; Medium   ; 0          ; 0      ; global-signal, route                           ;
; TMC-20713 - Paths Failing Recovery Analysis with Locally Routed Clock                                      ; Medium   ; 0          ; 0      ; global-signal, clock-skew                      ;
; TMC-20812 - Paths Failing Removal Analysis with Global Routing in Data Path                                ; Medium   ; 0          ; 0      ; global-signal, route                           ;
; TMC-20813 - Paths Failing Removal Analysis with Locally Routed Clock                                       ; Medium   ; 0          ; 0      ; global-signal, clock-skew                      ;
; CDC-50008 - CDC Bus Constructed with Multi-bit Synchronizer Chains                                         ; Low      ; 0          ; 0      ; synchronizer, cdc-bus                          ;
; CDC-50101 - Intra-Clock False Path Synchronizer                                                            ; Low      ; 0          ; 0      ; synchronizer, false-positive-synchronizer      ;
; CDC-50102 - Synchronizer after CDC Topology with Control Signal                                            ; Low      ; 0          ; 0      ; synchronizer, false-positive-synchronizer      ;
; FLP-40006 - Pipelining Registers That Might Be Recoverable                                                 ; Low      ; 0          ; 0      ; resource-usage                                 ;
; LNT-30010 - Nets Driving both Reset and Clock Enable Signals                                               ; Low      ; 0          ; 0      ; reset-usage                                    ;
; RES-50101 - Intra-Clock False Path Reset Synchronizer                                                      ; Low      ; 0          ; 0      ; synchronizer, false-positive-synchronizer      ;
; TMC-20020 - Invalid Multicycle Assignment                                                                  ; Low      ; 0          ; 0      ; sdc                                            ;
; TMC-20550 - Automatically Selected Duplication Candidate Rejected for Placement Constraint                 ; Low      ; 0          ; 0      ; register-duplication, place                    ;
; TMC-20551 - Automatically Selected Duplication Candidate Likely Requires More Duplication                  ; Low      ; 0          ; 0      ; register-duplication, place                    ;
; TMC-20552 - User Selected Duplication Candidate was Rejected                                               ; Low      ; 0          ; 0      ; register-duplication, place                    ;
; TMC-20601 - Registers with High Immediate Fan-Out Tension                                                  ; Low      ; 0          ; 0      ; register-duplication, register-spread, place   ;
; TMC-20602 - Registers with High Timing Path Endpoint Tension                                               ; Low      ; 0          ; 0      ; register-duplication, register-spread, place   ;
; TMC-20603 - Registers with High Immediate Fan-Out Span                                                     ; Low      ; 0          ; 0      ; register-duplication, register-spread, place   ;
; TMC-20604 - Registers with High Timing Path Endpoint Span                                                  ; Low      ; 0          ; 0      ; register-duplication, register-spread, place   ;
+------------------------------------------------------------------------------------------------------------+----------+------------+--------+------------------------------------------------+


Status:		FAIL
Severity:		High
Number of violations: 	6
Rule Parameters:      	max_violations = 5000
+-----------------------------------------------------------------+
; TMC-20012 - Missing Output Delay Constraint                     ;
+----------+---------------------------------------------+--------+
; Port     ; Reason                                      ; Waived ;
+----------+---------------------------------------------+--------+
; lcd_sclk ; No output delay was set on the output port. ;        ;
; lcd_sda  ; No output delay was set on the output port. ;        ;
; lcd_res  ; No output delay was set on the output port. ;        ;
; lcd_dc   ; No output delay was set on the output port. ;        ;
; lcd_cs   ; No output delay was set on the output port. ;        ;
; lcd_blk  ; No output delay was set on the output port. ;        ;
+----------+---------------------------------------------+--------+


Status:		FAIL
Severity:		High
Number of violations: 	1
Rule Parameters:      	max_violations = 500
+--------------------------------------------------------------------------------------------------------------------------------+
; RES-50001 - Asynchronous Reset Is Not Synchronized                                                                             ;
+--------------+----------------------+-----------------+---------------------------------+-----------------------------+--------+
; Reset Source ; Reset Source Clock   ; Register Clock  ; Number of Registers Being Reset ; Sample Register Being Reset ; Waived ;
+--------------+----------------------+-----------------+---------------------------------+-----------------------------+--------+
; sys_rst_n    ; Unconstrained domain ; clk_50m~derived ; 215                             ; spi_div[1]                  ;        ;
+--------------+----------------------+-----------------+---------------------------------+-----------------------------+--------+


Status:		FAIL
Severity:		High
Number of violations: 	1
Rule Parameters:      	max_violations = 5000
+----------------------------------------------------------------+
; TMC-20011 - Missing Input Delay Constraint                     ;
+-----------+-------------------------------------------+--------+
; Port      ; Reason                                    ; Waived ;
+-----------+-------------------------------------------+--------+
; sys_rst_n ; No input delay was set on the input port. ;        ;
+-----------+-------------------------------------------+--------+


Status:		FAIL
Severity:		Medium
Number of violations: 	434
Rule Parameters:      	
		max_violations = 5000
		maximum_pulse_width_slack = 0
+-----------------------------------------------------------------------------------------------------------------------------------------------------------------------------------+
; TMC-20221 - Nodes Failing Minimum Pulse Width Due to Clock Pulse Collapse                                                                                                         ;
+---------------------------+-----------------+------------------------------------------------------------------------+-----------------+---------------------------------+--------+
; Minimum Pulse Width Slack ; Type            ; Node Name                                                              ; Clock           ; Worst-Case Operating Conditions ; Waived ;
+---------------------------+-----------------+------------------------------------------------------------------------+-----------------+---------------------------------+--------+
; -0.899                    ; Low Pulse Width ; spi_div[1]                                                             ; clk_50m~derived ; Slow fix4 100C Model            ;        ;
; -0.899                    ; Low Pulse Width ; pixel_cnt[9]                                                           ; clk_50m~derived ; Slow fix4 100C Model            ;        ;
; -0.899                    ; Low Pulse Width ; spi_dc_in~RTM_1                                                        ; clk_50m~derived ; Slow fix4 100C Model            ;        ;
; -0.899                    ; Low Pulse Width ; spi_div[1]~DUPLICATE                                                   ; clk_50m~derived ; Slow fix4 100C Model            ;        ;
; -0.899                    ; Low Pulse Width ; pixel_cnt[16]~DUPLICATE                                                ; clk_50m~derived ; Slow fix4 100C Model            ;        ;
; -0.899                    ; Low Pulse Width ; lcd_res~reg0DUPLICATE                                                  ; clk_50m~derived ; Slow fix4 100C Model            ;        ;
; -0.899                    ; Low Pulse Width ; spi_div[0]~DUPLICATE                                                   ; clk_50m~derived ; Slow fix4 100C Model            ;        ;
; -0.899                    ; Low Pulse Width ; win_step[3]~DUPLICATE                                                  ; clk_50m~derived ; Slow fix4 100C Model            ;        ;
; -0.899                    ; Low Pulse Width ; win_step[2]~DUPLICATE                                                  ; clk_50m~derived ; Slow fix4 100C Model            ;        ;
; -0.899                    ; Low Pulse Width ; win_step[0]~DUPLICATE                                                  ; clk_50m~derived ; Slow fix4 100C Model            ;        ;
; -0.899                    ; Low Pulse Width ; spi_bit_cnt[1]~DUPLICATE                                               ; clk_50m~derived ; Slow fix4 100C Model            ;        ;
; -0.899                    ; Low Pulse Width ; state.S_DONE~DUPLICATE                                                 ; clk_50m~derived ; Slow fix4 100C Model            ;        ;
; -0.899                    ; Low Pulse Width ; pixel_cnt[8]                                                           ; clk_50m~derived ; Slow fix4 100C Model            ;        ;
; -0.899                    ; Low Pulse Width ; state.S_SPI_WAIT~DUPLICATE                                             ; clk_50m~derived ; Slow fix4 100C Model            ;        ;
; -0.899                    ; Low Pulse Width ; delay_active~DUPLICATE                                                 ; clk_50m~derived ; Slow fix4 100C Model            ;        ;
; -0.899                    ; Low Pulse Width ; state.S_INIT~DUPLICATE                                                 ; clk_50m~derived ; Slow fix4 100C Model            ;        ;
; -0.899                    ; Low Pulse Width ; state.S_FILL~DUPLICATE                                                 ; clk_50m~derived ; Slow fix4 100C Model            ;        ;
; -0.899                    ; Low Pulse Width ; return_state.S_WINDOW~DUPLICATE                                        ; clk_50m~derived ; Slow fix4 100C Model            ;        ;
; -0.899                    ; Low Pulse Width ; delay_cnt[15]~DUPLICATE                                                ; clk_50m~derived ; Slow fix4 100C Model            ;        ;
; -0.899                    ; Low Pulse Width ; delay_ms[0]~DUPLICATE                                                  ; clk_50m~derived ; Slow fix4 100C Model            ;        ;
; -0.899                    ; Low Pulse Width ; delay_ms[2]~DUPLICATE                                                  ; clk_50m~derived ; Slow fix4 100C Model            ;        ;
; -0.899                    ; Low Pulse Width ; init_idx[0]~RTMDUPLICATE                                               ; clk_50m~derived ; Slow fix4 100C Model            ;        ;
; -0.899                    ; Low Pulse Width ; pixel_cnt[7]                                                           ; clk_50m~derived ; Slow fix4 100C Model            ;        ;
; -0.899                    ; Low Pulse Width ; pixel_cnt[6]                                                           ; clk_50m~derived ; Slow fix4 100C Model            ;        ;
; -0.899                    ; Low Pulse Width ; pixel_cnt[5]                                                           ; clk_50m~derived ; Slow fix4 100C Model            ;        ;
; -0.899                    ; Low Pulse Width ; pixel_cnt[4]                                                           ; clk_50m~derived ; Slow fix4 100C Model            ;        ;
; -0.899                    ; Low Pulse Width ; pixel_cnt[3]                                                           ; clk_50m~derived ; Slow fix4 100C Model            ;        ;
; -0.899                    ; Low Pulse Width ; pixel_cnt[2]                                                           ; clk_50m~derived ; Slow fix4 100C Model            ;        ;
; -0.899                    ; Low Pulse Width ; pixel_cnt[1]                                                           ; clk_50m~derived ; Slow fix4 100C Model            ;        ;
; -0.899                    ; Low Pulse Width ; pixel_cnt[0]                                                           ; clk_50m~derived ; Slow fix4 100C Model            ;        ;
; -0.899                    ; Low Pulse Width ; spi_bit_cnt[0]                                                         ; clk_50m~derived ; Slow fix4 100C Model            ;        ;
; -0.899                    ; Low Pulse Width ; lcd_res~reg0                                                           ; clk_50m~derived ; Slow fix4 100C Model            ;        ;
; -0.899                    ; Low Pulse Width ; lcd_blk~reg0                                                           ; clk_50m~derived ; Slow fix4 100C Model            ;        ;
; -0.899                    ; Low Pulse Width ; spi_state[0]                                                           ; clk_50m~derived ; Slow fix4 100C Model            ;        ;
; -0.899                    ; Low Pulse Width ; spi_div[0]                                                             ; clk_50m~derived ; Slow fix4 100C Model            ;        ;
; -0.899                    ; Low Pulse Width ; state.S_RES_LOW                                                        ; clk_50m~derived ; Slow fix4 100C Model            ;        ;
; -0.899                    ; Low Pulse Width ; state.S_POR_DELAY                                                      ; clk_50m~derived ; Slow fix4 100C Model            ;        ;
; -0.899                    ; Low Pulse Width ; state.S_RES_HIGH                                                       ; clk_50m~derived ; Slow fix4 100C Model            ;        ;
; -0.899                    ; Low Pulse Width ; state.S_WINDOW                                                         ; clk_50m~derived ; Slow fix4 100C Model            ;        ;
; -0.899                    ; Low Pulse Width ; win_step[3]                                                            ; clk_50m~derived ; Slow fix4 100C Model            ;        ;
; -0.899                    ; Low Pulse Width ; win_step[2]                                                            ; clk_50m~derived ; Slow fix4 100C Model            ;        ;
; -0.899                    ; Low Pulse Width ; pixel_cnt[16]                                                          ; clk_50m~derived ; Slow fix4 100C Model            ;        ;
; -0.899                    ; Low Pulse Width ; win_step[0]                                                            ; clk_50m~derived ; Slow fix4 100C Model            ;        ;
; -0.899                    ; Low Pulse Width ; win_step[1]                                                            ; clk_50m~derived ; Slow fix4 100C Model            ;        ;
; -0.899                    ; Low Pulse Width ; spi_bit_cnt[2]                                                         ; clk_50m~derived ; Slow fix4 100C Model            ;        ;
; -0.899                    ; Low Pulse Width ; spi_bit_cnt[3]                                                         ; clk_50m~derived ; Slow fix4 100C Model            ;        ;
; -0.899                    ; Low Pulse Width ; spi_bit_cnt[1]                                                         ; clk_50m~derived ; Slow fix4 100C Model            ;        ;
; -0.899                    ; Low Pulse Width ; spi_data[7]                                                            ; clk_50m~derived ; Slow fix4 100C Model            ;        ;
; -0.899                    ; Low Pulse Width ; state.S_DELAY_WAIT                                                     ; clk_50m~derived ; Slow fix4 100C Model            ;        ;
; -0.899                    ; Low Pulse Width ; state.S_DONE                                                           ; clk_50m~derived ; Slow fix4 100C Model            ;        ;
; -0.899                    ; Low Pulse Width ; state.S_SPI_WAIT                                                       ; clk_50m~derived ; Slow fix4 100C Model            ;        ;
; -0.899                    ; Low Pulse Width ; delay_active                                                           ; clk_50m~derived ; Slow fix4 100C Model            ;        ;
; -0.899                    ; Low Pulse Width ; pixel_cnt[15]                                                          ; clk_50m~derived ; Slow fix4 100C Model            ;        ;
; -0.899                    ; Low Pulse Width ; delay_start                                                            ; clk_50m~derived ; Slow fix4 100C Model            ;        ;
; -0.899                    ; Low Pulse Width ; return_state.S_RES_HIGH                                                ; clk_50m~derived ; Slow fix4 100C Model            ;        ;
; -0.899                    ; Low Pulse Width ; state.S_INIT                                                           ; clk_50m~derived ; Slow fix4 100C Model            ;        ;
; -0.899                    ; Low Pulse Width ; state.S_FILL                                                           ; clk_50m~derived ; Slow fix4 100C Model            ;        ;
; -0.899                    ; Low Pulse Width ; init_idx[6]                                                            ; clk_50m~derived ; Slow fix4 100C Model            ;        ;
; -0.899                    ; Low Pulse Width ; return_state.S_WINDOW                                                  ; clk_50m~derived ; Slow fix4 100C Model            ;        ;
; -0.899                    ; Low Pulse Width ; spi_data[6]                                                            ; clk_50m~derived ; Slow fix4 100C Model            ;        ;
; -0.899                    ; Low Pulse Width ; pixel_byte                                                             ; clk_50m~derived ; Slow fix4 100C Model            ;        ;
; -0.899                    ; Low Pulse Width ; return_state.S_DONE                                                    ; clk_50m~derived ; Slow fix4 100C Model            ;        ;
; -0.899                    ; Low Pulse Width ; delay_cnt[19]                                                          ; clk_50m~derived ; Slow fix4 100C Model            ;        ;
; -0.899                    ; Low Pulse Width ; pixel_cnt[14]                                                          ; clk_50m~derived ; Slow fix4 100C Model            ;        ;
; -0.899                    ; Low Pulse Width ; delay_cnt[20]                                                          ; clk_50m~derived ; Slow fix4 100C Model            ;        ;
; -0.899                    ; Low Pulse Width ; delay_cnt[23]                                                          ; clk_50m~derived ; Slow fix4 100C Model            ;        ;
; -0.899                    ; Low Pulse Width ; delay_cnt[13]                                                          ; clk_50m~derived ; Slow fix4 100C Model            ;        ;
; -0.899                    ; Low Pulse Width ; delay_cnt[14]                                                          ; clk_50m~derived ; Slow fix4 100C Model            ;        ;
; -0.899                    ; Low Pulse Width ; delay_cnt[15]                                                          ; clk_50m~derived ; Slow fix4 100C Model            ;        ;
; -0.899                    ; Low Pulse Width ; delay_cnt[16]                                                          ; clk_50m~derived ; Slow fix4 100C Model            ;        ;
; -0.899                    ; Low Pulse Width ; delay_cnt[17]                                                          ; clk_50m~derived ; Slow fix4 100C Model            ;        ;
; -0.899                    ; Low Pulse Width ; delay_cnt[18]                                                          ; clk_50m~derived ; Slow fix4 100C Model            ;        ;
; -0.899                    ; Low Pulse Width ; return_state.S_INIT                                                    ; clk_50m~derived ; Slow fix4 100C Model            ;        ;
; -0.899                    ; Low Pulse Width ; return_state.S_FILL                                                    ; clk_50m~derived ; Slow fix4 100C Model            ;        ;
; -0.899                    ; Low Pulse Width ; pixel_cnt[13]                                                          ; clk_50m~derived ; Slow fix4 100C Model            ;        ;
; -0.899                    ; Low Pulse Width ; spi_data[5]                                                            ; clk_50m~derived ; Slow fix4 100C Model            ;        ;
; -0.899                    ; Low Pulse Width ; delay_ms[0]                                                            ; clk_50m~derived ; Slow fix4 100C Model            ;        ;
; -0.899                    ; Low Pulse Width ; spi_data[4]                                                            ; clk_50m~derived ; Slow fix4 100C Model            ;        ;
; -0.899                    ; Low Pulse Width ; delay_ms[3]                                                            ; clk_50m~derived ; Slow fix4 100C Model            ;        ;
; -0.899                    ; Low Pulse Width ; delay_ms[5]                                                            ; clk_50m~derived ; Slow fix4 100C Model            ;        ;
; -0.899                    ; Low Pulse Width ; spi_data[3]                                                            ; clk_50m~derived ; Slow fix4 100C Model            ;        ;
; -0.899                    ; Low Pulse Width ; delay_ms[6]                                                            ; clk_50m~derived ; Slow fix4 100C Model            ;        ;
; -0.899                    ; Low Pulse Width ; delay_ms[4]                                                            ; clk_50m~derived ; Slow fix4 100C Model            ;        ;
; -0.899                    ; Low Pulse Width ; delay_cnt[0]                                                           ; clk_50m~derived ; Slow fix4 100C Model            ;        ;
; -0.899                    ; Low Pulse Width ; delay_ms[2]                                                            ; clk_50m~derived ; Slow fix4 100C Model            ;        ;
; -0.899                    ; Low Pulse Width ; pixel_cnt[12]                                                          ; clk_50m~derived ; Slow fix4 100C Model            ;        ;
; -0.899                    ; Low Pulse Width ; delay_ms[5]~RTM                                                        ; clk_50m~derived ; Slow fix4 100C Model            ;        ;
; -0.899                    ; Low Pulse Width ; delay_ms[5]~RTM_16                                                     ; clk_50m~derived ; Slow fix4 100C Model            ;        ;
; -0.899                    ; Low Pulse Width ; delay_ms[5]~RTM_17                                                     ; clk_50m~derived ; Slow fix4 100C Model            ;        ;
; -0.899                    ; Low Pulse Width ; init_idx[0]~RTM                                                        ; clk_50m~derived ; Slow fix4 100C Model            ;        ;
; -0.899                    ; Low Pulse Width ; init_idx[1]~RTM_3                                                      ; clk_50m~derived ; Slow fix4 100C Model            ;        ;
; -0.899                    ; Low Pulse Width ; init_idx[1]~RTM_4                                                      ; clk_50m~derived ; Slow fix4 100C Model            ;        ;
; -0.899                    ; Low Pulse Width ; delay_cnt[22]~RTM                                                      ; clk_50m~derived ; Slow fix4 100C Model            ;        ;
; -0.899                    ; Low Pulse Width ; delay_cnt[22]~RTM_4                                                    ; clk_50m~derived ; Slow fix4 100C Model            ;        ;
; -0.899                    ; Low Pulse Width ; delay_cnt[21]~RTM_5                                                    ; clk_50m~derived ; Slow fix4 100C Model            ;        ;
; -0.899                    ; Low Pulse Width ; init_idx[1]~RTM_19                                                     ; clk_50m~derived ; Slow fix4 100C Model            ;        ;
; -0.899                    ; Low Pulse Width ; pixel_cnt[10]                                                          ; clk_50m~derived ; Slow fix4 100C Model            ;        ;
; -0.899                    ; Low Pulse Width ; pixel_cnt[12]~RTM                                                      ; clk_50m~derived ; Slow fix4 100C Model            ;        ;
; -0.899                    ; Low Pulse Width ; win_step[0]~RTM                                                        ; clk_50m~derived ; Slow fix4 100C Model            ;        ;
; -0.899                    ; Low Pulse Width ; spi_data[2]~RTM                                                        ; clk_50m~derived ; Slow fix4 100C Model            ;        ;
; -0.899                    ; Low Pulse Width ; spi_data[2]~RTM_1                                                      ; clk_50m~derived ; Slow fix4 100C Model            ;        ;
; -0.899                    ; Low Pulse Width ; spi_data[2]~RTM_2                                                      ; clk_50m~derived ; Slow fix4 100C Model            ;        ;
; -0.899                    ; Low Pulse Width ; spi_data[2]~RTM_3                                                      ; clk_50m~derived ; Slow fix4 100C Model            ;        ;
; -0.899                    ; Low Pulse Width ; spi_data[2]~RTM_4                                                      ; clk_50m~derived ; Slow fix4 100C Model            ;        ;
; -0.899                    ; Low Pulse Width ; spi_data[2]~RTM_5                                                      ; clk_50m~derived ; Slow fix4 100C Model            ;        ;
; -0.899                    ; Low Pulse Width ; spi_data[1]~RTM                                                        ; clk_50m~derived ; Slow fix4 100C Model            ;        ;
; -0.899                    ; Low Pulse Width ; spi_data[1]~RTM_6                                                      ; clk_50m~derived ; Slow fix4 100C Model            ;        ;
; -0.899                    ; Low Pulse Width ; pixel_cnt[11]                                                          ; clk_50m~derived ; Slow fix4 100C Model            ;        ;
; -0.899                    ; Low Pulse Width ; spi_data[1]~RTM_7                                                      ; clk_50m~derived ; Slow fix4 100C Model            ;        ;
; -0.899                    ; Low Pulse Width ; spi_data[1]~RTM_8                                                      ; clk_50m~derived ; Slow fix4 100C Model            ;        ;
; -0.899                    ; Low Pulse Width ; spi_data[0]~RTM                                                        ; clk_50m~derived ; Slow fix4 100C Model            ;        ;
; -0.899                    ; Low Pulse Width ; spi_data[0]~RTM_10                                                     ; clk_50m~derived ; Slow fix4 100C Model            ;        ;
; -0.899                    ; Low Pulse Width ; return_state.S_RES_LOW~RTM                                             ; clk_50m~derived ; Slow fix4 100C Model            ;        ;
; -0.899                    ; Low Pulse Width ; return_state.S_RES_LOW~RTM_1                                           ; clk_50m~derived ; Slow fix4 100C Model            ;        ;
; -0.899                    ; Low Pulse Width ; return_state.S_RES_LOW~RTM_2                                           ; clk_50m~derived ; Slow fix4 100C Model            ;        ;
; -0.899                    ; Low Pulse Width ; return_state.S_RES_LOW~RTM_3                                           ; clk_50m~derived ; Slow fix4 100C Model            ;        ;
; -0.899                    ; Low Pulse Width ; return_state.S_RES_LOW~RTM_4                                           ; clk_50m~derived ; Slow fix4 100C Model            ;        ;
; -0.899                    ; Low Pulse Width ; spi_dc_in~RTM                                                          ; clk_50m~derived ; Slow fix4 100C Model            ;        ;
; -0.898                    ; Low Pulse Width ; spi_sclk_r                                                             ; clk_50m~derived ; Slow fix4 100C Model            ;        ;
; -0.898                    ; Low Pulse Width ; spi_sda_r                                                              ; clk_50m~derived ; Slow fix4 100C Model            ;        ;
; -0.898                    ; Low Pulse Width ; spi_dc_r                                                               ; clk_50m~derived ; Slow fix4 100C Model            ;        ;
; -0.898                    ; Low Pulse Width ; spi_cs_r                                                               ; clk_50m~derived ; Slow fix4 100C Model            ;        ;
; -0.898                    ; Low Pulse Width ; spi_state[1]                                                           ; clk_50m~derived ; Slow fix4 100C Model            ;        ;
; -0.898                    ; Low Pulse Width ; spi_shift[7]                                                           ; clk_50m~derived ; Slow fix4 100C Model            ;        ;
; -0.898                    ; Low Pulse Width ; spi_start                                                              ; clk_50m~derived ; Slow fix4 100C Model            ;        ;
; -0.898                    ; Low Pulse Width ; spi_shift[6]                                                           ; clk_50m~derived ; Slow fix4 100C Model            ;        ;
; -0.898                    ; Low Pulse Width ; init_idx[4]                                                            ; clk_50m~derived ; Slow fix4 100C Model            ;        ;
; -0.898                    ; Low Pulse Width ; init_idx[2]                                                            ; clk_50m~derived ; Slow fix4 100C Model            ;        ;
; -0.898                    ; Low Pulse Width ; init_idx[1]                                                            ; clk_50m~derived ; Slow fix4 100C Model            ;        ;
; -0.898                    ; Low Pulse Width ; init_idx[3]                                                            ; clk_50m~derived ; Slow fix4 100C Model            ;        ;
; -0.898                    ; Low Pulse Width ; init_idx[0]                                                            ; clk_50m~derived ; Slow fix4 100C Model            ;        ;
; -0.898                    ; Low Pulse Width ; init_idx[5]                                                            ; clk_50m~derived ; Slow fix4 100C Model            ;        ;
; -0.898                    ; Low Pulse Width ; spi_shift[5]                                                           ; clk_50m~derived ; Slow fix4 100C Model            ;        ;
; -0.898                    ; Low Pulse Width ; delay_cnt[1]                                                           ; clk_50m~derived ; Slow fix4 100C Model            ;        ;
; -0.898                    ; Low Pulse Width ; delay_cnt[2]                                                           ; clk_50m~derived ; Slow fix4 100C Model            ;        ;
; -0.898                    ; Low Pulse Width ; delay_cnt[3]                                                           ; clk_50m~derived ; Slow fix4 100C Model            ;        ;
; -0.898                    ; Low Pulse Width ; delay_cnt[4]                                                           ; clk_50m~derived ; Slow fix4 100C Model            ;        ;
; -0.898                    ; Low Pulse Width ; delay_cnt[5]                                                           ; clk_50m~derived ; Slow fix4 100C Model            ;        ;
; -0.898                    ; Low Pulse Width ; delay_cnt[6]                                                           ; clk_50m~derived ; Slow fix4 100C Model            ;        ;
; -0.898                    ; Low Pulse Width ; delay_cnt[7]                                                           ; clk_50m~derived ; Slow fix4 100C Model            ;        ;
; -0.898                    ; Low Pulse Width ; delay_cnt[8]                                                           ; clk_50m~derived ; Slow fix4 100C Model            ;        ;
; -0.898                    ; Low Pulse Width ; delay_cnt[9]                                                           ; clk_50m~derived ; Slow fix4 100C Model            ;        ;
; -0.898                    ; Low Pulse Width ; delay_cnt[10]                                                          ; clk_50m~derived ; Slow fix4 100C Model            ;        ;
; -0.898                    ; Low Pulse Width ; delay_cnt[11]                                                          ; clk_50m~derived ; Slow fix4 100C Model            ;        ;
; -0.898                    ; Low Pulse Width ; delay_cnt[12]                                                          ; clk_50m~derived ; Slow fix4 100C Model            ;        ;
; -0.898                    ; Low Pulse Width ; spi_shift[4]                                                           ; clk_50m~derived ; Slow fix4 100C Model            ;        ;
; -0.898                    ; Low Pulse Width ; delay_ms[1]                                                            ; clk_50m~derived ; Slow fix4 100C Model            ;        ;
; -0.898                    ; Low Pulse Width ; spi_shift[3]                                                           ; clk_50m~derived ; Slow fix4 100C Model            ;        ;
; -0.898                    ; Low Pulse Width ; delay_ms[7]                                                            ; clk_50m~derived ; Slow fix4 100C Model            ;        ;
; -0.898                    ; Low Pulse Width ; spi_shift[2]                                                           ; clk_50m~derived ; Slow fix4 100C Model            ;        ;
; -0.898                    ; Low Pulse Width ; spi_shift[1]                                                           ; clk_50m~derived ; Slow fix4 100C Model            ;        ;
; -0.898                    ; Low Pulse Width ; spi_shift[0]                                                           ; clk_50m~derived ; Slow fix4 100C Model            ;        ;
; -0.898                    ; Low Pulse Width ; delay_ms[1]~RTM                                                        ; clk_50m~derived ; Slow fix4 100C Model            ;        ;
; -0.898                    ; Low Pulse Width ; delay_ms[1]~RTM_1                                                      ; clk_50m~derived ; Slow fix4 100C Model            ;        ;
; -0.898                    ; Low Pulse Width ; delay_ms[1]~RTM_2                                                      ; clk_50m~derived ; Slow fix4 100C Model            ;        ;
; -0.898                    ; Low Pulse Width ; delay_ms[1]~RTM_3                                                      ; clk_50m~derived ; Slow fix4 100C Model            ;        ;
; -0.898                    ; Low Pulse Width ; delay_ms[1]~RTM_4                                                      ; clk_50m~derived ; Slow fix4 100C Model            ;        ;
; -0.898                    ; Low Pulse Width ; delay_ms[1]~RTM_5                                                      ; clk_50m~derived ; Slow fix4 100C Model            ;        ;
; -0.898                    ; Low Pulse Width ; delay_ms[1]~RTM_6                                                      ; clk_50m~derived ; Slow fix4 100C Model            ;        ;
; -0.898                    ; Low Pulse Width ; delay_ms[1]~RTM_7                                                      ; clk_50m~derived ; Slow fix4 100C Model            ;        ;
; -0.898                    ; Low Pulse Width ; delay_ms[1]~RTM_8                                                      ; clk_50m~derived ; Slow fix4 100C Model            ;        ;
; -0.898                    ; Low Pulse Width ; delay_ms[1]~RTM_9                                                      ; clk_50m~derived ; Slow fix4 100C Model            ;        ;
; -0.898                    ; Low Pulse Width ; delay_ms[1]~RTM_10                                                     ; clk_50m~derived ; Slow fix4 100C Model            ;        ;
; -0.898                    ; Low Pulse Width ; delay_ms[1]~RTM_11                                                     ; clk_50m~derived ; Slow fix4 100C Model            ;        ;
; -0.898                    ; Low Pulse Width ; delay_ms[1]~RTM_12                                                     ; clk_50m~derived ; Slow fix4 100C Model            ;        ;
; -0.898                    ; Low Pulse Width ; delay_ms[1]~RTM_13                                                     ; clk_50m~derived ; Slow fix4 100C Model            ;        ;
; -0.898                    ; Low Pulse Width ; delay_ms[3]~RTM                                                        ; clk_50m~derived ; Slow fix4 100C Model            ;        ;
; -0.898                    ; Low Pulse Width ; delay_ms[3]~RTM_14                                                     ; clk_50m~derived ; Slow fix4 100C Model            ;        ;
; -0.898                    ; Low Pulse Width ; delay_ms[3]~RTM_15                                                     ; clk_50m~derived ; Slow fix4 100C Model            ;        ;
; -0.898                    ; Low Pulse Width ; init_idx[1]~RTM                                                        ; clk_50m~derived ; Slow fix4 100C Model            ;        ;
; -0.898                    ; Low Pulse Width ; init_idx[1]~RTM_2                                                      ; clk_50m~derived ; Slow fix4 100C Model            ;        ;
; -0.898                    ; Low Pulse Width ; delay_ms[7]~RTM                                                        ; clk_50m~derived ; Slow fix4 100C Model            ;        ;
; -0.898                    ; Low Pulse Width ; delay_ms[7]~RTM_18                                                     ; clk_50m~derived ; Slow fix4 100C Model            ;        ;
; -0.898                    ; Low Pulse Width ; delay_ms[7]~RTM_19                                                     ; clk_50m~derived ; Slow fix4 100C Model            ;        ;
; -0.898                    ; Low Pulse Width ; state.S_INIT~RTM                                                       ; clk_50m~derived ; Slow fix4 100C Model            ;        ;
; -0.898                    ; Low Pulse Width ; init_idx[1]~RTM_5                                                      ; clk_50m~derived ; Slow fix4 100C Model            ;        ;
; -0.898                    ; Low Pulse Width ; init_idx[1]~RTM_7                                                      ; clk_50m~derived ; Slow fix4 100C Model            ;        ;
; -0.898                    ; Low Pulse Width ; init_idx[1]~RTM_9                                                      ; clk_50m~derived ; Slow fix4 100C Model            ;        ;
; -0.898                    ; Low Pulse Width ; init_idx[1]~RTM_10                                                     ; clk_50m~derived ; Slow fix4 100C Model            ;        ;
; -0.898                    ; Low Pulse Width ; spi_state[0]~RTM                                                       ; clk_50m~derived ; Slow fix4 100C Model            ;        ;
; -0.898                    ; Low Pulse Width ; init_idx[1]~RTM_11                                                     ; clk_50m~derived ; Slow fix4 100C Model            ;        ;
; -0.898                    ; Low Pulse Width ; init_idx[1]~RTM_12                                                     ; clk_50m~derived ; Slow fix4 100C Model            ;        ;
; -0.898                    ; Low Pulse Width ; init_idx[2]~RTM_13                                                     ; clk_50m~derived ; Slow fix4 100C Model            ;        ;
; -0.898                    ; Low Pulse Width ; init_idx[2]~RTM_14                                                     ; clk_50m~derived ; Slow fix4 100C Model            ;        ;
; -0.898                    ; Low Pulse Width ; init_idx[2]~RTM_15                                                     ; clk_50m~derived ; Slow fix4 100C Model            ;        ;
; -0.898                    ; Low Pulse Width ; init_idx[2]~RTM_16                                                     ; clk_50m~derived ; Slow fix4 100C Model            ;        ;
; -0.898                    ; Low Pulse Width ; init_idx[2]~RTM_17                                                     ; clk_50m~derived ; Slow fix4 100C Model            ;        ;
; -0.898                    ; Low Pulse Width ; init_idx[2]~RTM_18                                                     ; clk_50m~derived ; Slow fix4 100C Model            ;        ;
; -0.898                    ; Low Pulse Width ; init_idx[1]~RTM_21                                                     ; clk_50m~derived ; Slow fix4 100C Model            ;        ;
; -0.898                    ; Low Pulse Width ; init_idx[1]~RTM_22                                                     ; clk_50m~derived ; Slow fix4 100C Model            ;        ;
; -0.898                    ; Low Pulse Width ; init_idx[1]~RTM_23                                                     ; clk_50m~derived ; Slow fix4 100C Model            ;        ;
; -0.898                    ; Low Pulse Width ; init_idx[1]~RTM_24                                                     ; clk_50m~derived ; Slow fix4 100C Model            ;        ;
; -0.898                    ; Low Pulse Width ; state.S_SPI_WAIT~RTM                                                   ; clk_50m~derived ; Slow fix4 100C Model            ;        ;
; -0.898                    ; Low Pulse Width ; spi_data[1]~RTM_9                                                      ; clk_50m~derived ; Slow fix4 100C Model            ;        ;
; -0.898                    ; Low Pulse Width ; spi_data[0]~RTM_11                                                     ; clk_50m~derived ; Slow fix4 100C Model            ;        ;
; -0.898                    ; Low Pulse Width ; spi_dc_in~RTM_2                                                        ; clk_50m~derived ; Slow fix4 100C Model            ;        ;
; -0.898                    ; Low Pulse Width ; spi_dc_r~DUPLICATE                                                     ; clk_50m~derived ; Slow fix4 100C Model            ;        ;
; -0.898                    ; Low Pulse Width ; spi_state[1]~DUPLICATE                                                 ; clk_50m~derived ; Slow fix4 100C Model            ;        ;
; -0.898                    ; Low Pulse Width ; init_idx[2]~DUPLICATE                                                  ; clk_50m~derived ; Slow fix4 100C Model            ;        ;
; -0.898                    ; Low Pulse Width ; init_idx[1]~DUPLICATE                                                  ; clk_50m~derived ; Slow fix4 100C Model            ;        ;
; -0.898                    ; Low Pulse Width ; delay_cnt[3]~DUPLICATE                                                 ; clk_50m~derived ; Slow fix4 100C Model            ;        ;
; -0.898                    ; Low Pulse Width ; delay_cnt[7]~DUPLICATE                                                 ; clk_50m~derived ; Slow fix4 100C Model            ;        ;
; -0.898                    ; Low Pulse Width ; delay_cnt[8]~DUPLICATE                                                 ; clk_50m~derived ; Slow fix4 100C Model            ;        ;
; -0.898                    ; Low Pulse Width ; delay_cnt[9]~DUPLICATE                                                 ; clk_50m~derived ; Slow fix4 100C Model            ;        ;
; -0.898                    ; Low Pulse Width ; delay_cnt[12]~DUPLICATE                                                ; clk_50m~derived ; Slow fix4 100C Model            ;        ;
; -0.898                    ; Low Pulse Width ; delay_ms[1]~DUPLICATE                                                  ; clk_50m~derived ; Slow fix4 100C Model            ;        ;
; -0.898                    ; Low Pulse Width ; delay_ms[7]~DUPLICATE                                                  ; clk_50m~derived ; Slow fix4 100C Model            ;        ;
; -0.898                    ; Low Pulse Width ; spi_shift[0]~DUPLICATE                                                 ; clk_50m~derived ; Slow fix4 100C Model            ;        ;
; -0.898                    ; Low Pulse Width ; init_idx[1]~RTM_5DUPLICATE                                             ; clk_50m~derived ; Slow fix4 100C Model            ;        ;
; -0.898                    ; Low Pulse Width ; init_idx[1]~RTM_10DUPLICATE                                            ; clk_50m~derived ; Slow fix4 100C Model            ;        ;
; -0.898                    ; Low Pulse Width ; init_idx[2]~RTM_13DUPLICATE                                            ; clk_50m~derived ; Slow fix4 100C Model            ;        ;
; -0.898                    ; Low Pulse Width ; init_idx[2]~RTM_15DUPLICATE                                            ; clk_50m~derived ; Slow fix4 100C Model            ;        ;
; -0.898                    ; Low Pulse Width ; init_idx[2]~RTM_16DUPLICATE                                            ; clk_50m~derived ; Slow fix4 100C Model            ;        ;
; -0.898                    ; Low Pulse Width ; init_idx[1]~RTM_21DUPLICATE                                            ; clk_50m~derived ; Slow fix4 100C Model            ;        ;
; -0.882                    ; Low Pulse Width ; delay_cnt[22]~RTM_3                                                    ; clk_50m~derived ; Slow fix4 100C Model            ;        ;
; -0.882                    ; Low Pulse Width ; delay_cnt[21]~RTM                                                      ; clk_50m~derived ; Slow fix4 100C Model            ;        ;
; -0.815                    ; Low Pulse Width ; spi_div[1]|clk                                                         ; clk_50m~derived ; Slow fix4 100C Model            ;        ;
; -0.815                    ; Low Pulse Width ; spi_bit_cnt[0]|clk                                                     ; clk_50m~derived ; Slow fix4 100C Model            ;        ;
; -0.815                    ; Low Pulse Width ; pixel_cnt[16]|clk                                                      ; clk_50m~derived ; Slow fix4 100C Model            ;        ;
; -0.815                    ; Low Pulse Width ; pixel_cnt[15]|clk                                                      ; clk_50m~derived ; Slow fix4 100C Model            ;        ;
; -0.815                    ; Low Pulse Width ; pixel_cnt[14]|clk                                                      ; clk_50m~derived ; Slow fix4 100C Model            ;        ;
; -0.815                    ; Low Pulse Width ; pixel_cnt[13]|clk                                                      ; clk_50m~derived ; Slow fix4 100C Model            ;        ;
; -0.815                    ; Low Pulse Width ; pixel_cnt[12]|clk                                                      ; clk_50m~derived ; Slow fix4 100C Model            ;        ;
; -0.815                    ; Low Pulse Width ; pixel_cnt[10]|clk                                                      ; clk_50m~derived ; Slow fix4 100C Model            ;        ;
; -0.815                    ; Low Pulse Width ; pixel_cnt[11]|clk                                                      ; clk_50m~derived ; Slow fix4 100C Model            ;        ;
; -0.815                    ; Low Pulse Width ; pixel_cnt[9]|clk                                                       ; clk_50m~derived ; Slow fix4 100C Model            ;        ;
; -0.815                    ; Low Pulse Width ; pixel_cnt[8]|clk                                                       ; clk_50m~derived ; Slow fix4 100C Model            ;        ;
; -0.815                    ; Low Pulse Width ; pixel_cnt[7]|clk                                                       ; clk_50m~derived ; Slow fix4 100C Model            ;        ;
; -0.815                    ; Low Pulse Width ; pixel_cnt[6]|clk                                                       ; clk_50m~derived ; Slow fix4 100C Model            ;        ;
; -0.815                    ; Low Pulse Width ; pixel_cnt[5]|clk                                                       ; clk_50m~derived ; Slow fix4 100C Model            ;        ;
; -0.815                    ; Low Pulse Width ; pixel_cnt[4]|clk                                                       ; clk_50m~derived ; Slow fix4 100C Model            ;        ;
; -0.815                    ; Low Pulse Width ; pixel_cnt[3]|clk                                                       ; clk_50m~derived ; Slow fix4 100C Model            ;        ;
; -0.815                    ; Low Pulse Width ; pixel_cnt[2]|clk                                                       ; clk_50m~derived ; Slow fix4 100C Model            ;        ;
; -0.815                    ; Low Pulse Width ; pixel_cnt[1]|clk                                                       ; clk_50m~derived ; Slow fix4 100C Model            ;        ;
; -0.815                    ; Low Pulse Width ; pixel_cnt[0]|clk                                                       ; clk_50m~derived ; Slow fix4 100C Model            ;        ;
; -0.815                    ; Low Pulse Width ; lcd_res~reg0|clk                                                       ; clk_50m~derived ; Slow fix4 100C Model            ;        ;
; -0.815                    ; Low Pulse Width ; lcd_blk~reg0|clk                                                       ; clk_50m~derived ; Slow fix4 100C Model            ;        ;
; -0.815                    ; Low Pulse Width ; spi_state[0]|clk                                                       ; clk_50m~derived ; Slow fix4 100C Model            ;        ;
; -0.815                    ; Low Pulse Width ; spi_div[0]|clk                                                         ; clk_50m~derived ; Slow fix4 100C Model            ;        ;
; -0.815                    ; Low Pulse Width ; state.S_RES_LOW|clk                                                    ; clk_50m~derived ; Slow fix4 100C Model            ;        ;
; -0.815                    ; Low Pulse Width ; state.S_POR_DELAY|clk                                                  ; clk_50m~derived ; Slow fix4 100C Model            ;        ;
; -0.815                    ; Low Pulse Width ; state.S_RES_HIGH|clk                                                   ; clk_50m~derived ; Slow fix4 100C Model            ;        ;
; -0.815                    ; Low Pulse Width ; state.S_WINDOW|clk                                                     ; clk_50m~derived ; Slow fix4 100C Model            ;        ;
; -0.815                    ; Low Pulse Width ; win_step[3]|clk                                                        ; clk_50m~derived ; Slow fix4 100C Model            ;        ;
; -0.815                    ; Low Pulse Width ; win_step[2]|clk                                                        ; clk_50m~derived ; Slow fix4 100C Model            ;        ;
; -0.815                    ; Low Pulse Width ; win_step[0]|clk                                                        ; clk_50m~derived ; Slow fix4 100C Model            ;        ;
; -0.815                    ; Low Pulse Width ; win_step[1]|clk                                                        ; clk_50m~derived ; Slow fix4 100C Model            ;        ;
; -0.815                    ; Low Pulse Width ; spi_bit_cnt[2]|clk                                                     ; clk_50m~derived ; Slow fix4 100C Model            ;        ;
; -0.815                    ; Low Pulse Width ; spi_bit_cnt[3]|clk                                                     ; clk_50m~derived ; Slow fix4 100C Model            ;        ;
; -0.815                    ; Low Pulse Width ; spi_bit_cnt[1]|clk                                                     ; clk_50m~derived ; Slow fix4 100C Model            ;        ;
; -0.815                    ; Low Pulse Width ; spi_data[7]|clk                                                        ; clk_50m~derived ; Slow fix4 100C Model            ;        ;
; -0.815                    ; Low Pulse Width ; state.S_DELAY_WAIT|clk                                                 ; clk_50m~derived ; Slow fix4 100C Model            ;        ;
; -0.815                    ; Low Pulse Width ; state.S_DONE|clk                                                       ; clk_50m~derived ; Slow fix4 100C Model            ;        ;
; -0.815                    ; Low Pulse Width ; state.S_SPI_WAIT|clk                                                   ; clk_50m~derived ; Slow fix4 100C Model            ;        ;
; -0.815                    ; Low Pulse Width ; delay_active|clk                                                       ; clk_50m~derived ; Slow fix4 100C Model            ;        ;
; -0.815                    ; Low Pulse Width ; delay_start|clk                                                        ; clk_50m~derived ; Slow fix4 100C Model            ;        ;
; -0.815                    ; Low Pulse Width ; return_state.S_RES_HIGH|clk                                            ; clk_50m~derived ; Slow fix4 100C Model            ;        ;
; -0.815                    ; Low Pulse Width ; state.S_INIT|clk                                                       ; clk_50m~derived ; Slow fix4 100C Model            ;        ;
; -0.815                    ; Low Pulse Width ; state.S_FILL|clk                                                       ; clk_50m~derived ; Slow fix4 100C Model            ;        ;
; -0.815                    ; Low Pulse Width ; init_idx[6]|clk                                                        ; clk_50m~derived ; Slow fix4 100C Model            ;        ;
; -0.815                    ; Low Pulse Width ; return_state.S_WINDOW|clk                                              ; clk_50m~derived ; Slow fix4 100C Model            ;        ;
; -0.815                    ; Low Pulse Width ; spi_data[6]|clk                                                        ; clk_50m~derived ; Slow fix4 100C Model            ;        ;
; -0.815                    ; Low Pulse Width ; pixel_byte|clk                                                         ; clk_50m~derived ; Slow fix4 100C Model            ;        ;
; -0.815                    ; Low Pulse Width ; return_state.S_DONE|clk                                                ; clk_50m~derived ; Slow fix4 100C Model            ;        ;
; -0.815                    ; Low Pulse Width ; delay_cnt[19]|clk                                                      ; clk_50m~derived ; Slow fix4 100C Model            ;        ;
; -0.815                    ; Low Pulse Width ; delay_cnt[20]|clk                                                      ; clk_50m~derived ; Slow fix4 100C Model            ;        ;
; -0.815                    ; Low Pulse Width ; delay_cnt[23]|clk                                                      ; clk_50m~derived ; Slow fix4 100C Model            ;        ;
; -0.815                    ; Low Pulse Width ; delay_cnt[13]|clk                                                      ; clk_50m~derived ; Slow fix4 100C Model            ;        ;
; -0.815                    ; Low Pulse Width ; delay_cnt[14]|clk                                                      ; clk_50m~derived ; Slow fix4 100C Model            ;        ;
; -0.815                    ; Low Pulse Width ; delay_cnt[15]|clk                                                      ; clk_50m~derived ; Slow fix4 100C Model            ;        ;
; -0.815                    ; Low Pulse Width ; delay_cnt[16]|clk                                                      ; clk_50m~derived ; Slow fix4 100C Model            ;        ;
; -0.815                    ; Low Pulse Width ; delay_cnt[17]|clk                                                      ; clk_50m~derived ; Slow fix4 100C Model            ;        ;
; -0.815                    ; Low Pulse Width ; delay_cnt[18]|clk                                                      ; clk_50m~derived ; Slow fix4 100C Model            ;        ;
; -0.815                    ; Low Pulse Width ; return_state.S_INIT|clk                                                ; clk_50m~derived ; Slow fix4 100C Model            ;        ;
; -0.815                    ; Low Pulse Width ; return_state.S_FILL|clk                                                ; clk_50m~derived ; Slow fix4 100C Model            ;        ;
; -0.815                    ; Low Pulse Width ; spi_data[5]|clk                                                        ; clk_50m~derived ; Slow fix4 100C Model            ;        ;
; -0.815                    ; Low Pulse Width ; delay_ms[0]|clk                                                        ; clk_50m~derived ; Slow fix4 100C Model            ;        ;
; -0.815                    ; Low Pulse Width ; spi_data[4]|clk                                                        ; clk_50m~derived ; Slow fix4 100C Model            ;        ;
; -0.815                    ; Low Pulse Width ; delay_ms[3]|clk                                                        ; clk_50m~derived ; Slow fix4 100C Model            ;        ;
; -0.815                    ; Low Pulse Width ; delay_ms[5]|clk                                                        ; clk_50m~derived ; Slow fix4 100C Model            ;        ;
; -0.815                    ; Low Pulse Width ; spi_data[3]|clk                                                        ; clk_50m~derived ; Slow fix4 100C Model            ;        ;
; -0.815                    ; Low Pulse Width ; delay_ms[6]|clk                                                        ; clk_50m~derived ; Slow fix4 100C Model            ;        ;
; -0.815                    ; Low Pulse Width ; delay_ms[4]|clk                                                        ; clk_50m~derived ; Slow fix4 100C Model            ;        ;
; -0.815                    ; Low Pulse Width ; delay_cnt[0]|clk                                                       ; clk_50m~derived ; Slow fix4 100C Model            ;        ;
; -0.815                    ; Low Pulse Width ; delay_ms[2]|clk                                                        ; clk_50m~derived ; Slow fix4 100C Model            ;        ;
; -0.815                    ; Low Pulse Width ; delay_ms[5]~RTM|clk                                                    ; clk_50m~derived ; Slow fix4 100C Model            ;        ;
; -0.815                    ; Low Pulse Width ; delay_ms[5]~RTM_16|clk                                                 ; clk_50m~derived ; Slow fix4 100C Model            ;        ;
; -0.815                    ; Low Pulse Width ; delay_ms[5]~RTM_17|clk                                                 ; clk_50m~derived ; Slow fix4 100C Model            ;        ;
; -0.815                    ; Low Pulse Width ; init_idx[0]~RTM|clk                                                    ; clk_50m~derived ; Slow fix4 100C Model            ;        ;
; -0.815                    ; Low Pulse Width ; init_idx[1]~RTM_3|clk                                                  ; clk_50m~derived ; Slow fix4 100C Model            ;        ;
; -0.815                    ; Low Pulse Width ; init_idx[1]~RTM_4|clk                                                  ; clk_50m~derived ; Slow fix4 100C Model            ;        ;
; -0.815                    ; Low Pulse Width ; delay_cnt[22]~RTM|clk                                                  ; clk_50m~derived ; Slow fix4 100C Model            ;        ;
; -0.815                    ; Low Pulse Width ; delay_cnt[22]~RTM_4|clk                                                ; clk_50m~derived ; Slow fix4 100C Model            ;        ;
; -0.815                    ; Low Pulse Width ; delay_cnt[21]~RTM_5|clk                                                ; clk_50m~derived ; Slow fix4 100C Model            ;        ;
; -0.815                    ; Low Pulse Width ; init_idx[1]~RTM_19|clk                                                 ; clk_50m~derived ; Slow fix4 100C Model            ;        ;
; -0.815                    ; Low Pulse Width ; pixel_cnt[12]~RTM|clk                                                  ; clk_50m~derived ; Slow fix4 100C Model            ;        ;
; -0.815                    ; Low Pulse Width ; win_step[0]~RTM|clk                                                    ; clk_50m~derived ; Slow fix4 100C Model            ;        ;
; -0.815                    ; Low Pulse Width ; spi_data[2]~RTM|clk                                                    ; clk_50m~derived ; Slow fix4 100C Model            ;        ;
; -0.815                    ; Low Pulse Width ; spi_data[2]~RTM_1|clk                                                  ; clk_50m~derived ; Slow fix4 100C Model            ;        ;
; -0.815                    ; Low Pulse Width ; spi_data[2]~RTM_2|clk                                                  ; clk_50m~derived ; Slow fix4 100C Model            ;        ;
; -0.815                    ; Low Pulse Width ; spi_data[2]~RTM_3|clk                                                  ; clk_50m~derived ; Slow fix4 100C Model            ;        ;
; -0.815                    ; Low Pulse Width ; spi_data[2]~RTM_4|clk                                                  ; clk_50m~derived ; Slow fix4 100C Model            ;        ;
; -0.815                    ; Low Pulse Width ; spi_data[2]~RTM_5|clk                                                  ; clk_50m~derived ; Slow fix4 100C Model            ;        ;
; -0.815                    ; Low Pulse Width ; spi_data[1]~RTM|clk                                                    ; clk_50m~derived ; Slow fix4 100C Model            ;        ;
; -0.815                    ; Low Pulse Width ; spi_data[1]~RTM_6|clk                                                  ; clk_50m~derived ; Slow fix4 100C Model            ;        ;
; -0.815                    ; Low Pulse Width ; spi_data[1]~RTM_7|clk                                                  ; clk_50m~derived ; Slow fix4 100C Model            ;        ;
; -0.815                    ; Low Pulse Width ; spi_data[1]~RTM_8|clk                                                  ; clk_50m~derived ; Slow fix4 100C Model            ;        ;
; -0.815                    ; Low Pulse Width ; spi_data[0]~RTM|clk                                                    ; clk_50m~derived ; Slow fix4 100C Model            ;        ;
; -0.815                    ; Low Pulse Width ; spi_data[0]~RTM_10|clk                                                 ; clk_50m~derived ; Slow fix4 100C Model            ;        ;
; -0.815                    ; Low Pulse Width ; return_state.S_RES_LOW~RTM|clk                                         ; clk_50m~derived ; Slow fix4 100C Model            ;        ;
; -0.815                    ; Low Pulse Width ; return_state.S_RES_LOW~RTM_1|clk                                       ; clk_50m~derived ; Slow fix4 100C Model            ;        ;
; -0.815                    ; Low Pulse Width ; return_state.S_RES_LOW~RTM_2|clk                                       ; clk_50m~derived ; Slow fix4 100C Model            ;        ;
; -0.815                    ; Low Pulse Width ; return_state.S_RES_LOW~RTM_3|clk                                       ; clk_50m~derived ; Slow fix4 100C Model            ;        ;
; -0.815                    ; Low Pulse Width ; return_state.S_RES_LOW~RTM_4|clk                                       ; clk_50m~derived ; Slow fix4 100C Model            ;        ;
; -0.815                    ; Low Pulse Width ; spi_dc_in~RTM|clk                                                      ; clk_50m~derived ; Slow fix4 100C Model            ;        ;
; -0.815                    ; Low Pulse Width ; spi_dc_in~RTM_1|clk                                                    ; clk_50m~derived ; Slow fix4 100C Model            ;        ;
; -0.815                    ; Low Pulse Width ; spi_div[1]~DUPLICATE|clk                                               ; clk_50m~derived ; Slow fix4 100C Model            ;        ;
; -0.815                    ; Low Pulse Width ; pixel_cnt[16]~DUPLICATE|clk                                            ; clk_50m~derived ; Slow fix4 100C Model            ;        ;
; -0.815                    ; Low Pulse Width ; lcd_res~reg0DUPLICATE|clk                                              ; clk_50m~derived ; Slow fix4 100C Model            ;        ;
; -0.815                    ; Low Pulse Width ; spi_div[0]~DUPLICATE|clk                                               ; clk_50m~derived ; Slow fix4 100C Model            ;        ;
; -0.815                    ; Low Pulse Width ; win_step[3]~DUPLICATE|clk                                              ; clk_50m~derived ; Slow fix4 100C Model            ;        ;
; -0.815                    ; Low Pulse Width ; win_step[2]~DUPLICATE|clk                                              ; clk_50m~derived ; Slow fix4 100C Model            ;        ;
; -0.815                    ; Low Pulse Width ; win_step[0]~DUPLICATE|clk                                              ; clk_50m~derived ; Slow fix4 100C Model            ;        ;
; -0.815                    ; Low Pulse Width ; spi_bit_cnt[1]~DUPLICATE|clk                                           ; clk_50m~derived ; Slow fix4 100C Model            ;        ;
; -0.815                    ; Low Pulse Width ; state.S_DONE~DUPLICATE|clk                                             ; clk_50m~derived ; Slow fix4 100C Model            ;        ;
; -0.815                    ; Low Pulse Width ; state.S_SPI_WAIT~DUPLICATE|clk                                         ; clk_50m~derived ; Slow fix4 100C Model            ;        ;
; -0.815                    ; Low Pulse Width ; delay_active~DUPLICATE|clk                                             ; clk_50m~derived ; Slow fix4 100C Model            ;        ;
; -0.815                    ; Low Pulse Width ; state.S_INIT~DUPLICATE|clk                                             ; clk_50m~derived ; Slow fix4 100C Model            ;        ;
; -0.815                    ; Low Pulse Width ; state.S_FILL~DUPLICATE|clk                                             ; clk_50m~derived ; Slow fix4 100C Model            ;        ;
; -0.815                    ; Low Pulse Width ; return_state.S_WINDOW~DUPLICATE|clk                                    ; clk_50m~derived ; Slow fix4 100C Model            ;        ;
; -0.815                    ; Low Pulse Width ; delay_cnt[15]~DUPLICATE|clk                                            ; clk_50m~derived ; Slow fix4 100C Model            ;        ;
; -0.815                    ; Low Pulse Width ; delay_ms[0]~DUPLICATE|clk                                              ; clk_50m~derived ; Slow fix4 100C Model            ;        ;
; -0.815                    ; Low Pulse Width ; delay_ms[2]~DUPLICATE|clk                                              ; clk_50m~derived ; Slow fix4 100C Model            ;        ;
; -0.815                    ; Low Pulse Width ; init_idx[0]~RTMDUPLICATE|clk                                           ; clk_50m~derived ; Slow fix4 100C Model            ;        ;
; -0.814                    ; Low Pulse Width ; spi_sclk_r|clk                                                         ; clk_50m~derived ; Slow fix4 100C Model            ;        ;
; -0.814                    ; Low Pulse Width ; spi_sda_r|clk                                                          ; clk_50m~derived ; Slow fix4 100C Model            ;        ;
; -0.814                    ; Low Pulse Width ; spi_dc_r|clk                                                           ; clk_50m~derived ; Slow fix4 100C Model            ;        ;
; -0.814                    ; Low Pulse Width ; spi_cs_r|clk                                                           ; clk_50m~derived ; Slow fix4 100C Model            ;        ;
; -0.814                    ; Low Pulse Width ; spi_state[1]|clk                                                       ; clk_50m~derived ; Slow fix4 100C Model            ;        ;
; -0.814                    ; Low Pulse Width ; spi_shift[7]|clk                                                       ; clk_50m~derived ; Slow fix4 100C Model            ;        ;
; -0.814                    ; Low Pulse Width ; spi_start|clk                                                          ; clk_50m~derived ; Slow fix4 100C Model            ;        ;
; -0.814                    ; Low Pulse Width ; spi_shift[6]|clk                                                       ; clk_50m~derived ; Slow fix4 100C Model            ;        ;
; -0.814                    ; Low Pulse Width ; init_idx[4]|clk                                                        ; clk_50m~derived ; Slow fix4 100C Model            ;        ;
; -0.814                    ; Low Pulse Width ; init_idx[2]|clk                                                        ; clk_50m~derived ; Slow fix4 100C Model            ;        ;
; -0.814                    ; Low Pulse Width ; init_idx[1]|clk                                                        ; clk_50m~derived ; Slow fix4 100C Model            ;        ;
; -0.814                    ; Low Pulse Width ; init_idx[3]|clk                                                        ; clk_50m~derived ; Slow fix4 100C Model            ;        ;
; -0.814                    ; Low Pulse Width ; init_idx[0]|clk                                                        ; clk_50m~derived ; Slow fix4 100C Model            ;        ;
; -0.814                    ; Low Pulse Width ; init_idx[5]|clk                                                        ; clk_50m~derived ; Slow fix4 100C Model            ;        ;
; -0.814                    ; Low Pulse Width ; spi_shift[5]|clk                                                       ; clk_50m~derived ; Slow fix4 100C Model            ;        ;
; -0.814                    ; Low Pulse Width ; delay_cnt[1]|clk                                                       ; clk_50m~derived ; Slow fix4 100C Model            ;        ;
; -0.814                    ; Low Pulse Width ; delay_cnt[2]|clk                                                       ; clk_50m~derived ; Slow fix4 100C Model            ;        ;
; -0.814                    ; Low Pulse Width ; delay_cnt[3]|clk                                                       ; clk_50m~derived ; Slow fix4 100C Model            ;        ;
; -0.814                    ; Low Pulse Width ; delay_cnt[4]|clk                                                       ; clk_50m~derived ; Slow fix4 100C Model            ;        ;
; -0.814                    ; Low Pulse Width ; delay_cnt[5]|clk                                                       ; clk_50m~derived ; Slow fix4 100C Model            ;        ;
; -0.814                    ; Low Pulse Width ; delay_cnt[6]|clk                                                       ; clk_50m~derived ; Slow fix4 100C Model            ;        ;
; -0.814                    ; Low Pulse Width ; delay_cnt[7]|clk                                                       ; clk_50m~derived ; Slow fix4 100C Model            ;        ;
; -0.814                    ; Low Pulse Width ; delay_cnt[8]|clk                                                       ; clk_50m~derived ; Slow fix4 100C Model            ;        ;
; -0.814                    ; Low Pulse Width ; delay_cnt[9]|clk                                                       ; clk_50m~derived ; Slow fix4 100C Model            ;        ;
; -0.814                    ; Low Pulse Width ; delay_cnt[10]|clk                                                      ; clk_50m~derived ; Slow fix4 100C Model            ;        ;
; -0.814                    ; Low Pulse Width ; delay_cnt[11]|clk                                                      ; clk_50m~derived ; Slow fix4 100C Model            ;        ;
; -0.814                    ; Low Pulse Width ; delay_cnt[12]|clk                                                      ; clk_50m~derived ; Slow fix4 100C Model            ;        ;
; -0.814                    ; Low Pulse Width ; spi_shift[4]|clk                                                       ; clk_50m~derived ; Slow fix4 100C Model            ;        ;
; -0.814                    ; Low Pulse Width ; delay_ms[1]|clk                                                        ; clk_50m~derived ; Slow fix4 100C Model            ;        ;
; -0.814                    ; Low Pulse Width ; spi_shift[3]|clk                                                       ; clk_50m~derived ; Slow fix4 100C Model            ;        ;
; -0.814                    ; Low Pulse Width ; delay_ms[7]|clk                                                        ; clk_50m~derived ; Slow fix4 100C Model            ;        ;
; -0.814                    ; Low Pulse Width ; spi_shift[2]|clk                                                       ; clk_50m~derived ; Slow fix4 100C Model            ;        ;
; -0.814                    ; Low Pulse Width ; spi_shift[1]|clk                                                       ; clk_50m~derived ; Slow fix4 100C Model            ;        ;
; -0.814                    ; Low Pulse Width ; spi_shift[0]|clk                                                       ; clk_50m~derived ; Slow fix4 100C Model            ;        ;
; -0.814                    ; Low Pulse Width ; delay_ms[1]~RTM|clk                                                    ; clk_50m~derived ; Slow fix4 100C Model            ;        ;
; -0.814                    ; Low Pulse Width ; delay_ms[1]~RTM_1|clk                                                  ; clk_50m~derived ; Slow fix4 100C Model            ;        ;
; -0.814                    ; Low Pulse Width ; delay_ms[1]~RTM_2|clk                                                  ; clk_50m~derived ; Slow fix4 100C Model            ;        ;
; -0.814                    ; Low Pulse Width ; delay_ms[1]~RTM_3|clk                                                  ; clk_50m~derived ; Slow fix4 100C Model            ;        ;
; -0.814                    ; Low Pulse Width ; delay_ms[1]~RTM_4|clk                                                  ; clk_50m~derived ; Slow fix4 100C Model            ;        ;
; -0.814                    ; Low Pulse Width ; delay_ms[1]~RTM_5|clk                                                  ; clk_50m~derived ; Slow fix4 100C Model            ;        ;
; -0.814                    ; Low Pulse Width ; delay_ms[1]~RTM_6|clk                                                  ; clk_50m~derived ; Slow fix4 100C Model            ;        ;
; -0.814                    ; Low Pulse Width ; delay_ms[1]~RTM_7|clk                                                  ; clk_50m~derived ; Slow fix4 100C Model            ;        ;
; -0.814                    ; Low Pulse Width ; delay_ms[1]~RTM_8|clk                                                  ; clk_50m~derived ; Slow fix4 100C Model            ;        ;
; -0.814                    ; Low Pulse Width ; delay_ms[1]~RTM_9|clk                                                  ; clk_50m~derived ; Slow fix4 100C Model            ;        ;
; -0.814                    ; Low Pulse Width ; delay_ms[1]~RTM_10|clk                                                 ; clk_50m~derived ; Slow fix4 100C Model            ;        ;
; -0.814                    ; Low Pulse Width ; delay_ms[1]~RTM_11|clk                                                 ; clk_50m~derived ; Slow fix4 100C Model            ;        ;
; -0.814                    ; Low Pulse Width ; delay_ms[1]~RTM_12|clk                                                 ; clk_50m~derived ; Slow fix4 100C Model            ;        ;
; -0.814                    ; Low Pulse Width ; delay_ms[1]~RTM_13|clk                                                 ; clk_50m~derived ; Slow fix4 100C Model            ;        ;
; -0.814                    ; Low Pulse Width ; delay_ms[3]~RTM|clk                                                    ; clk_50m~derived ; Slow fix4 100C Model            ;        ;
; -0.814                    ; Low Pulse Width ; delay_ms[3]~RTM_14|clk                                                 ; clk_50m~derived ; Slow fix4 100C Model            ;        ;
; -0.814                    ; Low Pulse Width ; delay_ms[3]~RTM_15|clk                                                 ; clk_50m~derived ; Slow fix4 100C Model            ;        ;
; -0.814                    ; Low Pulse Width ; init_idx[1]~RTM|clk                                                    ; clk_50m~derived ; Slow fix4 100C Model            ;        ;
; -0.814                    ; Low Pulse Width ; init_idx[1]~RTM_2|clk                                                  ; clk_50m~derived ; Slow fix4 100C Model            ;        ;
; -0.814                    ; Low Pulse Width ; delay_ms[7]~RTM|clk                                                    ; clk_50m~derived ; Slow fix4 100C Model            ;        ;
; -0.814                    ; Low Pulse Width ; delay_ms[7]~RTM_18|clk                                                 ; clk_50m~derived ; Slow fix4 100C Model            ;        ;
; -0.814                    ; Low Pulse Width ; delay_ms[7]~RTM_19|clk                                                 ; clk_50m~derived ; Slow fix4 100C Model            ;        ;
; -0.814                    ; Low Pulse Width ; state.S_INIT~RTM|clk                                                   ; clk_50m~derived ; Slow fix4 100C Model            ;        ;
; -0.814                    ; Low Pulse Width ; init_idx[1]~RTM_5|clk                                                  ; clk_50m~derived ; Slow fix4 100C Model            ;        ;
; -0.814                    ; Low Pulse Width ; delay_cnt[22]~RTM_3|clk                                                ; clk_50m~derived ; Slow fix4 100C Model            ;        ;
; -0.814                    ; Low Pulse Width ; init_idx[1]~RTM_7|clk                                                  ; clk_50m~derived ; Slow fix4 100C Model            ;        ;
; -0.814                    ; Low Pulse Width ; delay_cnt[21]~RTM|clk                                                  ; clk_50m~derived ; Slow fix4 100C Model            ;        ;
; -0.814                    ; Low Pulse Width ; init_idx[1]~RTM_9|clk                                                  ; clk_50m~derived ; Slow fix4 100C Model            ;        ;
; -0.814                    ; Low Pulse Width ; init_idx[1]~RTM_10|clk                                                 ; clk_50m~derived ; Slow fix4 100C Model            ;        ;
; -0.814                    ; Low Pulse Width ; spi_state[0]~RTM|clk                                                   ; clk_50m~derived ; Slow fix4 100C Model            ;        ;
; -0.814                    ; Low Pulse Width ; init_idx[1]~RTM_11|clk                                                 ; clk_50m~derived ; Slow fix4 100C Model            ;        ;
; -0.814                    ; Low Pulse Width ; init_idx[1]~RTM_12|clk                                                 ; clk_50m~derived ; Slow fix4 100C Model            ;        ;
; -0.814                    ; Low Pulse Width ; init_idx[2]~RTM_13|clk                                                 ; clk_50m~derived ; Slow fix4 100C Model            ;        ;
; -0.814                    ; Low Pulse Width ; init_idx[2]~RTM_14|clk                                                 ; clk_50m~derived ; Slow fix4 100C Model            ;        ;
; -0.814                    ; Low Pulse Width ; init_idx[2]~RTM_15|clk                                                 ; clk_50m~derived ; Slow fix4 100C Model            ;        ;
; -0.814                    ; Low Pulse Width ; init_idx[2]~RTM_16|clk                                                 ; clk_50m~derived ; Slow fix4 100C Model            ;        ;
; -0.814                    ; Low Pulse Width ; init_idx[2]~RTM_17|clk                                                 ; clk_50m~derived ; Slow fix4 100C Model            ;        ;
; -0.814                    ; Low Pulse Width ; init_idx[2]~RTM_18|clk                                                 ; clk_50m~derived ; Slow fix4 100C Model            ;        ;
; -0.814                    ; Low Pulse Width ; init_idx[1]~RTM_21|clk                                                 ; clk_50m~derived ; Slow fix4 100C Model            ;        ;
; -0.814                    ; Low Pulse Width ; init_idx[1]~RTM_22|clk                                                 ; clk_50m~derived ; Slow fix4 100C Model            ;        ;
; -0.814                    ; Low Pulse Width ; init_idx[1]~RTM_23|clk                                                 ; clk_50m~derived ; Slow fix4 100C Model            ;        ;
; -0.814                    ; Low Pulse Width ; init_idx[1]~RTM_24|clk                                                 ; clk_50m~derived ; Slow fix4 100C Model            ;        ;
; -0.814                    ; Low Pulse Width ; state.S_SPI_WAIT~RTM|clk                                               ; clk_50m~derived ; Slow fix4 100C Model            ;        ;
; -0.814                    ; Low Pulse Width ; spi_data[1]~RTM_9|clk                                                  ; clk_50m~derived ; Slow fix4 100C Model            ;        ;
; -0.814                    ; Low Pulse Width ; spi_data[0]~RTM_11|clk                                                 ; clk_50m~derived ; Slow fix4 100C Model            ;        ;
; -0.814                    ; Low Pulse Width ; spi_dc_in~RTM_2|clk                                                    ; clk_50m~derived ; Slow fix4 100C Model            ;        ;
; -0.814                    ; Low Pulse Width ; spi_dc_r~DUPLICATE|clk                                                 ; clk_50m~derived ; Slow fix4 100C Model            ;        ;
; -0.814                    ; Low Pulse Width ; spi_state[1]~DUPLICATE|clk                                             ; clk_50m~derived ; Slow fix4 100C Model            ;        ;
; -0.814                    ; Low Pulse Width ; init_idx[2]~DUPLICATE|clk                                              ; clk_50m~derived ; Slow fix4 100C Model            ;        ;
; -0.814                    ; Low Pulse Width ; init_idx[1]~DUPLICATE|clk                                              ; clk_50m~derived ; Slow fix4 100C Model            ;        ;
; -0.814                    ; Low Pulse Width ; delay_cnt[3]~DUPLICATE|clk                                             ; clk_50m~derived ; Slow fix4 100C Model            ;        ;
; -0.814                    ; Low Pulse Width ; delay_cnt[7]~DUPLICATE|clk                                             ; clk_50m~derived ; Slow fix4 100C Model            ;        ;
; -0.814                    ; Low Pulse Width ; delay_cnt[8]~DUPLICATE|clk                                             ; clk_50m~derived ; Slow fix4 100C Model            ;        ;
; -0.814                    ; Low Pulse Width ; delay_cnt[9]~DUPLICATE|clk                                             ; clk_50m~derived ; Slow fix4 100C Model            ;        ;
; -0.814                    ; Low Pulse Width ; delay_cnt[12]~DUPLICATE|clk                                            ; clk_50m~derived ; Slow fix4 100C Model            ;        ;
; -0.814                    ; Low Pulse Width ; delay_ms[1]~DUPLICATE|clk                                              ; clk_50m~derived ; Slow fix4 100C Model            ;        ;
; -0.814                    ; Low Pulse Width ; delay_ms[7]~DUPLICATE|clk                                              ; clk_50m~derived ; Slow fix4 100C Model            ;        ;
; -0.814                    ; Low Pulse Width ; spi_shift[0]~DUPLICATE|clk                                             ; clk_50m~derived ; Slow fix4 100C Model            ;        ;
; -0.814                    ; Low Pulse Width ; init_idx[1]~RTM_5DUPLICATE|clk                                         ; clk_50m~derived ; Slow fix4 100C Model            ;        ;
; -0.814                    ; Low Pulse Width ; init_idx[1]~RTM_10DUPLICATE|clk                                        ; clk_50m~derived ; Slow fix4 100C Model            ;        ;
; -0.814                    ; Low Pulse Width ; init_idx[2]~RTM_13DUPLICATE|clk                                        ; clk_50m~derived ; Slow fix4 100C Model            ;        ;
; -0.814                    ; Low Pulse Width ; init_idx[2]~RTM_15DUPLICATE|clk                                        ; clk_50m~derived ; Slow fix4 100C Model            ;        ;
; -0.814                    ; Low Pulse Width ; init_idx[2]~RTM_16DUPLICATE|clk                                        ; clk_50m~derived ; Slow fix4 100C Model            ;        ;
; -0.814                    ; Low Pulse Width ; init_idx[1]~RTM_21DUPLICATE|clk                                        ; clk_50m~derived ; Slow fix4 100C Model            ;        ;
; -0.564                    ; Low Pulse Width ; clk_50m~input~hviowr/s414_0_1__hvioc_core_periphery__clock_to_core[11] ; clk_50m~derived ; Slow fix4 100C Model            ;        ;
; -0.299                    ; Low Pulse Width ; clk_50m~input|o                                                        ; clk_50m~derived ; Slow fix4 100C Model            ;        ;
+---------------------------+-----------------+------------------------------------------------------------------------+-----------------+---------------------------------+--------+


Status:		FAIL
Severity:		Medium
Number of violations: 	55
Rule Parameters:      	
		max_violations = 5000
		maximum_setup_slack = 0
		to_clock_filter = "*"
+---------------------------------------------------------------------------------------------------+
; TMC-20204 - Endpoints of Paths Failing Setup Analysis with Retiming Restrictions                  ;
+------------------------+-------------------------+---------------------------------------+--------+
; Worst-Case Setup Slack ; Node Name               ; Retiming Restriction                  ; Waived ;
+------------------------+-------------------------+---------------------------------------+--------+
; -1.823                 ; delay_ms[2]~DUPLICATE   ; Node uses an asynchronous clear port. ;        ;
; -1.823                 ; delay_cnt[23]           ; Node uses an asynchronous clear port. ;        ;
; -1.646                 ; delay_ms[4]             ; Node uses an asynchronous clear port. ;        ;
; -1.643                 ; delay_ms[5]~RTM_16      ; Node uses an asynchronous clear port. ;        ;
; -1.636                 ; delay_ms[1]~DUPLICATE   ; Node uses an asynchronous clear port. ;        ;
; -1.636                 ; delay_ms[1]~RTM_1       ; Node uses an asynchronous clear port. ;        ;
; -1.63                  ; delay_ms[3]~RTM_14      ; Node uses an asynchronous clear port. ;        ;
; -1.602                 ; delay_ms[0]             ; Node uses an asynchronous clear port. ;        ;
; -1.556                 ; delay_ms[6]             ; Node uses an asynchronous clear port. ;        ;
; -1.551                 ; delay_ms[1]~RTM_3       ; Node uses an asynchronous clear port. ;        ;
; -1.533                 ; delay_ms[1]~RTM_5       ; Node uses an asynchronous clear port. ;        ;
; -1.528                 ; delay_ms[0]~DUPLICATE   ; Node uses an asynchronous clear port. ;        ;
; -1.515                 ; delay_cnt[19]           ; Node uses an asynchronous clear port. ;        ;
; -1.506                 ; delay_ms[1]~RTM_2       ; Node uses an asynchronous clear port. ;        ;
; -1.495                 ; delay_ms[1]~RTM         ; Node uses an asynchronous clear port. ;        ;
; -1.472                 ; delay_cnt[17]           ; Node uses an asynchronous clear port. ;        ;
; -1.467                 ; delay_cnt[20]           ; Node uses an asynchronous clear port. ;        ;
; -1.467                 ; delay_cnt[15]           ; Node uses an asynchronous clear port. ;        ;
; -1.455                 ; delay_ms[1]~RTM_4       ; Node uses an asynchronous clear port. ;        ;
; -1.445                 ; delay_cnt[15]~DUPLICATE ; Node uses an asynchronous clear port. ;        ;
; -1.441                 ; delay_ms[1]~RTM_6       ; Node uses an asynchronous clear port. ;        ;
; -1.402                 ; delay_cnt[18]           ; Node uses an asynchronous clear port. ;        ;
; -1.401                 ; delay_cnt[16]           ; Node uses an asynchronous clear port. ;        ;
; -1.397                 ; delay_ms[7]~RTM_18      ; Node uses an asynchronous clear port. ;        ;
; -1.378                 ; delay_cnt[22]~RTM_3     ; Node uses an asynchronous clear port. ;        ;
; -1.378                 ; delay_cnt[21]~RTM       ; Node uses an asynchronous clear port. ;        ;
; -1.368                 ; state.S_INIT~DUPLICATE  ; Node uses an asynchronous clear port. ;        ;
; -1.368                 ; delay_ms[1]~RTM_13      ; Node uses an asynchronous clear port. ;        ;
; -1.367                 ; delay_ms[1]~RTM_12      ; Node uses an asynchronous clear port. ;        ;
; -1.358                 ; state.S_RES_HIGH        ; Node uses an asynchronous clear port. ;        ;
; -1.34                  ; state.S_RES_LOW         ; Node uses an asynchronous clear port. ;        ;
; -1.332                 ; delay_ms[1]~RTM_11      ; Node uses an asynchronous clear port. ;        ;
; -1.328                 ; delay_cnt[14]           ; Node uses an asynchronous clear port. ;        ;
; -1.324                 ; delay_ms[1]~RTM_7       ; Node uses an asynchronous clear port. ;        ;
; -1.317                 ; delay_ms[1]~RTM_10      ; Node uses an asynchronous clear port. ;        ;
; -1.312                 ; delay_cnt[13]           ; Node uses an asynchronous clear port. ;        ;
; -1.31                  ; delay_cnt[12]           ; Node uses an asynchronous clear port. ;        ;
; -1.296                 ; state.S_POR_DELAY       ; Node uses an asynchronous clear port. ;        ;
; -1.296                 ; delay_cnt[12]~DUPLICATE ; Node uses an asynchronous clear port. ;        ;
; -1.295                 ; delay_ms[1]~RTM_8       ; Node uses an asynchronous clear port. ;        ;
; -1.295                 ; delay_cnt[9]~DUPLICATE  ; Node uses an asynchronous clear port. ;        ;
; -1.295                 ; delay_cnt[9]            ; Node uses an asynchronous clear port. ;        ;
; -1.295                 ; delay_cnt[8]~DUPLICATE  ; Node uses an asynchronous clear port. ;        ;
; -1.295                 ; delay_cnt[10]           ; Node uses an asynchronous clear port. ;        ;
; -1.295                 ; delay_cnt[8]            ; Node uses an asynchronous clear port. ;        ;
; -1.294                 ; delay_cnt[7]~DUPLICATE  ; Node uses an asynchronous clear port. ;        ;
; -1.294                 ; delay_cnt[7]            ; Node uses an asynchronous clear port. ;        ;
; -1.294                 ; delay_cnt[4]            ; Node uses an asynchronous clear port. ;        ;
; -1.294                 ; delay_cnt[3]~DUPLICATE  ; Node uses an asynchronous clear port. ;        ;
; -1.294                 ; delay_cnt[3]            ; Node uses an asynchronous clear port. ;        ;
; -1.294                 ; delay_cnt[5]            ; Node uses an asynchronous clear port. ;        ;
; -1.291                 ; delay_cnt[11]           ; Node uses an asynchronous clear port. ;        ;
; -1.291                 ; delay_cnt[6]            ; Node uses an asynchronous clear port. ;        ;
; -1.29                  ; delay_cnt[2]            ; Node uses an asynchronous clear port. ;        ;
; -1.29                  ; delay_cnt[1]            ; Node uses an asynchronous clear port. ;        ;
+------------------------+-------------------------+---------------------------------------+--------+


Status:		FAIL
Severity:		Medium
Number of violations: 	4
Rule Parameters:      	
		max_violations = 5000
		maximum_setup_slack = 0
		to_clock_filter = "*"
+------------------------------------------------------------------------------------------------------------+
; TMC-20205 - Endpoints of Paths Failing Setup Analysis with Explicit Power-Up States that Restrict Retiming ;
+------------------------+------------------------+----------------------------------------------------------+
; Worst-Case Setup Slack ; Node Name              ; Waived                                                   ;
+------------------------+------------------------+----------------------------------------------------------+
; -1.368                 ; state.S_INIT~DUPLICATE ;                                                          ;
; -1.358                 ; state.S_RES_HIGH       ;                                                          ;
; -1.34                  ; state.S_RES_LOW        ;                                                          ;
; -1.296                 ; state.S_POR_DELAY      ;                                                          ;
+------------------------+------------------------+----------------------------------------------------------+


Status:		FAIL
Severity:		Medium
Number of violations: 	1
Rule Parameters:      	
		max_violations = 5000
		maximum_setup_slack = 0
		to_clock_filter = "*"
		minimum_number_of_soft_mult_chains = 2
+-----------------------------------------------------------------------------------------------------------------------------+
; TMC-20215 - Buses with Incoming Paths Failing Setup Analysis with Multipliers Implemented in Logic                          ;
+------------------------+---------------+-----------------------------------+-----------------------+---------------+--------+
; Worst-Case Setup Slack ; Bus Name      ; Number of Multiplier Logic Chains ; From Node             ; To Node       ; Waived ;
+------------------------+---------------+-----------------------------------+-----------------------+---------------+--------+
; -1.823                 ; delay_cnt[*]* ; 2                                 ; delay_ms[2]~DUPLICATE ; delay_cnt[23] ;        ;
+------------------------+---------------+-----------------------------------+-----------------------+---------------+--------+


Status:		FAIL
Severity:		Low
Number of violations: 	1
Rule Parameters:      	max_violations = 500
+------------------------------------------------------------------------------------+
; RES-50010 - Reset Synchronizer Chains with Constant Output                         ;
+-------------------+--------------+----------------------+-----------------+--------+
; Reset Chain Head  ; Reset Source ; From Clock           ; To Clock        ; Waived ;
+-------------------+--------------+----------------------+-----------------+--------+
; delay_ms[1]~RTM_4 ; sys_rst_n    ; Unconstrained domain ; clk_50m~derived ;        ;
+-------------------+--------------+----------------------+-----------------+--------+


Status:		PASS
Severity:		High
Number of violations: 	0
Rule Parameters:      	max_violations = 500
+----------------------------------------------------------+
; CDC-50001 - 1-Bit Asynchronous Transfer Not Synchronized ;
+----------------------------------------------------------+


Status:		PASS
Severity:		High
Number of violations: 	0
Rule Parameters:      	max_violations = 500
+-----------------------------------------------------------------------+
; CDC-50002 - 1-Bit Asynchronous Transfer with Insufficient Constraints ;
+-----------------------------------------------------------------------+


Status:		PASS
Severity:		High
Number of violations: 	0
Rule Parameters:      	max_violations = 500
+----------------------------------------------------------------+
; CDC-50003 - CE-Type CDC Transfer with Insufficient Constraints ;
+----------------------------------------------------------------+


Status:		PASS
Severity:		High
Number of violations: 	0
Rule Parameters:      	max_violations = 500
+-----------------------------------------------------------------+
; CDC-50004 - MUX-type CDC Transfer with Insufficient Constraints ;
+-----------------------------------------------------------------+


Status:		PASS
Severity:		High
Number of violations: 	0
Rule Parameters:      	max_violations = 500
+-----------------------------------------------------------------------------------------+
; CDC-50005 - CDC Bus Constructed with Multi-bit Synchronizer Chains of Different Lengths ;
+-----------------------------------------------------------------------------------------+


Status:		PASS
Severity:		High
Number of violations: 	0
Rule Parameters:      	max_violations = 500
+---------------------------------------------------------------+
; CDC-50006 - CDC Bus Constructed with Unsynchronized Registers ;
+---------------------------------------------------------------+


Status:		PASS
Severity:		High
Number of violations: 	0
Rule Parameters:      	max_violations = 500
+--------------------------------------------------------------------------------------------------+
; CDC-50007 - CDC Bus Constructed with Multi-bit Synchronizer Chains with Insufficient Constraints ;
+--------------------------------------------------------------------------------------------------+


Status:		PASS
Severity:		High
Number of violations: 	0
Rule Parameters:      	max_violations = 500
+-----------------------------------------------------------+
; CDC-50011 - Combinational Logic Before Synchronizer Chain ;
+-----------------------------------------------------------+


Status:		PASS
Severity:		High
Number of violations: 	0
Rule Parameters:      	max_violations = 500
+-----------------------------------------------------------------+
; CDC-50012 - Multiple Clock Domains Driving a Synchronizer Chain ;
+-----------------------------------------------------------------+


Status:		PASS
Severity:		High
Number of violations: 	0
Rule Parameters:      	max_violations = 5000
+--------------------------------------+
; CLK-30026 - Missing Clock Assignment ;
+--------------------------------------+


Status:		PASS
Severity:		High
Number of violations: 	0
Rule Parameters:      	max_violations = 5000
+----------------------------------------------+
; CLK-30027 - Multiple Clock Assignments Found ;
+----------------------------------------------+


Status:		PASS
Severity:		High
Number of violations: 	0
Rule Parameters:      	max_violations = 5000
+-------------------------------------+
; CLK-30028 - Invalid Generated Clock ;
+-------------------------------------+


Status:		PASS
Severity:		High
Number of violations: 	0
Rule Parameters:      	max_violations = 5000
+---------------------------------------+
; CLK-30029 - Invalid Clock Assignments ;
+---------------------------------------+


Status:		PASS
Severity:		High
Number of violations: 	0
Rule Parameters:      	max_violations = 5000
+-----------------------------------+
; CLK-30030 - PLL Setting Violation ;
+-----------------------------------+


Status:		PASS
Severity:		High
Number of violations: 	0
Rule Parameters:      	max_violations = 5000
+--------------------------------------------+
; CLK-30033 - Invalid Clock Group Assignment ;
+--------------------------------------------+


Status:		PASS
Severity:		High
Number of violations: 	0
Rule Parameters:      	max_violations = 5000
+----------------------------------------------------------------------------+
; CLK-30034 - Clock Pairs Missing Logically Exclusive Clock Group Assignment ;
+----------------------------------------------------------------------------+


Status:		PASS
Severity:		High
Number of violations: 	0
Rule Parameters:      	max_violations = 5000
+-----------------------------------------------------------------------------+
; CLK-30035 - Clock Pairs Missing Physically Exclusive Clock Group Assignment ;
+-----------------------------------------------------------------------------+


Status:		PASS
Severity:		High
Number of violations: 	0
Rule Parameters:      	max_violations = 5000
+----------------------------------------+
; CLK-30042 - Incorrect Clock Group Type ;
+----------------------------------------+


Status:		PASS
Severity:		High
Number of violations: 	0
Rule Parameters:      	max_violations = 500
+---------------------------------------------------------------+
; RES-50002 - Asynchronous Reset is Insufficiently Synchronized ;
+---------------------------------------------------------------+


Status:		PASS
Severity:		High
Number of violations: 	0
Rule Parameters:      	max_violations = 500
+--------------------------------------------------------------+
; RES-50003 - Asynchronous Reset with Insufficient Constraints ;
+--------------------------------------------------------------+


Status:		PASS
Severity:		High
Number of violations: 	0
Rule Parameters:      	max_violations = 500
+--------------------------------------------------------------------------+
; RES-50004 - Multiple Asynchronous Resets within Reset Synchronizer Chain ;
+--------------------------------------------------------------------------+


Status:		PASS
Severity:		High
Number of violations: 	0
Rule Parameters:      	max_violations = 5000
+---------------------------------+
; TMC-20013 - Partial Input Delay ;
+---------------------------------+


Status:		PASS
Severity:		High
Number of violations: 	0
Rule Parameters:      	max_violations = 5000
+----------------------------------+
; TMC-20014 - Partial Output Delay ;
+----------------------------------+


Status:		PASS
Severity:		High
Number of violations: 	0
Rule Parameters:      	max_violations = 5000
+----------------------------------------+
; TMC-20015 - Inconsistent Min-Max Delay ;
+----------------------------------------+


Status:		PASS
Severity:		High
Number of violations: 	0
Rule Parameters:      	max_violations = 5000
+-----------------------------------+
; TMC-20016 - Invalid Reference Pin ;
+-----------------------------------+


Status:		PASS
Severity:		High
Number of violations: 	0
Rule Parameters:      	max_violations = 5000
+----------------------------+
; TMC-20017 - Loops Detected ;
+----------------------------+


Status:		PASS
Severity:		High
Number of violations: 	0
Rule Parameters:      	max_violations = 5000
+-------------------------------------------+
; TMC-20019 - Partial Multicycle Assignment ;
+-------------------------------------------+


Status:		PASS
Severity:		High
Number of violations: 	0
Rule Parameters:      	max_violations = 5000
+-----------------------------------------------------+
; TMC-20022 - I/O Delay Assignment Missing Parameters ;
+-----------------------------------------------------+


Status:		PASS
Severity:		High
Number of violations: 	0
Rule Parameters:      	max_violations = 5000
+----------------------------------------------+
; TMC-20023 - Invalid Set Net Delay Assignment ;
+----------------------------------------------+


Status:		PASS
Severity:		High
Number of violations: 	0
Rule Parameters:      	max_violations = 5000
+-------------------------------------------------------+
; TMC-20027 - Collection Filter Matching Multiple Types ;
+-------------------------------------------------------+


Status:		PASS
Severity:		High
Number of violations: 	0
Rule Parameters:      	max_violations = 5000
+-----------------------------------------------------+
; TMC-30041 - Constraint with Invalid Clock Reference ;
+-----------------------------------------------------+


Status:		PASS
Severity:		Medium
Number of violations: 	0
Rule Parameters:      	max_violations = 5000
+------------------------------------------------------------+
; CDC-50103 - Unsynchronized Intra-Clock Forced Synchronizer ;
+------------------------------------------------------------+


Status:		PASS
Severity:		Medium
Number of violations: 	0
Rule Parameters:      	max_violations = 5000
+-------------------------------------------+
; CLK-30031 - Input Delay Assigned to Clock ;
+-------------------------------------------+


Status:		PASS
Severity:		Medium
Number of violations: 	0
Rule Parameters:      	max_violations = 5000
+------------------------------------+
; CLK-30032 - Improper Clock Targets ;
+------------------------------------+


Status:		PASS
Severity:		Medium
Number of violations: 	0
Rule Parameters:      	
		max_violations = 5000
		device_ram_occupation = 80
		low_utilization = 10
+-----------------------------------------------------------+
; FLP-10000 - Physical RAM with Utilization Below Threshold ;
+-----------------------------------------------------------+


Status:		PASS
Severity:		Medium
Number of violations: 	0
Rule Parameters:      	max_violations = 5000
+-------------------------------------------------------------+
; FLP-10501 - Top-Level Ports Without Pin Location Assignment ;
+-------------------------------------------------------------+


Status:		PASS
Severity:		Medium
Number of violations: 	0
Rule Parameters:      	max_violations = 5000
+-----------------------------------------------+
; LNT-30023 - Reset Nets with Polarity Conflict ;
+-----------------------------------------------+


Status:		PASS
Severity:		Medium
Number of violations: 	0
Rule Parameters:      	max_violations = 5000
+--------------------------------------------------------------------------------+
; RDC-50003 - Multiple Asynchronous Reset Synchronizers in the Same Clock Domain ;
+--------------------------------------------------------------------------------+


Status:		PASS
Severity:		Medium
Number of violations: 	0
Rule Parameters:      	max_violations = 5000
+------------------------------------------+
; TMC-20018 - Unsupported Latches Detected ;
+------------------------------------------+


Status:		PASS
Severity:		Medium
Number of violations: 	0
Rule Parameters:      	max_violations = 5000
+----------------------------------------------+
; TMC-20021 - Partial Min-Max Delay Assignment ;
+----------------------------------------------+


Status:		PASS
Severity:		Medium
Number of violations: 	0
Rule Parameters:      	max_violations = 5000
+-----------------------------------------------+
; TMC-20024 - Synchronous Data Delay Assignment ;
+-----------------------------------------------+


Status:		PASS
Severity:		Medium
Number of violations: 	0
Rule Parameters:      	max_violations = 5000
+-----------------------------------------------+
; TMC-20025 - Ignored or Overridden Constraints ;
+-----------------------------------------------+


Status:		PASS
Severity:		Medium
Number of violations: 	0
Rule Parameters:      	max_violations = 5000
+------------------------------------------------------+
; TMC-20026 - Empty Collection Due To Unmatched Filter ;
+------------------------------------------------------+


Status:		PASS
Severity:		Medium
Number of violations: 	0
Rule Parameters:      	
		max_violations = 5000
		maximum_setup_slack = 0
		to_clock_filter = "*"
+-----------------------------------------------------------------------+
; TMC-20200 - Paths Failing Setup Analysis with Impossible Requirements ;
+-----------------------------------------------------------------------+


Status:		PASS
Severity:		Medium
Number of violations: 	0
Rule Parameters:      	
		max_violations = 5000
		maximum_setup_slack = 0
		to_clock_filter = "*"
+---------------------------------------------------------------+
; TMC-20201 - Paths Failing Setup Analysis with High Clock Skew ;
+---------------------------------------------------------------+


Status:		PASS
Severity:		Medium
Number of violations: 	0
Rule Parameters:      	
		max_violations = 5000
		maximum_setup_slack = 0
		to_clock_filter = "*"
+------------------------------------------------------------------------------------------------------+
; TMC-20206 - DSP Blocks with Unregistered Outputs that are the Source of Paths Failing Setup Analysis ;
+------------------------------------------------------------------------------------------------------+


Status:		PASS
Severity:		Medium
Number of violations: 	0
Rule Parameters:      	
		max_violations = 5000
		maximum_setup_slack = 0
		to_clock_filter = "*"
+----------------------------------------------------------------------------------------------------------+
; TMC-20207 - DSP Blocks with Unregistered Inputs that are the Destination of Paths Failing Setup Analysis ;
+----------------------------------------------------------------------------------------------------------+


Status:		PASS
Severity:		Medium
Number of violations: 	0
Rule Parameters:      	
		max_violations = 5000
		maximum_setup_slack = 0
		to_clock_filter = "*"
+------------------------------------------------------------------------------------------------------+
; TMC-20208 - RAM Blocks with Unregistered Outputs that are the Source of Paths Failing Setup Analysis ;
+------------------------------------------------------------------------------------------------------+


Status:		PASS
Severity:		Medium
Number of violations: 	0
Rule Parameters:      	
		max_violations = 5000
		maximum_setup_slack = 0
		to_clock_filter = "*"
+------------------------------------------------------------------------------------+
; TMC-20209 - Paths Failing Setup Analysis with High Routing Delay due to Congestion ;
+------------------------------------------------------------------------------------+


Status:		PASS
Severity:		Medium
Number of violations: 	0
Rule Parameters:      	
		max_violations = 5000
		maximum_setup_slack = 0
		to_clock_filter = "*"
+---------------------------------------------------------------------------------+
; TMC-20210 - Paths Failing Setup Analysis with High Routing Delay Added for Hold ;
+---------------------------------------------------------------------------------+


Status:		PASS
Severity:		Medium
Number of violations: 	0
Rule Parameters:      	
		max_violations = 5000
		maximum_setup_slack = 0
		to_clock_filter = "*"
+---------------------------------------------------------------------------+
; TMC-20212 - Paths Failing Setup Analysis with Global Routing in Data Path ;
+---------------------------------------------------------------------------+


Status:		PASS
Severity:		Medium
Number of violations: 	0
Rule Parameters:      	
		max_violations = 5000
		maximum_setup_slack = 0
		to_clock_filter = "*"
+--------------------------------------------------------------------+
; TMC-20213 - Paths Failing Setup Analysis with Locally Routed Clock ;
+--------------------------------------------------------------------+


Status:		PASS
Severity:		Medium
Number of violations: 	0
Rule Parameters:      	
		max_violations = 5000
		maximum_setup_slack = 0
		to_clock_filter = "*"
		minimum_number_of_adders = 3
+----------------------------------------------------------------------------------------------------+
; TMC-20214 - Buses with Incoming Paths Failing Setup Analysis with Multiple Sequential Adder Chains ;
+----------------------------------------------------------------------------------------------------+


Status:		PASS
Severity:		Medium
Number of violations: 	0
Rule Parameters:      	
		max_violations = 5000
		maximum_setup_slack = 0
		to_clock_filter = "*"
+-------------------------------------------------------------------------------------+
; TMC-20216 - Paths Failing Setup Analysis with Inferred-RAM Shift Register Endpoints ;
+-------------------------------------------------------------------------------------+


Status:		PASS
Severity:		Medium
Number of violations: 	0
Rule Parameters:      	
		max_violations = 5000
		maximum_setup_slack = 0
		to_clock_filter = "*"
+-------------------------------------------------------------+
; TMC-20217 - Paths Failing Setup Analysis with Clock-As-Data ;
+-------------------------------------------------------------+


Status:		PASS
Severity:		Medium
Number of violations: 	0
Rule Parameters:      	
		max_violations = 5000
		maximum_pulse_width_slack = 0
+-----------------------------------------------------------------+
; TMC-20219 - DSP Blocks with Restricted Fmax below Required Fmax ;
+-----------------------------------------------------------------+


Status:		PASS
Severity:		Medium
Number of violations: 	0
Rule Parameters:      	
		max_violations = 5000
		maximum_pulse_width_slack = 0
+-----------------------------------------------------------------+
; TMC-20220 - RAM Blocks with Restricted Fmax below Required Fmax ;
+-----------------------------------------------------------------+


Status:		PASS
Severity:		Medium
Number of violations: 	0
Rule Parameters:      	
		max_violations = 5000
		maximum_hold_slack = 0
		to_clock_filter = "*"
+--------------------------------------------------------------------------+
; TMC-20312 - Paths Failing Hold Analysis with Global Routing in Data Path ;
+--------------------------------------------------------------------------+


Status:		PASS
Severity:		Medium
Number of violations: 	0
Rule Parameters:      	
		max_violations = 5000
		maximum_hold_slack = 0
		to_clock_filter = "*"
+-------------------------------------------------------------------+
; TMC-20313 - Paths Failing Hold Analysis with Locally Routed Clock ;
+-------------------------------------------------------------------+


Status:		PASS
Severity:		Medium
Number of violations: 	0
Rule Parameters:      	
		max_violations = 5000
		maximum_recovery_slack = 0
		to_clock_filter = "*"
+------------------------------------------------------------------------------+
; TMC-20712 - Paths Failing Recovery Analysis with Global Routing in Data Path ;
+------------------------------------------------------------------------------+


Status:		PASS
Severity:		Medium
Number of violations: 	0
Rule Parameters:      	
		max_violations = 5000
		maximum_recovery_slack = 0
		to_clock_filter = "*"
+-----------------------------------------------------------------------+
; TMC-20713 - Paths Failing Recovery Analysis with Locally Routed Clock ;
+-----------------------------------------------------------------------+


Status:		PASS
Severity:		Medium
Number of violations: 	0
Rule Parameters:      	
		max_violations = 5000
		maximum_removal_slack = 0
		to_clock_filter = "*"
+-----------------------------------------------------------------------------+
; TMC-20812 - Paths Failing Removal Analysis with Global Routing in Data Path ;
+-----------------------------------------------------------------------------+


Status:		PASS
Severity:		Medium
Number of violations: 	0
Rule Parameters:      	
		max_violations = 5000
		maximum_removal_slack = 0
		to_clock_filter = "*"
+----------------------------------------------------------------------+
; TMC-20813 - Paths Failing Removal Analysis with Locally Routed Clock ;
+----------------------------------------------------------------------+


Status:		PASS
Severity:		Low
Number of violations: 	0
Rule Parameters:      	max_violations = 500
+--------------------------------------------------------------------+
; CDC-50008 - CDC Bus Constructed with Multi-bit Synchronizer Chains ;
+--------------------------------------------------------------------+


Status:		PASS
Severity:		Low
Number of violations: 	0
Rule Parameters:      	max_violations = 500
+-------------------------------------------------+
; CDC-50101 - Intra-Clock False Path Synchronizer ;
+-------------------------------------------------+


Status:		PASS
Severity:		Low
Number of violations: 	0
Rule Parameters:      	max_violations = 500
+-----------------------------------------------------------------+
; CDC-50102 - Synchronizer after CDC Topology with Control Signal ;
+-----------------------------------------------------------------+


Status:		PASS
Severity:		Low
Number of violations: 	0
Rule Parameters:      	
		max_violations = 5000
		max_stage_adjustment = -1
		min_width = 16
		min_depth = 3
+------------------------------------------------------------+
; FLP-40006 - Pipelining Registers That Might Be Recoverable ;
+------------------------------------------------------------+


Status:		PASS
Severity:		Low
Number of violations: 	0
Rule Parameters:      	max_violations = 5000
+--------------------------------------------------------------+
; LNT-30010 - Nets Driving both Reset and Clock Enable Signals ;
+--------------------------------------------------------------+


Status:		PASS
Severity:		Low
Number of violations: 	0
Rule Parameters:      	max_violations = 500
+-------------------------------------------------------+
; RES-50101 - Intra-Clock False Path Reset Synchronizer ;
+-------------------------------------------------------+


Status:		PASS
Severity:		Low
Number of violations: 	0
Rule Parameters:      	max_violations = 5000
+-------------------------------------------+
; TMC-20020 - Invalid Multicycle Assignment ;
+-------------------------------------------+


Status:		PASS
Severity:		Low
Number of violations: 	0
Rule Parameters:      	max_violations = 5000
+--------------------------------------------------------------------------------------------+
; TMC-20550 - Automatically Selected Duplication Candidate Rejected for Placement Constraint ;
+--------------------------------------------------------------------------------------------+


Status:		PASS
Severity:		Low
Number of violations: 	0
Rule Parameters:      	
		max_violations = 5000
		avg_dup_fanout = 1000
+-------------------------------------------------------------------------------------------+
; TMC-20551 - Automatically Selected Duplication Candidate Likely Requires More Duplication ;
+-------------------------------------------------------------------------------------------+


Status:		PASS
Severity:		Low
Number of violations: 	0
Rule Parameters:      	max_violations = 5000
+--------------------------------------------------------------+
; TMC-20552 - User Selected Duplication Candidate was Rejected ;
+--------------------------------------------------------------+


Status:		PASS
Severity:		Low
Number of violations: 	0
Rule Parameters:      	
		max_violations = 5000
		minimum_tension = 100000
		minimum_sinks = 2
+-----------------------------------------------------------+
; TMC-20601 - Registers with High Immediate Fan-Out Tension ;
+-----------------------------------------------------------+


Status:		PASS
Severity:		Low
Number of violations: 	0
Rule Parameters:      	
		max_violations = 5000
		minimum_tension = 100000
		ignore_high_fanout_tension = False
		minimum_sinks = 2
+--------------------------------------------------------------+
; TMC-20602 - Registers with High Timing Path Endpoint Tension ;
+--------------------------------------------------------------+


Status:		PASS
Severity:		Low
Number of violations: 	0
Rule Parameters:      	
		max_violations = 5000
		minimum_span = 250
		minimum_sinks = 2
+--------------------------------------------------------+
; TMC-20603 - Registers with High Immediate Fan-Out Span ;
+--------------------------------------------------------+


Status:		PASS
Severity:		Low
Number of violations: 	0
Rule Parameters:      	
		max_violations = 5000
		minimum_span = 250
		ignore_high_fanout_span = False
		minimum_sinks = 2
+-----------------------------------------------------------+
; TMC-20604 - Registers with High Timing Path Endpoint Span ;
+-----------------------------------------------------------+


