Fitter report for top_lcd_st7789
Sun Sep  6 00:46:47 2026
Quartus Prime Version 25.1.1 Build 125 07/31/2025 Patches 1.03 SC Pro Edition


---------------------
; Table of Contents ;
---------------------
  1. Legal Notice
  2. Fitter Summary
  3. Fitter Settings
  4. Parallel Compilation
  5. Fitter Partition Summary
---- Plan Stage Reports ----
       6. Fitter Device Options
       7. Operating Settings and Conditions
       8. Pin-Out File
       9. Input Pins
      10. Output Pins
      11. I/O Bank Usage
      12. Detailed I/O Block Info
      13. All Package Pins
      14. Output Pin Default Load For Reported TCO
      15. I/O Assignment Warnings
      16. Control Signals
---- Place Stage Reports ----
      17. Global & Other Fast Signals Summary
      18. Global Signal Visualization
      19. Global & Other Fast Signals Details
      20. Fitter Resource Usage Summary
      21. Fitter Resource Utilization by Entity
 22. Fitter Netlist Optimizations
---- Route Stage Reports ----
      23. Delay Chain Summary
      24. Routing Usage Summary
      25. Global Router Wire Utilization Map
      26. Peak Wire Demand Summary
      27. Peak Wire Demand Details
      28. Peak Total Grid Crossings
      29. Global Router Congestion Hotspot Summary
---- Retime Stage Reports ----
      30. Hyper-Retimer Settings
      31. Reset Sequence Requirement
      32. Retiming Limit Summary
      33. Critical Chain Summary for Clock Domain clk_50m~derived
      34. Hyper-Retimer INI Usage
---- Finalize Stage Reports ----
      35. Routing Usage Summary
 36. Fitter INI Usage
 37. Fitter Messages



----------------
; Legal Notice ;
----------------
Copyright (C) 2025  Altera Corporation. All rights reserved.
Your use of Altera Corporation's design tools, logic functions 
and other software and tools, and any partner logic 
functions, and any output files from any of the foregoing 
(including device programming or simulation files), and any 
associated documentation or information are expressly subject 
to the terms and conditions of the Altera Program License 
Subscription Agreement, the Altera Quartus Prime License Agreement,
the Altera IP License Agreement, or other applicable license
agreement, including, without limitation, that your use is for
the sole purpose of programming logic devices manufactured by
Altera and sold by Altera or its authorized distributors.  Please
refer to the Altera Software License Subscription Agreements 
on the Quartus Prime software download page.



+-------------------------------------------------------------------------------------------+
; Fitter Summary                                                                            ;
+---------------------------------+---------------------------------------------------------+
; Fitter Status                   ; Successful - Sun Sep  6 00:46:47 2026                   ;
; Quartus Prime Version           ; 25.1.1 Build 125 07/31/2025 Patches 1.03 SC Pro Edition ;
; Revision Name                   ; top_lcd_st7789                                          ;
; Top-level Entity Name           ; top_lcd_st7789                                          ;
; Family                          ; Agilex 5                                                ;
; Device                          ; A5EB013BB23BE4SR1                                       ;
; Timing Models                   ; Preliminary                                             ;
; Power Models                    ; Preliminary                                             ;
; Device Status                   ; Preliminary                                             ;
; Logic utilization (in ALMs)     ; 155 / 46,800 ( < 1 % )                                  ;
; Total dedicated logic registers ; 216                                                     ;
; Total pins                      ; 8 / 351 ( 2 % )                                         ;
; Total block memory bits         ; 0 / 7,331,840 ( 0 % )                                   ;
; Total RAM Blocks                ; 0 / 358 ( 0 % )                                         ;
; Total DSP Blocks                ; 0 / 188 ( 0 % )                                         ;
; Total HSSI HPS                  ; 0 / 1 ( 0 % )                                           ;
; Total PLLs                      ; 0 / 11 ( 0 % )                                          ;
+---------------------------------+---------------------------------------------------------+


+--------------------------------------------------------------------------------------------------------------------------------------------------------------+
; Fitter Settings                                                                                                                                              ;
+------------------------------------------------------------------------------+---------------------------------------+---------------------------------------+
; Option                                                                       ; Setting                               ; Default Value                         ;
+------------------------------------------------------------------------------+---------------------------------------+---------------------------------------+
; Device                                                                       ; A5EB013BB23BE4SR1                     ;                                       ;
; Minimum Core Junction Temperature                                            ; 0                                     ;                                       ;
; Maximum Core Junction Temperature                                            ; 100                                   ;                                       ;
; Enable parallel Assembler and Timing Analyzer during compilation             ; On                                    ; On                                    ;
; Enable compact report table                                                  ; Off                                   ; Off                                   ;
; Enable Design Assistant in the compilation flow                              ; On                                    ; On                                    ;
; Design Assistant include IP blocks                                           ; Off                                   ; Off                                   ;
; High fanout net threshold for RAM inference                                  ; 15                                    ; 15                                    ;
; Design Assistant limit on reported violations per rule                       ; 5000                                  ; 5000                                  ;
; Perform Simultaneous Multicorner Analysis                                    ; On                                    ; On                                    ;
; Optimization Mode                                                            ; Balanced                              ; Balanced                              ;
; Allow Register Retiming                                                      ; On                                    ; On                                    ;
; Allow RAM Retiming                                                           ; Off                                   ; Off                                   ;
; Allow DSP Retiming                                                           ; Off                                   ; Off                                   ;
; Router Timing Optimization Level                                             ; Normal                                ; Normal                                ;
; Placement Effort Multiplier                                                  ; 1.0                                   ; 1.0                                   ;
; Advanced Physical Synthesis                                                  ; On                                    ; On                                    ;
; VID Operation mode                                                           ; PMBus Master                          ; PMBus Master                          ;
; USE CONF_DONE output                                                         ; Off                                   ; Off                                   ;
; USE PWRMGT_SCL output                                                        ; Off                                   ; Off                                   ;
; USE PWRMGT_SDA output                                                        ; Off                                   ; Off                                   ;
; USE PWRMGT_ALERT output                                                      ; Off                                   ; Off                                   ;
; USE INIT_DONE output                                                         ; Off                                   ; Off                                   ;
; USE CVP_CONFDONE output                                                      ; Off                                   ; Off                                   ;
; USE SEU_ERROR output                                                         ; Off                                   ; Off                                   ;
; USE HPS_COLD_nRESET                                                          ; Off                                   ; Off                                   ;
; USE HPS warm nreset                                                          ; Off                                   ; Off                                   ;
; HPS warm reset pin mode                                                      ; BIDIRECTIONAL                         ; BIDIRECTIONAL                         ;
; HPS cold reset pin mode                                                      ; BIDIRECTIONAL                         ; BIDIRECTIONAL                         ;
; USE CATTRIP output                                                           ; Off                                   ; Off                                   ;
; USE nCATTRIP output                                                          ; Off                                   ; Off                                   ;
; USE ANTI Tampering output                                                    ; Off                                   ; Off                                   ;
; USE TAMPERDETECTION output                                                   ; Off                                   ; Off                                   ;
; USE TAMPERRESPONSESTATUS output                                              ; Off                                   ; Off                                   ;
; PCIE Calib start                                                             ; Off                                   ; Off                                   ;
; Direct to Factory Image                                                      ; Off                                   ; Off                                   ;
; USE DATA UNLOCK output                                                       ; Off                                   ; Off                                   ;
; Enable unused RX clock workaround                                            ; Off                                   ; Off                                   ;
; Preserve unused RX/TX channels                                               ; On                                    ; On                                    ;
; Ignore the power supply of HSSI column when preserving unused RX/TX channels ; On                                    ; On                                    ;
; Configuration clock source                                                   ; INIT_INTOSC                           ; INIT_INTOSC                           ;
; Optimize Hold Timing                                                         ; All Paths                             ; All Paths                             ;
; Optimize Multi-Corner Timing                                                 ; On                                    ; On                                    ;
; Auto RAM to MLAB Conversion                                                  ; On                                    ; On                                    ;
; Report Packed DSP Register Names                                             ; On                                    ; On                                    ;
; Equivalent RAM and MLAB Power Up                                             ; Auto                                  ; Auto                                  ;
; Equivalent RAM and MLAB Paused Read Capabilities                             ; Care                                  ; Care                                  ;
; Power Optimization During Fitting                                            ; Normal compilation                    ; Normal compilation                    ;
; Optimize Timing                                                              ; Normal compilation                    ; Normal compilation                    ;
; Optimize IOC Register Placement for Timing                                   ; Normal                                ; Normal                                ;
; Final Placement Optimizations                                                ; Automatically                         ; Automatically                         ;
; Fitter Aggressive Routability Optimizations                                  ; Automatically                         ; Automatically                         ;
; Fitter Density Packing Effort                                                ; Normal                                ; Normal                                ;
; Fitter Initial Placement Seed                                                ; 1                                     ; 1                                     ;
; Weak Pull-Up Resistor                                                        ; Off                                   ; Off                                   ;
; Weak Pull-Down Resistor                                                      ; Off                                   ; Off                                   ;
; Enable Bus-Hold Circuitry                                                    ; Off                                   ; Off                                   ;
; Auto Packed Registers                                                        ; Auto                                  ; Auto                                  ;
; Auto Delay Chains                                                            ; On                                    ; On                                    ;
; Auto Delay Chains for High Fanout Input Pins                                 ; Off                                   ; Off                                   ;
; Treat Bidirectional Pin as Output Pin                                        ; Off                                   ; Off                                   ;
; Auto Global Clock                                                            ; On                                    ; On                                    ;
; Auto Global Register Control Signals                                         ; On                                    ; On                                    ;
; Reserve all unused pins                                                      ; As input tri-stated with weak pull-up ; As input tri-stated with weak pull-up ;
; Synchronizer Identification                                                  ; Auto                                  ; Auto                                  ;
; Optimize Design for Metastability                                            ; On                                    ; On                                    ;
; Analyze Auto-Detected Synchronizers for Metastability                        ; Off                                   ; Off                                   ;
; Active Serial clock source                                                   ; AS_FREQ_100MHZ                        ; AS_FREQ_100MHZ                        ;
; Physical Placement Effort                                                    ; Normal                                ; Normal                                ;
; Number of Example Nodes Reported in Fitter Messages                          ; 50                                    ; 50                                    ;
; Generate Security Masked Settings files (.smsf) for security verification    ; Off                                   ; Off                                   ;
; Enable Intermediate Fitter Snapshots                                         ; Off                                   ; Off                                   ;
; Schmitt Trigger                                                              ; On                                    ; On                                    ;
; The Maximum physical M20Ks reported in the physical RAM report               ; 500                                   ; 500                                   ;
; Wirelut Removal Setup Guard Band                                             ; 100                                   ; 100                                   ;
; Wirelut Removal Hold Guard Band                                              ; 100                                   ; 100                                   ;
; USE Additional QSPI Flash                                                    ; Off                                   ; Off                                   ;
; NOC Common Address Range Security Check                                      ; Off                                   ; Off                                   ;
+------------------------------------------------------------------------------+---------------------------------------+---------------------------------------+


+-------------------------------------+
; Parallel Compilation                ;
+----------------------------+--------+
; Processors                 ; Number ;
+----------------------------+--------+
; Number detected on machine ; 12     ;
; Maximum allowed            ; 12     ;
+----------------------------+--------+


+--------------------------------------------------------------------------------------------+
; Fitter Partition Summary                                                                   ;
+----------------+----------------+---------+--------------+-------+-------------------------+
; Partition Name ; Hierarchy Path ; Type    ; Preservation ; Empty ; Partition Database File ;
+----------------+----------------+---------+--------------+-------+-------------------------+
; root_partition ; |              ; Default ;              ;       ;                         ;
+----------------+----------------+---------+--------------+-------+-------------------------+


+-------------------------------------------------------------------------+
; Fitter Device Options                                                   ;
+-----------------------------+-------------------------------------------+
; Option                      ; Setting                                   ;
+-----------------------------+-------------------------------------------+
; Configuration scheme        ; Active Serial x4                          ;
; Enable internal scrubbing   ; Off                                       ;
; Active Serial clock source  ; 115 MHz maximum using Internal Oscillator ;
; Configuration clock source  ; Internal Oscillator                       ;
; Configuration via Protocol  ; Off                                       ;
; Configuration Voltage Level ; Auto                                      ;
+-----------------------------+-------------------------------------------+


+------------------------------------+
; Operating Settings and Conditions  ;
+---------------------------+--------+
; Setting                   ; Value  ;
+---------------------------+--------+
; Nominal Core Voltage      ; 0.8V   ;
; Low Junction Temperature  ; 0 °C   ;
; High Junction Temperature ; 100 °C ;
+---------------------------+--------+


+------------------------------------------------------------------------------------------------------------------------------------------------------------------------------------------------------------------------------------------------------------------------+
; Input Pins                                                                                                                                                                                                                                                             ;
+-----------+-------+----------+--------------+--------------+--------------+-----------------------+--------------------+--------+----------------+----------+--------------+--------------+-------------+---------------------------+----------------------+-----------+
; Name      ; Pin # ; I/O Bank ; X coordinate ; Y coordinate ; Z coordinate ; Combinational Fan-Out ; Registered Fan-Out ; Global ; Input Register ; Bus Hold ; Weak Pull Up ; I/O Standard ; Termination ; Termination Control Block ; Location assigned by ; Slew Rate ;
+-----------+-------+----------+--------------+--------------+--------------+-----------------------+--------------------+--------+----------------+----------+--------------+--------------+-------------+---------------------------+----------------------+-----------+
; clk_50m   ; V16   ; 6C       ; 108          ; 53           ; 778          ; 110                   ; 0                  ; yes    ; no             ; no       ; Off          ; 3.3-V LVCMOS ; Off         ; --                        ; User                 ; no        ;
; sys_rst_n ; C8    ; 6D       ; 107          ; 53           ; 778          ; 110                   ; 0                  ; no     ; no             ; no       ; Off          ; 3.3-V LVCMOS ; Off         ; --                        ; User                 ; no        ;
+-----------+-------+----------+--------------+--------------+--------------+-----------------------+--------------------+--------+----------------+----------+--------------+--------------+-------------+---------------------------+----------------------+-----------+


+-------------------------------------------------------------------------------------------------------------------------------------------------------------------------------------------------------------------------------------------------------------------------------------------------------------------------------------------------------------------------------------------------------------+
; Output Pins                                                                                                                                                                                                                                                                                                                                                                                                 ;
+----------+-------+----------+--------------+--------------+--------------+-----------------+------------------------+-----------+------------+---------------+----------+--------------+--------------+-----------------------------------+---------------------------+----------------------------+-----------------------------+----------------------+------+----------------------+---------------------+
; Name     ; Pin # ; I/O Bank ; X coordinate ; Y coordinate ; Z coordinate ; Output Register ; Output Enable Register ; Slew Rate ; Open Drain ; TRI Primitive ; Bus Hold ; Weak Pull Up ; I/O Standard ; Termination                       ; Termination Control Block ; Output Buffer Pre-emphasis ; Voltage Output Differential ; Location assigned by ; Load ; Output Enable Source ; Output Enable Group ;
+----------+-------+----------+--------------+--------------+--------------+-----------------+------------------------+-----------+------------+---------------+----------+--------------+--------------+-----------------------------------+---------------------------+----------------------------+-----------------------------+----------------------+------+----------------------+---------------------+
; lcd_blk  ; B3    ; 6D       ; 107          ; 53           ; 856          ; no              ; no                     ; 2         ; no         ; no            ; no       ; Off          ; 3.3-V LVCMOS ; Series 30 Ohm without Calibration ; --                        ; 0                          ; no                          ; User                 ; 0 pF ; -                    ; -                   ;
; lcd_cs   ; P2    ; 6D       ; 107          ; 53           ; 306          ; no              ; no                     ; 2         ; no         ; no            ; no       ; Off          ; 3.3-V LVCMOS ; Series 30 Ohm without Calibration ; --                        ; 0                          ; no                          ; User                 ; 0 pF ; -                    ; -                   ;
; lcd_dc   ; L1    ; 6D       ; 107          ; 53           ; 464          ; no              ; no                     ; 2         ; no         ; no            ; no       ; Off          ; 3.3-V LVCMOS ; Series 30 Ohm without Calibration ; --                        ; 0                          ; no                          ; User                 ; 0 pF ; -                    ; -                   ;
; lcd_res  ; Y2    ; 6D       ; 107          ; 53           ; 386          ; no              ; no                     ; 2         ; no         ; no            ; no       ; Off          ; 3.3-V LVCMOS ; Series 30 Ohm without Calibration ; --                        ; 0                          ; no                          ; User                 ; 0 pF ; -                    ; -                   ;
; lcd_sclk ; H16   ; 6C       ; 108          ; 53           ; 700          ; no              ; no                     ; 2         ; no         ; no            ; no       ; Off          ; 3.3-V LVCMOS ; Series 30 Ohm without Calibration ; --                        ; 0                          ; no                          ; User                 ; 0 pF ; -                    ; -                   ;
; lcd_sda  ; C2    ; 6D       ; 107          ; 53           ; 700          ; no              ; no                     ; 2         ; no         ; no            ; no       ; Off          ; 3.3-V LVCMOS ; Series 30 Ohm without Calibration ; --                        ; 0                          ; no                          ; User                 ; 0 pF ; -                    ; -                   ;
+----------+-------+----------+--------------+--------------+--------------+-----------------+------------------------+-----------+------------+---------------+----------+--------------+--------------+-----------------------------------+---------------------------+----------------------------+-----------------------------+----------------------+------+----------------------+---------------------+


+------------------------------------------------------------+
; I/O Bank Usage                                             ;
+----------+------------------+---------------+--------------+
; I/O Bank ; Usage            ; VCCIO Voltage ; VREF Voltage ;
+----------+------------------+---------------+--------------+
; SDM      ; 10 / 33 ( 30 % ) ; --            ; --           ;
; HPS      ; 0 / 48 ( 0 % )   ; --            ; --           ;
; 2A_T     ; 0 / 48 ( 0 % )   ; 1.2V          ; --           ;
; 2A_B     ; 0 / 48 ( 0 % )   ; 1.2V          ; --           ;
; 3A_T     ; 0 / 48 ( 0 % )   ; 1.2V          ; --           ;
; 3A_B     ; 0 / 48 ( 0 % )   ; 1.2V          ; --           ;
; 6A       ; 0 / 20 ( 0 % )   ; 3.3V          ; --           ;
; 6B       ; 0 / 20 ( 0 % )   ; 3.3V          ; --           ;
; 6C       ; 2 / 20 ( 10 % )  ; 3.3V          ; --           ;
; 6D       ; 6 / 19 ( 32 % )  ; 3.3V          ; --           ;
; 6E       ; 0 / 20 ( 0 % )   ; 3.3V          ; --           ;
; 6F       ; 0 / 20 ( 0 % )   ; 3.3V          ; --           ;
; 6G       ; 0 / 20 ( 0 % )   ; 3.3V          ; --           ;
; 6H       ; 0 / 20 ( 0 % )   ; 3.3V          ; --           ;
; 1A       ; 0 / 0 ( -- )     ; --            ; --           ;
+----------+------------------+---------------+--------------+


+-------------------------------------------------------------------+
; Detailed I/O Block Info                                           ;
+----------+------------+-------+------------+----------------------+
; I/O Bank ; Pin Index  ; Pin # ; Assignment ; Location assigned by ;
+----------+------------+-------+------------+----------------------+
; 2A_B     ;            ;       ;            ;                      ;
;     --   ; 47         ; DN41  ;            ;                      ;
;     --   ; 46         ; DP43  ;            ;                      ;
;     --   ; 45         ; DN43  ;            ;                      ;
;     --   ; 44         ; DP45  ;            ;                      ;
;     --   ; 43         ; DN45  ;            ;                      ;
;     --   ; 42         ; DP47  ;            ;                      ;
;     --   ; 41         ; DN50  ;            ;                      ;
;     --   ; 40         ; DP50  ;            ;                      ;
;     --   ; 39         ; DN55  ;            ;                      ;
;     --   ; 38         ; DP58  ;            ;                      ;
;     --   ; 37         ; DN53  ;            ;                      ;
;     --   ; 36         ; DP55  ;            ;                      ;
;     --   ; 35         ; DJ39  ;            ;                      ;
;     --   ; 34         ; DK39  ;            ;                      ;
;     --   ; 33         ; DD39  ;            ;                      ;
;     --   ; 32         ; DD42  ;            ;                      ;
;     --   ; 31         ; DF42  ;            ;                      ;
;     --   ; 30         ; DJ42  ;            ;                      ;
;     --   ; 29         ; DJ48  ;            ;                      ;
;     --   ; 28         ; DK48  ;            ;                      ;
;     --   ; 27         ; DD48  ;            ;                      ;
;     --   ; 26         ; DD51  ;            ;                      ;
;     --   ; 25         ; DF51  ;            ;                      ;
;     --   ; 24         ; DJ51  ;            ;                      ;
;     --   ; 23         ; DN58  ;            ;                      ;
;     --   ; 22         ; DP60  ;            ;                      ;
;     --   ; 21         ; DN61  ;            ;                      ;
;     --   ; 20         ; DP61  ;            ;                      ;
;     --   ; 19         ; DN63  ;            ;                      ;
;     --   ; 18         ; DP66  ;            ;                      ;
;     --   ; 17         ; DN66  ;            ;                      ;
;     --   ; 16         ; DP68  ;            ;                      ;
;     --   ; 15         ; DN74  ;            ;                      ;
;     --   ; 14         ; DN73  ;            ;                      ;
;     --   ; 13         ; DN68  ;            ;                      ;
;     --   ; 12         ; DP70  ;            ;                      ;
;     --   ; 11         ; DJ56  ;            ;                      ;
;     --   ; 10         ; DK56  ;            ;                      ;
;     --   ; 9          ; DD56  ;            ;                      ;
;     --   ; 8          ; DD59  ;            ;                      ;
;     --   ; 7          ; DF59  ;            ;                      ;
;     --   ; 6          ; DJ59  ;            ;                      ;
;     --   ; 5          ; DJ62  ;            ;                      ;
;     --   ; 4          ; DK62  ;            ;                      ;
;     --   ; 3          ; DD62  ;            ;                      ;
;     --   ; 2          ; DD65  ;            ;                      ;
;     --   ; 1          ; DF65  ;            ;                      ;
;     --   ; 0          ; DJ65  ;            ;                      ;
; 2A_T     ;            ;       ;            ;                      ;
;     --   ; 95         ; DJ9   ;            ;                      ;
;     --   ; 94         ; DK9   ;            ;                      ;
;     --   ; 93         ; DD9   ;            ;                      ;
;     --   ; 92         ; DD12  ;            ;                      ;
;     --   ; 91         ; DF12  ;            ;                      ;
;     --   ; 90         ; DJ12  ;            ;                      ;
;     --   ; 89         ; DJ18  ;            ;                      ;
;     --   ; 88         ; DK18  ;            ;                      ;
;     --   ; 87         ; DD18  ;            ;                      ;
;     --   ; 86         ; DD21  ;            ;                      ;
;     --   ; 85         ; DF21  ;            ;                      ;
;     --   ; 84         ; DJ21  ;            ;                      ;
;     --   ; 83         ; DN7   ;            ;                      ;
;     --   ; 82         ; DN3   ;            ;                      ;
;     --   ; 81         ; DN10  ;            ;                      ;
;     --   ; 80         ; DP7   ;            ;                      ;
;     --   ; 79         ; DP13  ;            ;                      ;
;     --   ; 78         ; DP10  ;            ;                      ;
;     --   ; 77         ; DN15  ;            ;                      ;
;     --   ; 76         ; DP15  ;            ;                      ;
;     --   ; 75         ; DN20  ;            ;                      ;
;     --   ; 74         ; DP22  ;            ;                      ;
;     --   ; 73         ; DN17  ;            ;                      ;
;     --   ; 72         ; DP20  ;            ;                      ;
;     --   ; 71         ; DJ24  ;            ;                      ;
;     --   ; 70         ; DK24  ;            ;                      ;
;     --   ; 69         ; DD24  ;            ;                      ;
;     --   ; 68         ; DD27  ;            ;                      ;
;     --   ; 67         ; DF27  ;            ;                      ;
;     --   ; 66         ; DJ27  ;            ;                      ;
;     --   ; 65         ; DJ32  ;            ;                      ;
;     --   ; 64         ; DK32  ;            ;                      ;
;     --   ; 63         ; DD32  ;            ;                      ;
;     --   ; 62         ; DD35  ;            ;                      ;
;     --   ; 61         ; DF35  ;            ;                      ;
;     --   ; 60         ; DJ35  ;            ;                      ;
;     --   ; 59         ; DN22  ;            ;                      ;
;     --   ; 58         ; DP23  ;            ;                      ;
;     --   ; 57         ; DN25  ;            ;                      ;
;     --   ; 56         ; DP25  ;            ;                      ;
;     --   ; 55         ; DN28  ;            ;                      ;
;     --   ; 54         ; DP30  ;            ;                      ;
;     --   ; 53         ; DN30  ;            ;                      ;
;     --   ; 52         ; DP33  ;            ;                      ;
;     --   ; 51         ; DN38  ;            ;                      ;
;     --   ; 50         ; DP38  ;            ;                      ;
;     --   ; 49         ; DN33  ;            ;                      ;
;     --   ; 48         ; DP36  ;            ;                      ;
; 3A_B     ;            ;       ;            ;                      ;
;     --   ; 47         ; E39   ;            ;                      ;
;     --   ; 46         ; G39   ;            ;                      ;
;     --   ; 45         ; M39   ;            ;                      ;
;     --   ; 44         ; T39   ;            ;                      ;
;     --   ; 43         ; G42   ;            ;                      ;
;     --   ; 42         ; J42   ;            ;                      ;
;     --   ; 41         ; E48   ;            ;                      ;
;     --   ; 40         ; G48   ;            ;                      ;
;     --   ; 39         ; M48   ;            ;                      ;
;     --   ; 38         ; T48   ;            ;                      ;
;     --   ; 37         ; G51   ;            ;                      ;
;     --   ; 36         ; J51   ;            ;                      ;
;     --   ; 35         ; A58   ;            ;                      ;
;     --   ; 34         ; B55   ;            ;                      ;
;     --   ; 33         ; A60   ;            ;                      ;
;     --   ; 32         ; B58   ;            ;                      ;
;     --   ; 31         ; B61   ;            ;                      ;
;     --   ; 30         ; A61   ;            ;                      ;
;     --   ; 29         ; A66   ;            ;                      ;
;     --   ; 28         ; B63   ;            ;                      ;
;     --   ; 27         ; A70   ;            ;                      ;
;     --   ; 26         ; B68   ;            ;                      ;
;     --   ; 25         ; A68   ;            ;                      ;
;     --   ; 24         ; B66   ;            ;                      ;
;     --   ; 23         ; M51   ;            ;                      ;
;     --   ; 22         ; T51   ;            ;                      ;
;     --   ; 21         ; W48   ;            ;                      ;
;     --   ; 20         ; AB48  ;            ;                      ;
;     --   ; 19         ; M59   ;            ;                      ;
;     --   ; 18         ; T59   ;            ;                      ;
;     --   ; 17         ; W56   ;            ;                      ;
;     --   ; 16         ; AB56  ;            ;                      ;
;     --   ; 15         ; M65   ;            ;                      ;
;     --   ; 14         ; T65   ;            ;                      ;
;     --   ; 13         ; W62   ;            ;                      ;
;     --   ; 12         ; AB62  ;            ;                      ;
;     --   ; 11         ; E56   ;            ;                      ;
;     --   ; 10         ; G56   ;            ;                      ;
;     --   ; 9          ; M56   ;            ;                      ;
;     --   ; 8          ; T56   ;            ;                      ;
;     --   ; 7          ; G59   ;            ;                      ;
;     --   ; 6          ; J59   ;            ;                      ;
;     --   ; 5          ; E62   ;            ;                      ;
;     --   ; 4          ; G62   ;            ;                      ;
;     --   ; 3          ; M62   ;            ;                      ;
;     --   ; 2          ; T62   ;            ;                      ;
;     --   ; 1          ; G65   ;            ;                      ;
;     --   ; 0          ; J65   ;            ;                      ;
; 3A_T     ;            ;       ;            ;                      ;
;     --   ; 95         ; A20   ;            ;                      ;
;     --   ; 94         ; B22   ;            ;                      ;
;     --   ; 93         ; A23   ;            ;                      ;
;     --   ; 92         ; A22   ;            ;                      ;
;     --   ; 91         ; B25   ;            ;                      ;
;     --   ; 90         ; A25   ;            ;                      ;
;     --   ; 89         ; A30   ;            ;                      ;
;     --   ; 88         ; B28   ;            ;                      ;
;     --   ; 87         ; A33   ;            ;                      ;
;     --   ; 86         ; B30   ;            ;                      ;
;     --   ; 85         ; A36   ;            ;                      ;
;     --   ; 84         ; B33   ;            ;                      ;
;     --   ; 83         ; E24   ;            ;                      ;
;     --   ; 82         ; G24   ;            ;                      ;
;     --   ; 81         ; M24   ;            ;                      ;
;     --   ; 80         ; T24   ;            ;                      ;
;     --   ; 79         ; G27   ;            ;                      ;
;     --   ; 78         ; J27   ;            ;                      ;
;     --   ; 77         ; E32   ;            ;                      ;
;     --   ; 76         ; G32   ;            ;                      ;
;     --   ; 75         ; M32   ;            ;                      ;
;     --   ; 74         ; T32   ;            ;                      ;
;     --   ; 73         ; G35   ;            ;                      ;
;     --   ; 72         ; J35   ;            ;                      ;
;     --   ; 71         ; M27   ;            ;                      ;
;     --   ; 70         ; T27   ;            ;                      ;
;     --   ; 69         ; W24   ;            ;                      ;
;     --   ; 68         ; AB24  ;            ;                      ;
;     --   ; 67         ; M35   ;            ;                      ;
;     --   ; 66         ; T35   ;            ;                      ;
;     --   ; 65         ; W32   ;            ;                      ;
;     --   ; 64         ; AB32  ;            ;                      ;
;     --   ; 63         ; T42   ;            ;                      ;
;     --   ; 62         ; M42   ;            ;                      ;
;     --   ; 61         ; W39   ;            ;                      ;
;     --   ; 60         ; AB39  ;            ;                      ;
;     --   ; 59         ; B38   ;            ;                      ;
;     --   ; 58         ; A38   ;            ;                      ;
;     --   ; 57         ; A43   ;            ;                      ;
;     --   ; 56         ; B41   ;            ;                      ;
;     --   ; 55         ; A45   ;            ;                      ;
;     --   ; 54         ; B43   ;            ;                      ;
;     --   ; 53         ; A47   ;            ;                      ;
;     --   ; 52         ; B45   ;            ;                      ;
;     --   ; 51         ; A55   ;            ;                      ;
;     --   ; 50         ; B53   ;            ;                      ;
;     --   ; 49         ; B50   ;            ;                      ;
;     --   ; 48         ; A50   ;            ;                      ;
; 5A       ;            ;       ;            ;                      ;
;     --   ; 0          ;       ;            ;                      ;
;     --   ; 0          ;       ;            ;                      ;
;     --   ; 0          ;       ;            ;                      ;
;     --   ; 0          ;       ;            ;                      ;
;     --   ; 0          ;       ;            ;                      ;
;     --   ; 0          ;       ;            ;                      ;
;     --   ; 0          ;       ;            ;                      ;
;     --   ; 0          ;       ;            ;                      ;
;     --   ; 0          ;       ;            ;                      ;
;     --   ; 0          ;       ;            ;                      ;
;     --   ; 0          ;       ;            ;                      ;
;     --   ; 0          ;       ;            ;                      ;
;     --   ; 0          ;       ;            ;                      ;
;     --   ; 0          ;       ;            ;                      ;
;     --   ; 0          ;       ;            ;                      ;
;     --   ; 0          ;       ;            ;                      ;
;     --   ; 0          ;       ;            ;                      ;
;     --   ; 0          ;       ;            ;                      ;
;     --   ; 0          ;       ;            ;                      ;
;     --   ; 0          ;       ;            ;                      ;
; 5B       ;            ;       ;            ;                      ;
;     --   ; 0          ;       ;            ;                      ;
;     --   ; 0          ;       ;            ;                      ;
;     --   ; 0          ;       ;            ;                      ;
;     --   ; 0          ;       ;            ;                      ;
;     --   ; 0          ;       ;            ;                      ;
;     --   ; 0          ;       ;            ;                      ;
;     --   ; 0          ;       ;            ;                      ;
;     --   ; 0          ;       ;            ;                      ;
;     --   ; 0          ;       ;            ;                      ;
;     --   ; 0          ;       ;            ;                      ;
;     --   ; 0          ;       ;            ;                      ;
;     --   ; 0          ;       ;            ;                      ;
;     --   ; 0          ;       ;            ;                      ;
;     --   ; 0          ;       ;            ;                      ;
;     --   ; 0          ;       ;            ;                      ;
;     --   ; 0          ;       ;            ;                      ;
;     --   ; 0          ;       ;            ;                      ;
;     --   ; 0          ;       ;            ;                      ;
;     --   ; 0          ;       ;            ;                      ;
;     --   ; 0          ;       ;            ;                      ;
; 6A       ;            ;       ;            ;                      ;
;     --   ; 0          ; CG26  ;            ;                      ;
;     --   ; 0          ; CA23  ;            ;                      ;
;     --   ; 0          ; CG23  ;            ;                      ;
;     --   ; 0          ; CD23  ;            ;                      ;
;     --   ; 0          ; CR19  ;            ;                      ;
;     --   ; 0          ; CV16  ;            ;                      ;
;     --   ; 0          ; CV19  ;            ;                      ;
;     --   ; 0          ; CV14  ;            ;                      ;
;     --   ; 0          ; BV14  ;            ;                      ;
;     --   ; 0          ; CE19  ;            ;                      ;
;     --   ; 0          ; BV11  ;            ;                      ;
;     --   ; 0          ; CH19  ;            ;                      ;
;     --   ; 0          ; CV11  ;            ;                      ;
;     --   ; 0          ; CR14  ;            ;                      ;
;     --   ; 0          ; BV16  ;            ;                      ;
;     --   ; 0          ; CR11  ;            ;                      ;
;     --   ; 0          ; CH16  ;            ;                      ;
;     --   ; 0          ; BV19  ;            ;                      ;
;     --   ; 0          ; CE14  ;            ;                      ;
;     --   ; 0          ; CH14  ;            ;                      ;
; 6B       ;            ;       ;            ;                      ;
;     --   ; 0          ; DC2   ;            ;                      ;
;     --   ; 0          ; DC1   ;            ;                      ;
;     --   ; 0          ; DE1   ;            ;                      ;
;     --   ; 0          ; CH4   ;            ;                      ;
;     --   ; 0          ; DH2   ;            ;                      ;
;     --   ; 0          ; DH1   ;            ;                      ;
;     --   ; 0          ; CV6   ;            ;                      ;
;     --   ; 0          ; CV4   ;            ;                      ;
;     --   ; 0          ; DM2   ;            ;                      ;
;     --   ; 0          ; CH6   ;            ;                      ;
;     --   ; 0          ; CR6   ;            ;                      ;
;     --   ; 0          ; CR8   ;            ;                      ;
;     --   ; 0          ; CE8   ;            ;                      ;
;     --   ; 0          ; DD3   ;            ;                      ;
;     --   ; 0          ; CE11  ;            ;                      ;
;     --   ; 0          ; DF3   ;            ;                      ;
;     --   ; 0          ; DN2   ;            ;                      ;
;     --   ; 0          ; CE6   ;            ;                      ;
;     --   ; 0          ; CH11  ;            ;                      ;
;     --   ; 0          ; DJ3   ;            ;                      ;
; 6C       ;            ;       ;            ;                      ;
;     --   ; 0          ; C19   ;            ;                      ;
;     --   ; 0          ; AG31  ;            ;                      ;
;     --   ; 0          ; R19   ;            ;                      ;
;     --   ; 0          ; B17   ;            ;                      ;
;     --   ; 0          ; AL37  ;            ;                      ;
;     --   ; 0          ; H19   ;            ;                      ;
;     --   ; 0          ; AL34  ;            ;                      ;
;     --   ; 0          ; AL31  ;            ;                      ;
;     --   ; 0          ; H16   ; lcd_sclk   ; User                 ;
;     --   ; 0          ; V16   ; clk_50m    ; User                 ;
;     --   ; 0          ; V19   ;            ;                      ;
;     --   ; 0          ; H14   ;            ;                      ;
;     --   ; 0          ; AH19  ;            ;                      ;
;     --   ; 0          ; H11   ;            ;                      ;
;     --   ; 0          ; AE19  ;            ;                      ;
;     --   ; 0          ; AH16  ;            ;                      ;
;     --   ; 0          ; H6    ;            ;                      ;
;     --   ; 0          ; R14   ;            ;                      ;
;     --   ; 0          ; V14   ;            ;                      ;
;     --   ; 0          ; H4    ;            ;                      ;
; 6D       ;            ;       ;            ;                      ;
;     --   ; 0          ; U2    ;            ;                      ;
;     --   ; 0          ; Y1    ;            ;                      ;
;     --   ; 0          ; P1    ;            ;                      ;
;     --   ; 0          ; P2    ; lcd_cs     ; User                 ;
;     --   ; 0          ; Y2    ; lcd_res    ; User                 ;
;     --   ; 0          ; L1    ; lcd_dc     ; User                 ;
;     --   ; 0          ; F2    ;            ;                      ;
;     --   ; 0          ; C6    ;            ;                      ;
;     --   ; 0          ; C2    ; lcd_sda    ; User                 ;
;     --   ; 0          ; C8    ; sys_rst_n  ; User                 ;
;     --   ; 0          ; B3    ; lcd_blk    ; User                 ;
;     --   ; 0          ; C11   ;            ;                      ;
;     --   ; 0          ; C14   ;            ;                      ;
;     --   ; 0          ; B5    ;            ;                      ;
;     --   ; 0          ; A10   ;            ;                      ;
;     --   ; 0          ; B10   ;            ;                      ;
;     --   ; 0          ; A13   ;            ;                      ;
;     --   ; 0          ;       ;            ;                      ;
;     --   ; 0          ; A15   ;            ;                      ;
;     --   ; 0          ; B15   ;            ;                      ;
; 6E       ;            ;       ;            ;                      ;
;     --   ; 0          ; AV16  ;            ;                      ;
;     --   ; 0          ; AV14  ;            ;                      ;
;     --   ; 0          ; AT19  ;            ;                      ;
;     --   ; 0          ; AV11  ;            ;                      ;
;     --   ; 0          ; AT14  ;            ;                      ;
;     --   ; 0          ; AV19  ;            ;                      ;
;     --   ; 0          ; AT11  ;            ;                      ;
;     --   ; 0          ; BE19  ;            ;                      ;
;     --   ; 0          ; BF23  ;            ;                      ;
;     --   ; 0          ; BH14  ;            ;                      ;
;     --   ; 0          ; BJ23  ;            ;                      ;
;     --   ; 0          ; BH11  ;            ;                      ;
;     --   ; 0          ; BH16  ;            ;                      ;
;     --   ; 0          ; BE11  ;            ;                      ;
;     --   ; 0          ; BE14  ;            ;                      ;
;     --   ; 0          ; BH19  ;            ;                      ;
;     --   ; 0          ; BU23  ;            ;                      ;
;     --   ; 0          ; BR19  ;            ;                      ;
;     --   ; 0          ; BR11  ;            ;                      ;
;     --   ; 0          ; BR14  ;            ;                      ;
; 6F       ;            ;       ;            ;                      ;
;     --   ; 0          ; DA1   ;            ;                      ;
;     --   ; 0          ; DA2   ;            ;                      ;
;     --   ; 0          ; CU2   ;            ;                      ;
;     --   ; 0          ; BV6   ;            ;                      ;
;     --   ; 0          ; CP1   ;            ;                      ;
;     --   ; 0          ; CP2   ;            ;                      ;
;     --   ; 0          ; CM1   ;            ;                      ;
;     --   ; 0          ; BV4   ;            ;                      ;
;     --   ; 0          ; CJ1   ;            ;                      ;
;     --   ; 0          ; CJ2   ;            ;                      ;
;     --   ; 0          ; CF2   ;            ;                      ;
;     --   ; 0          ; CF1   ;            ;                      ;
;     --   ; 0          ; BR6   ;            ;                      ;
;     --   ; 0          ; CB2   ;            ;                      ;
;     --   ; 0          ; BW1   ;            ;                      ;
;     --   ; 0          ; BW2   ;            ;                      ;
;     --   ; 0          ; BT1   ;            ;                      ;
;     --   ; 0          ; BR8   ;            ;                      ;
;     --   ; 0          ; BP1   ;            ;                      ;
;     --   ; 0          ; BP2   ;            ;                      ;
; 6G       ;            ;       ;            ;                      ;
;     --   ; 0          ; R11   ;            ;                      ;
;     --   ; 0          ; AH14  ;            ;                      ;
;     --   ; 0          ; V11   ;            ;                      ;
;     --   ; 0          ; R8    ;            ;                      ;
;     --   ; 0          ; V6    ;            ;                      ;
;     --   ; 0          ; AE14  ;            ;                      ;
;     --   ; 0          ; R6    ;            ;                      ;
;     --   ; 0          ; V4    ;            ;                      ;
;     --   ; 0          ; AE11  ;            ;                      ;
;     --   ; 0          ; AG23  ;            ;                      ;
;     --   ; 0          ; AH11  ;            ;                      ;
;     --   ; 0          ; AE8   ;            ;                      ;
;     --   ; 0          ; AG26  ;            ;                      ;
;     --   ; 0          ; AE6   ;            ;                      ;
;     --   ; 0          ; AH6   ;            ;                      ;
;     --   ; 0          ; AH4   ;            ;                      ;
;     --   ; 0          ; AT8   ;            ;                      ;
;     --   ; 0          ; AV4   ;            ;                      ;
;     --   ; 0          ; AV6   ;            ;                      ;
;     --   ; 0          ; AT6   ;            ;                      ;
; 6H       ;            ;       ;            ;                      ;
;     --   ; 0          ; BL2   ;            ;                      ;
;     --   ; 0          ; BL1   ;            ;                      ;
;     --   ; 0          ; BH4   ;            ;                      ;
;     --   ; 0          ; BG2   ;            ;                      ;
;     --   ; 0          ; BD2   ;            ;                      ;
;     --   ; 0          ; BD1   ;            ;                      ;
;     --   ; 0          ; BH6   ;            ;                      ;
;     --   ; 0          ; BA1   ;            ;                      ;
;     --   ; 0          ; AU2   ;            ;                      ;
;     --   ; 0          ; AU1   ;            ;                      ;
;     --   ; 0          ; AP1   ;            ;                      ;
;     --   ; 0          ; AP2   ;            ;                      ;
;     --   ; 0          ; AM2   ;            ;                      ;
;     --   ; 0          ; BE6   ;            ;                      ;
;     --   ; 0          ; AJ2   ;            ;                      ;
;     --   ; 0          ; AJ1   ;            ;                      ;
;     --   ; 0          ; BE8   ;            ;                      ;
;     --   ; 0          ; AF1   ;            ;                      ;
;     --   ; 0          ; AC2   ;            ;                      ;
;     --   ; 0          ; AC1   ;            ;                      ;
+----------+------------+-------+------------+----------------------+


+------------------------------------------------------------------------------------------------------------------------------------------------------------------------------------------------------------------------------------------------------------------------------------------+
; All Package Pins                                                                                                                                                                                                                                                                         ;
+----------+------------+----------+---------------------------------------------------------------------------------------------------------------------------------------+---------------+--------------+---------+----------+-----------------+----------+--------------+---------------+
; Location ; Pad Number ; I/O Bank ; Pin Name/Usage                                                                                                                        ; Dir.          ; I/O Standard ; Voltage ; I/O Type ; User Assignment ; Bus Hold ; Weak Pull Up ; Package Delay ;
+----------+------------+----------+---------------------------------------------------------------------------------------------------------------------------------------+---------------+--------------+---------+----------+-----------------+----------+--------------+---------------+
; A3       ;            ;          ; GND                                                                                                                                   ; gnd           ;              ;         ; --       ;                 ; --       ; --           ; --            ;
; A5       ;            ;          ; GND                                                                                                                                   ; gnd           ;              ;         ; --       ;                 ; --       ; --           ; --            ;
; A10      ; 408        ; 6D       ; RESERVED_INPUT_WITHOUT_WEAK_PULLUP                                                                                                    ;               ;              ; 3.3V    ; --       ;                 ; no       ; On           ; 109ps         ;
; A13      ; 410        ; 6D       ; RESERVED_INPUT_WITHOUT_WEAK_PULLUP                                                                                                    ;               ;              ; 3.3V    ; --       ;                 ; no       ; On           ; 104ps         ;
; A15      ; 412        ; 6D       ; RESERVED_INPUT_WITHOUT_WEAK_PULLUP                                                                                                    ;               ;              ; 3.3V    ; --       ;                 ; no       ; On           ; 107ps         ;
; A17      ;            ;          ; GND                                                                                                                                   ; gnd           ;              ;         ; --       ;                 ; --       ; --           ; --            ;
; A20      ; 187        ; 3A_T     ; RESERVED_INPUT_WITHOUT_WEAK_PULLUP                                                                                                    ;               ;              ; 1.2V    ; --       ;                 ; no       ; On           ; 115ps         ;
; A22      ; 190        ; 3A_T     ; RESERVED_INPUT_WITHOUT_WEAK_PULLUP                                                                                                    ;               ;              ; 1.2V    ; --       ;                 ; no       ; On           ; 133ps         ;
; A23      ; 189        ; 3A_T     ; RESERVED_INPUT_WITHOUT_WEAK_PULLUP                                                                                                    ;               ;              ; 1.2V    ; --       ;                 ; no       ; On           ; 134ps         ;
; A25      ; 192        ; 3A_T     ; RESERVED_INPUT_WITHOUT_WEAK_PULLUP                                                                                                    ;               ;              ; 1.2V    ; --       ;                 ; no       ; On           ; 121ps         ;
; A28      ;            ;          ; GND                                                                                                                                   ; gnd           ;              ;         ; --       ;                 ; --       ; --           ; --            ;
; A30      ; 193        ; 3A_T     ; RESERVED_INPUT_WITHOUT_WEAK_PULLUP                                                                                                    ;               ;              ; 1.2V    ; --       ;                 ; no       ; On           ; 96ps          ;
; A33      ; 195        ; 3A_T     ; RESERVED_INPUT_WITHOUT_WEAK_PULLUP                                                                                                    ;               ;              ; 1.2V    ; --       ;                 ; no       ; On           ; 115ps         ;
; A36      ; 197        ; 3A_T     ; RESERVED_INPUT_WITHOUT_WEAK_PULLUP                                                                                                    ;               ;              ; 1.2V    ; --       ;                 ; no       ; On           ; 99ps          ;
; A38      ; 224        ; 3A_T     ; RESERVED_INPUT_WITHOUT_WEAK_PULLUP                                                                                                    ;               ;              ; 1.2V    ; --       ;                 ; no       ; On           ; 100ps         ;
; A41      ;            ;          ; GND                                                                                                                                   ; gnd           ;              ;         ; --       ;                 ; --       ; --           ; --            ;
; A43      ; 225        ; 3A_T     ; RESERVED_INPUT_WITHOUT_WEAK_PULLUP                                                                                                    ;               ;              ; 1.2V    ; --       ;                 ; no       ; On           ; 91ps          ;
; A45      ; 227        ; 3A_T     ; RESERVED_INPUT_WITHOUT_WEAK_PULLUP                                                                                                    ;               ;              ; 1.2V    ; --       ;                 ; no       ; On           ; 95ps          ;
; A47      ; 229        ; 3A_T     ; RESERVED_INPUT_WITHOUT_WEAK_PULLUP                                                                                                    ;               ;              ; 1.2V    ; --       ;                 ; no       ; On           ; 99ps          ;
; A50      ; 234        ; 3A_T     ; RESERVED_INPUT_WITHOUT_WEAK_PULLUP                                                                                                    ;               ;              ; 1.2V    ; --       ;                 ; no       ; On           ; 116ps         ;
; A53      ;            ;          ; GND                                                                                                                                   ; gnd           ;              ;         ; --       ;                 ; --       ; --           ; --            ;
; A55      ; 231        ; 3A_T     ; RESERVED_INPUT_WITHOUT_WEAK_PULLUP                                                                                                    ;               ;              ; 1.2V    ; --       ;                 ; no       ; On           ; 106ps         ;
; A58      ; 247        ; 3A_B     ; RESERVED_INPUT_WITHOUT_WEAK_PULLUP                                                                                                    ;               ;              ; 1.2V    ; --       ;                 ; no       ; On           ; 97ps          ;
; A60      ; 249        ; 3A_B     ; RESERVED_INPUT_WITHOUT_WEAK_PULLUP                                                                                                    ;               ;              ; 1.2V    ; --       ;                 ; no       ; On           ; 105ps         ;
; A61      ; 252        ; 3A_B     ; RESERVED_INPUT_WITHOUT_WEAK_PULLUP                                                                                                    ;               ;              ; 1.2V    ; --       ;                 ; no       ; On           ; 113ps         ;
; A63      ;            ;          ; GND                                                                                                                                   ; gnd           ;              ;         ; --       ;                 ; --       ; --           ; --            ;
; A66      ; 253        ; 3A_B     ; RESERVED_INPUT_WITHOUT_WEAK_PULLUP                                                                                                    ;               ;              ; 1.2V    ; --       ;                 ; no       ; On           ; 126ps         ;
; A68      ; 257        ; 3A_B     ; RESERVED_INPUT_WITHOUT_WEAK_PULLUP                                                                                                    ;               ;              ; 1.2V    ; --       ;                 ; no       ; On           ; 130ps         ;
; A70      ; 255        ; 3A_B     ; RESERVED_INPUT_WITHOUT_WEAK_PULLUP                                                                                                    ;               ;              ; 1.2V    ; --       ;                 ; no       ; On           ; 133ps         ;
; A73      ;            ;          ; GND                                                                                                                                   ; gnd           ;              ;         ; --       ;                 ; --       ; --           ; --            ;
; A74      ;            ;          ; GND                                                                                                                                   ; gnd           ;              ;         ; --       ;                 ; --       ; --           ; --            ;
; AA71     ; 85         ; HPS      ; HPS_IOB_22, GPIO1_IO21, SPIM0_MOSI, SPIS1_MOSI, I2C_EMAC2_SCL, NAND_ADQ13, I3C1_SDA_PULLUP_EN, EMAC2_TXD3, TRACE_D1                   ;               ;              ;         ; --       ;                 ; --       ; --           ; 108ps         ;
; AA72     ;            ;          ; GND                                                                                                                                   ; gnd           ;              ;         ; --       ;                 ; --       ; --           ; --            ;
; AB24     ; 214        ; 3A_T     ; RESERVED_INPUT_WITHOUT_WEAK_PULLUP                                                                                                    ;               ;              ; 1.2V    ; --       ;                 ; no       ; On           ; 92ps          ;
; AB27     ;            ;          ; GND                                                                                                                                   ; gnd           ;              ;         ; --       ;                 ; --       ; --           ; --            ;
; AB32     ; 218        ; 3A_T     ; RESERVED_INPUT_WITHOUT_WEAK_PULLUP                                                                                                    ;               ;              ; 1.2V    ; --       ;                 ; no       ; On           ; 96ps          ;
; AB35     ;            ;          ; GND                                                                                                                                   ; gnd           ;              ;         ; --       ;                 ; --       ; --           ; --            ;
; AB39     ; 222        ; 3A_T     ; RESERVED_INPUT_WITHOUT_WEAK_PULLUP                                                                                                    ;               ;              ; 1.2V    ; --       ;                 ; no       ; On           ; 86ps          ;
; AB42     ;            ;          ; GND                                                                                                                                   ; gnd           ;              ;         ; --       ;                 ; --       ; --           ; --            ;
; AB48     ; 262        ; 3A_B     ; RESERVED_INPUT_WITHOUT_WEAK_PULLUP                                                                                                    ;               ;              ; 1.2V    ; --       ;                 ; no       ; On           ; 98ps          ;
; AB51     ;            ;          ; GND                                                                                                                                   ; gnd           ;              ;         ; --       ;                 ; --       ; --           ; --            ;
; AB56     ; 266        ; 3A_B     ; RESERVED_INPUT_WITHOUT_WEAK_PULLUP                                                                                                    ;               ;              ; 1.2V    ; --       ;                 ; no       ; On           ; 116ps         ;
; AB59     ;            ;          ; GND                                                                                                                                   ; gnd           ;              ;         ; --       ;                 ; --       ; --           ; --            ;
; AB62     ; 270        ; 3A_B     ; RESERVED_INPUT_WITHOUT_WEAK_PULLUP                                                                                                    ;               ;              ; 1.2V    ; --       ;                 ; no       ; On           ; 106ps         ;
; AB65     ;            ;          ; GND                                                                                                                                   ; gnd           ;              ;         ; --       ;                 ; --       ; --           ; --            ;
; AC1      ; 498        ; 6H       ; RESERVED_INPUT_WITHOUT_WEAK_PULLUP                                                                                                    ;               ;              ; 3.3V    ; --       ;                 ; no       ; On           ; 99ps          ;
; AC2      ; 497        ; 6H       ; RESERVED_INPUT_WITHOUT_WEAK_PULLUP                                                                                                    ;               ;              ; 3.3V    ; --       ;                 ; no       ; On           ; 101ps         ;
; AC74     ; 66         ; HPS      ; HPS_IOB_3, GPIO1_IO2, SPIM1_MISO, UART0_TX, I2C0_SDA, NAND_WE_N, SDMMC_CLK, EMAC1_RX_CLK, TRACE_D8                                    ;               ;              ;         ; --       ;                 ; --       ; --           ; 116ps         ;
; AC75     ; 65         ; HPS      ; HPS_IOB_2, GPIO1_IO1, SPIM1_MOSI, UART0_RTS_N, EMAC0_PPSTRIG0, NAND_ADQ1, SDMMC_DATA1, I3C1_SDA_PULLUP_EN, EMAC1_TX_CTL, TRACE_D9     ;               ;              ;         ; --       ;                 ; --       ; --           ; 113ps         ;
; AD71     ; 81         ; HPS      ; HPS_IOB_18, GPIO1_IO17, SPIM0_SS1_N, UART1_RTS_N, NAND_ADQ9, I3C0_SCL, EMAC2_TXD1, TRACE_D5                                           ;               ;              ;         ; --       ;                 ; --       ; --           ; 107ps         ;
; AD72     ; 79         ; HPS      ; HPS_IOB_16, GPIO1_IO15, UART1_RX, NAND_DQS, SDMMC_DATA_STROBE, I3C1_SCL, EMAC2_RX_CTL, TRACE_D7                                       ;               ;              ;         ; --       ;                 ; --       ; --           ; 105ps         ;
; AE4      ;            ;          ; GND                                                                                                                                   ; gnd           ;              ;         ; --       ;                 ; --       ; --           ; --            ;
; AE6      ; 472        ; 6G       ; RESERVED_INPUT_WITHOUT_WEAK_PULLUP                                                                                                    ;               ;              ; 3.3V    ; --       ;                 ; no       ; On           ; 94ps          ;
; AE8      ; 470        ; 6G       ; RESERVED_INPUT_WITHOUT_WEAK_PULLUP                                                                                                    ;               ;              ; 3.3V    ; --       ;                 ; no       ; On           ; 87ps          ;
; AE11     ; 467        ; 6G       ; RESERVED_INPUT_WITHOUT_WEAK_PULLUP                                                                                                    ;               ;              ; 3.3V    ; --       ;                 ; no       ; On           ; 89ps          ;
; AE14     ; 464        ; 6G       ; RESERVED_INPUT_WITHOUT_WEAK_PULLUP                                                                                                    ;               ;              ; 3.3V    ; --       ;                 ; no       ; On           ; 131ps         ;
; AE16     ;            ;          ; GND                                                                                                                                   ; gnd           ;              ;         ; --       ;                 ; --       ; --           ; --            ;
; AE19     ; 388        ; 6C       ; RESERVED_INPUT_WITHOUT_WEAK_PULLUP                                                                                                    ;               ;              ; 3.3V    ; --       ;                 ; no       ; On           ; 128ps         ;
; AF1      ; 496        ; 6H       ; RESERVED_INPUT_WITHOUT_WEAK_PULLUP                                                                                                    ;               ;              ; 3.3V    ; --       ;                 ; no       ; On           ; 97ps          ;
; AF2      ;            ;          ; GND                                                                                                                                   ; gnd           ;              ;         ; --       ;                 ; --       ; --           ; --            ;
; AF74     ;            ;          ; GND                                                                                                                                   ; gnd           ;              ;         ; --       ;                 ; --       ; --           ; --            ;
; AF75     ; 64         ; HPS      ; HPS_IOB_1, GPIO1_IO0, SPIM1_CLK, UART0_CTS_N, EMAC0_PPS0, NAND_ADQ0, SDMMC_DATA0, I3C0_SDA_PULLUP_EN, EMAC1_TX_CLK, TRACE_D10         ;               ;              ;         ; --       ;                 ; --       ; --           ; 110ps         ;
; AG23     ; 468        ; 6G       ; RESERVED_INPUT_WITHOUT_WEAK_PULLUP                                                                                                    ;               ;              ; 3.3V    ; --       ;                 ; no       ; On           ; 123ps         ;
; AG26     ; 471        ; 6G       ; RESERVED_INPUT_WITHOUT_WEAK_PULLUP                                                                                                    ;               ;              ; 3.3V    ; --       ;                 ; no       ; On           ; 141ps         ;
; AG29     ;            ; 6C       ; VCCIO_HVIO_6C                                                                                                                         ; power         ;              ; 3.3V    ; --       ;                 ; --       ; --           ; --            ;
; AG31     ; 375        ; 6C       ; RESERVED_INPUT_WITHOUT_WEAK_PULLUP                                                                                                    ;               ;              ; 3.3V    ; --       ;                 ; no       ; On           ; 141ps         ;
; AG34     ;            ;          ; GND                                                                                                                                   ; gnd           ;              ;         ; --       ;                 ; --       ; --           ; --            ;
; AG37     ;            ; --       ; VCCPT                                                                                                                                 ; power         ;              ; 1.8V    ; --       ;                 ; --       ; --           ; --            ;
; AG40     ;            ; --       ; VCCPT                                                                                                                                 ; power         ;              ; 1.8V    ; --       ;                 ; --       ; --           ; --            ;
; AG44     ;            ;          ; GND                                                                                                                                   ; gnd           ;              ;         ; --       ;                 ; --       ; --           ; --            ;
; AG46     ;            ; --       ; VCCL_HPS_CORE0_CORE1                                                                                                                  ; power         ;              ; GND     ; --       ;                 ; --       ; --           ; --            ;
; AG49     ;            ;          ; GND                                                                                                                                   ; gnd           ;              ;         ; --       ;                 ; --       ; --           ; --            ;
; AG52     ;            ;          ; GND                                                                                                                                   ; gnd           ;              ;         ; --       ;                 ; --       ; --           ; --            ;
; AG54     ;            ;          ; GND                                                                                                                                   ; gnd           ;              ;         ; --       ;                 ; --       ; --           ; --            ;
; AG57     ;            ;          ; GND                                                                                                                                   ; gnd           ;              ;         ; --       ;                 ; --       ; --           ; --            ;
; AG60     ;            ;          ; GND                                                                                                                                   ; gnd           ;              ;         ; --       ;                 ; --       ; --           ; --            ;
; AH4      ; 474        ; 6G       ; RESERVED_INPUT_WITHOUT_WEAK_PULLUP                                                                                                    ;               ;              ; 3.3V    ; --       ;                 ; no       ; On           ; 98ps          ;
; AH6      ; 473        ; 6G       ; RESERVED_INPUT_WITHOUT_WEAK_PULLUP                                                                                                    ;               ;              ; 3.3V    ; --       ;                 ; no       ; On           ; 95ps          ;
; AH8      ;            ;          ; GND                                                                                                                                   ; gnd           ;              ;         ; --       ;                 ; --       ; --           ; --            ;
; AH11     ; 469        ; 6G       ; RESERVED_INPUT_WITHOUT_WEAK_PULLUP                                                                                                    ;               ;              ; 3.3V    ; --       ;                 ; no       ; On           ; 92ps          ;
; AH14     ; 460        ; 6G       ; RESERVED_INPUT_WITHOUT_WEAK_PULLUP                                                                                                    ;               ;              ; 3.3V    ; --       ;                 ; no       ; On           ; 115ps         ;
; AH16     ; 389        ; 6C       ; RESERVED_INPUT_WITHOUT_WEAK_PULLUP                                                                                                    ;               ;              ; 3.3V    ; --       ;                 ; no       ; On           ; 138ps         ;
; AH19     ; 386        ; 6C       ; RESERVED_INPUT_WITHOUT_WEAK_PULLUP                                                                                                    ;               ;              ; 3.3V    ; --       ;                 ; no       ; On           ; 141ps         ;
; AJ1      ; 494        ; 6H       ; RESERVED_INPUT_WITHOUT_WEAK_PULLUP                                                                                                    ;               ;              ; 3.3V    ; --       ;                 ; no       ; On           ; 92ps          ;
; AJ2      ; 493        ; 6H       ; RESERVED_INPUT_WITHOUT_WEAK_PULLUP                                                                                                    ;               ;              ; 3.3V    ; --       ;                 ; no       ; On           ; 90ps          ;
; AJ74     ; 62         ; HPS      ; HPS_IOA_23, GPIO0_IO22, SPIM1_MISO, SPIS0_SS0_N, UART0_TX, I2C0_SDA, NAND_ADQ14, USB1_DATA6, EMAC0_RXD2, TRACE_D2                     ;               ;              ;         ; --       ;                 ; --       ; --           ; 106ps         ;
; AJ75     ; 63         ; HPS      ; HPS_IOA_24, GPIO0_IO23, SPIM1_SS0_N, SPIS0_MISO, UART0_RX, I2C0_SCL, NAND_ADQ15, USB1_DATA7, EMAC0_RXD3, TRACE_D3                     ;               ;              ;         ; --       ;                 ; --       ; --           ; 111ps         ;
; AK64     ;            ;          ; GND                                                                                                                                   ; gnd           ;              ;         ; --       ;                 ; --       ; --           ; --            ;
; AK67     ; 73         ; HPS      ; HPS_IOB_10, GPIO1_IO9, JTAG_TMS, SPIS0_MOSI, MDIO2_MDC, I2C_EMAC2_SCL, NAND_ADQ5, SDMMC_DATA5, EMAC1_TXD3, TRACE_D13                  ;               ;              ;         ; --       ;                 ; --       ; --           ; 84ps          ;
; AK69     ; 71         ; HPS      ; HPS_IOB_8, GPIO1_IO7, SPIS1_MISO, UART1_RX, I2C1_SCL, NAND_CLE, SDMMC_CMD, I3C0_SCL, EMAC1_RXD1, TRACE_D15                            ;               ;              ;         ; --       ;                 ; --       ; --           ; 88ps          ;
; AK71     ; 83         ; HPS      ; HPS_IOB_20, GPIO1_IO19, SPIM0_SS0_N, MDIO1_MDC, I2C_EMAC1_SCL, NAND_ADQ11, EMAC2_RXD1, TRACE_CLK                                      ;               ;              ;         ; --       ;                 ; --       ; --           ; 128ps         ;
; AK72     ;            ;          ; GND                                                                                                                                   ; gnd           ;              ;         ; --       ;                 ; --       ; --           ; --            ;
; AL23     ;            ;          ; GND                                                                                                                                   ; gnd           ;              ;         ; --       ;                 ; --       ; --           ; --            ;
; AL26     ;            ;          ; GND                                                                                                                                   ; gnd           ;              ;         ; --       ;                 ; --       ; --           ; --            ;
; AL29     ;            ; 6C       ; VCCIO_HVIO_6C                                                                                                                         ; power         ;              ; 3.3V    ; --       ;                 ; --       ; --           ; --            ;
; AL31     ; 381        ; 6C       ; RESERVED_INPUT_WITHOUT_WEAK_PULLUP                                                                                                    ;               ;              ; 3.3V    ; --       ;                 ; no       ; On           ; 128ps         ;
; AL34     ; 380        ; 6C       ; RESERVED_INPUT_WITHOUT_WEAK_PULLUP                                                                                                    ;               ;              ; 3.3V    ; --       ;                 ; no       ; On           ; 134ps         ;
; AL37     ; 378        ; 6C       ; RESERVED_INPUT_WITHOUT_WEAK_PULLUP                                                                                                    ;               ;              ; 3.3V    ; --       ;                 ; no       ; On           ; 133ps         ;
; AL40     ;            ;          ; GND                                                                                                                                   ; gnd           ;              ;         ; --       ;                 ; --       ; --           ; --            ;
; AL44     ;            ;          ; GND                                                                                                                                   ; gnd           ;              ;         ; --       ;                 ; --       ; --           ; --            ;
; AL46     ;            ; --       ; VCCL_HPS_CORE0_CORE1                                                                                                                  ; power         ;              ; GND     ; --       ;                 ; --       ; --           ; --            ;
; AL49     ;            ;          ; GND                                                                                                                                   ; gnd           ;              ;         ; --       ;                 ; --       ; --           ; --            ;
; AL52     ;            ; --       ; VCCL_HPS_CORE2                                                                                                                        ; power         ;              ; GND     ; --       ;                 ; --       ; --           ; --            ;
; AL54     ;            ; --       ; VCCL_HPS_CORE2                                                                                                                        ; power         ;              ; GND     ; --       ;                 ; --       ; --           ; --            ;
; AL57     ;            ;          ; GND                                                                                                                                   ; gnd           ;              ;         ; --       ;                 ; --       ; --           ; --            ;
; AL60     ;            ;          ; GND                                                                                                                                   ; gnd           ;              ;         ; --       ;                 ; --       ; --           ; --            ;
; AM1      ;            ;          ; GND                                                                                                                                   ; gnd           ;              ;         ; --       ;                 ; --       ; --           ; --            ;
; AM2      ; 491        ; 6H       ; RESERVED_INPUT_WITHOUT_WEAK_PULLUP                                                                                                    ;               ;              ; 3.3V    ; --       ;                 ; no       ; On           ; 85ps          ;
; AM74     ; 61         ; HPS      ; HPS_IOA_22, GPIO0_IO21, SPIM1_MOSI, SPIS0_MOSI, UART0_RTS_N, I2C1_SCL, NAND_ADQ13, USB1_DATA5, EMAC0_TXD3, TRACE_D1                   ;               ;              ;         ; --       ;                 ; --       ; --           ; 98ps          ;
; AM75     ;            ;          ; GND                                                                                                                                   ; gnd           ;              ;         ; --       ;                 ; --       ; --           ; --            ;
; AN64     ; 69         ; HPS      ; HPS_IOB_6, GPIO1_IO5, SPIS1_MOSI, UART1_RTS_N, EMAC2_PPSTRIG2, NAND_ADQ2, SDMMC_DATA2, I3C1_SCL, EMAC1_TXD1, TRACE_D5                 ;               ;              ;         ; --       ;                 ; --       ; --           ; 102ps         ;
; AN67     ; 67         ; HPS      ; HPS_IOB_4, GPIO1_IO3, SPIM1_SS0_N, UART0_RX, I2C0_SCL, NAND_RE_N, EMAC1_RX_CTL, TRACE_D7                                              ;               ;              ;         ; --       ;                 ; --       ; --           ; 83ps          ;
; AN69     ;            ;          ; GND                                                                                                                                   ; gnd           ;              ;         ; --       ;                 ; --       ; --           ; --            ;
; AN71     ; 59         ; HPS      ; HPS_IOA_20, GPIO0_IO19, SPIM1_SS1_N, I3C0_SCL, NAND_ADQ11, USB1_DATA3, EMAC0_RXD1, TRACE_CLK                                          ;               ;              ;         ; --       ;                 ; --       ; --           ; 116ps         ;
; AN72     ; 43         ; HPS      ; HPS_IOA_4, GPIO0_IO3, SPIS0_MISO, UART0_RX, I2C1_SCL, NAND_RE_N, USB0_DATA0, EMAC1_PPSTRIG1, TRACE_D7                                 ;               ;              ;         ; --       ;                 ; --       ; --           ; 103ps         ;
; AP1      ; 489        ; 6H       ; RESERVED_INPUT_WITHOUT_WEAK_PULLUP                                                                                                    ;               ;              ; 3.3V    ; --       ;                 ; no       ; On           ; 88ps          ;
; AP2      ; 490        ; 6H       ; RESERVED_INPUT_WITHOUT_WEAK_PULLUP                                                                                                    ;               ;              ; 3.3V    ; --       ;                 ; no       ; On           ; 81ps          ;
; AP74     ; 55         ; HPS      ; HPS_IOA_16, GPIO0_IO15, NAND_DQS, SDMMC_DATA_STROBE, USB1_DATA0, EMAC0_RX_CTL, TRACE_D7                                               ;               ;              ;         ; --       ;                 ; --       ; --           ; 93ps          ;
; AP75     ; 57         ; HPS      ; HPS_IOA_18, GPIO0_IO17, I3C1_SCL, NAND_ADQ9, USB1_NXT, EMAC0_TXD1, TRACE_D5                                                           ;               ;              ;         ; --       ;                 ; --       ; --           ; 100ps         ;
; AR23     ;            ;          ; DNU                                                                                                                                   ;               ;              ;         ; --       ;                 ; --       ; --           ; --            ;
; AR26     ;            ;          ; DNU                                                                                                                                   ;               ;              ;         ; --       ;                 ; --       ; --           ; --            ;
; AR29     ;            ;          ; GND                                                                                                                                   ; gnd           ;              ;         ; --       ;                 ; --       ; --           ; --            ;
; AR31     ;            ;          ; DNU                                                                                                                                   ;               ;              ;         ; --       ;                 ; --       ; --           ; --            ;
; AR34     ;            ;          ; DNU                                                                                                                                   ;               ;              ;         ; --       ;                 ; --       ; --           ; --            ;
; AR37     ;            ; 3A_T     ; VCCIO_PIO_3A_T                                                                                                                        ; power         ;              ; 1.2V    ; --       ;                 ; --       ; --           ; --            ;
; AR40     ;            ; 3A_B     ; VCCIO_PIO_3A_B                                                                                                                        ; power         ;              ; 1.2V    ; --       ;                 ; --       ; --           ; --            ;
; AR44     ;            ;          ; GND                                                                                                                                   ; gnd           ;              ;         ; --       ;                 ; --       ; --           ; --            ;
; AR46     ;            ;          ; GND                                                                                                                                   ; gnd           ;              ;         ; --       ;                 ; --       ; --           ; --            ;
; AR49     ;            ; --       ; VCCL_HPS                                                                                                                              ; power         ;              ; 0.8V    ; --       ;                 ; --       ; --           ; --            ;
; AR52     ;            ; --       ; VCCL_HPS                                                                                                                              ; power         ;              ; 0.8V    ; --       ;                 ; --       ; --           ; --            ;
; AR54     ;            ;          ; GND                                                                                                                                   ; gnd           ;              ;         ; --       ;                 ; --       ; --           ; --            ;
; AR57     ;            ; --       ; VCCL_HPS_CORE3                                                                                                                        ; power         ;              ; GND     ; --       ;                 ; --       ; --           ; --            ;
; AR60     ;            ;          ; GND                                                                                                                                   ; gnd           ;              ;         ; --       ;                 ; --       ; --           ; --            ;
; AT4      ;            ;          ; GND                                                                                                                                   ; gnd           ;              ;         ; --       ;                 ; --       ; --           ; --            ;
; AT6      ; 478        ; 6G       ; RESERVED_INPUT_WITHOUT_WEAK_PULLUP                                                                                                    ;               ;              ; 3.3V    ; --       ;                 ; no       ; On           ; 82ps          ;
; AT8      ; 475        ; 6G       ; RESERVED_INPUT_WITHOUT_WEAK_PULLUP                                                                                                    ;               ;              ; 3.3V    ; --       ;                 ; no       ; On           ; 102ps         ;
; AT11     ; 425        ; 6E       ; RESERVED_INPUT_WITHOUT_WEAK_PULLUP                                                                                                    ;               ;              ; 3.3V    ; --       ;                 ; no       ; On           ; 108ps         ;
; AT14     ; 423        ; 6E       ; RESERVED_INPUT_WITHOUT_WEAK_PULLUP                                                                                                    ;               ;              ; 3.3V    ; --       ;                 ; no       ; On           ; 107ps         ;
; AT16     ;            ;          ; GND                                                                                                                                   ; gnd           ;              ;         ; --       ;                 ; --       ; --           ; --            ;
; AT19     ; 421        ; 6E       ; RESERVED_INPUT_WITHOUT_WEAK_PULLUP                                                                                                    ;               ;              ; 3.3V    ; --       ;                 ; no       ; On           ; 103ps         ;
; AU1      ; 488        ; 6H       ; RESERVED_INPUT_WITHOUT_WEAK_PULLUP                                                                                                    ;               ;              ; 3.3V    ; --       ;                 ; no       ; On           ; 86ps          ;
; AU2      ; 487        ; 6H       ; RESERVED_INPUT_WITHOUT_WEAK_PULLUP                                                                                                    ;               ;              ; 3.3V    ; --       ;                 ; no       ; On           ; 80ps          ;
; AU74     ; 47         ; HPS      ; HPS_IOA_8, GPIO0_IO7, SPIM0_SS0_N, MDIO2_MDC, UART1_RX, I2C_EMAC2_SCL, NAND_CLE, SDMMC_CMD, USB0_DATA3, TRACE_D15                     ;               ;              ;         ; --       ;                 ; --       ; --           ; 88ps          ;
; AU75     ; 49         ; HPS      ; HPS_IOA_10, GPIO0_IO9, SPIM1_MOSI, SPIS1_MOSI, MDIO1_MDC, I2C_EMAC1_SCL, NAND_ADQ5, SDMMC_DATA5, USB0_DATA5, I3C1_SCL, TRACE_D13      ;               ;              ;         ; --       ;                 ; --       ; --           ; 91ps          ;
; AV4      ; 476        ; 6G       ; RESERVED_INPUT_WITHOUT_WEAK_PULLUP                                                                                                    ;               ;              ; 3.3V    ; --       ;                 ; no       ; On           ; 97ps          ;
; AV6      ; 477        ; 6G       ; RESERVED_INPUT_WITHOUT_WEAK_PULLUP                                                                                                    ;               ;              ; 3.3V    ; --       ;                 ; no       ; On           ; 84ps          ;
; AV8      ;            ;          ; GND                                                                                                                                   ; gnd           ;              ;         ; --       ;                 ; --       ; --           ; --            ;
; AV11     ; 422        ; 6E       ; RESERVED_INPUT_WITHOUT_WEAK_PULLUP                                                                                                    ;               ;              ; 3.3V    ; --       ;                 ; no       ; On           ; 96ps          ;
; AV14     ; 420        ; 6E       ; RESERVED_INPUT_WITHOUT_WEAK_PULLUP                                                                                                    ;               ;              ; 3.3V    ; --       ;                 ; no       ; On           ; 103ps         ;
; AV16     ; 419        ; 6E       ; RESERVED_INPUT_WITHOUT_WEAK_PULLUP                                                                                                    ;               ;              ; 3.3V    ; --       ;                 ; no       ; On           ; 90ps          ;
; AV19     ; 424        ; 6E       ; RESERVED_INPUT_WITHOUT_WEAK_PULLUP                                                                                                    ;               ;              ; 3.3V    ; --       ;                 ; no       ; On           ; 119ps         ;
; AW23     ;            ;          ; DNU                                                                                                                                   ;               ;              ;         ; --       ;                 ; --       ; --           ; --            ;
; AW26     ;            ;          ; GND                                                                                                                                   ; gnd           ;              ;         ; --       ;                 ; --       ; --           ; --            ;
; AW29     ;            ; 6D       ; VCCIO_HVIO_6D                                                                                                                         ; power         ;              ; 3.3V    ; --       ;                 ; --       ; --           ; --            ;
; AW31     ;            ; 6D       ; VCCIO_HVIO_6D                                                                                                                         ; power         ;              ; 3.3V    ; --       ;                 ; --       ; --           ; --            ;
; AW34     ;            ; 3A_T     ; VCCIO_PIO_3A_T                                                                                                                        ; power         ;              ; 1.2V    ; --       ;                 ; --       ; --           ; --            ;
; AW37     ;            ;          ; GND                                                                                                                                   ; gnd           ;              ;         ; --       ;                 ; --       ; --           ; --            ;
; AW40     ;            ; 3A_B     ; VCCIO_PIO_3A_B                                                                                                                        ; power         ;              ; 1.2V    ; --       ;                 ; --       ; --           ; --            ;
; AW44     ;            ;          ; GND                                                                                                                                   ; gnd           ;              ;         ; --       ;                 ; --       ; --           ; --            ;
; AW46     ;            ; --       ; VCCL_HPS                                                                                                                              ; power         ;              ; 0.8V    ; --       ;                 ; --       ; --           ; --            ;
; AW49     ;            ; --       ; VCCL_HPS                                                                                                                              ; power         ;              ; 0.8V    ; --       ;                 ; --       ; --           ; --            ;
; AW52     ;            ;          ; GND                                                                                                                                   ; gnd           ;              ;         ; --       ;                 ; --       ; --           ; --            ;
; AW54     ;            ;          ; GND                                                                                                                                   ; gnd           ;              ;         ; --       ;                 ; --       ; --           ; --            ;
; AW57     ;            ; --       ; VCCL_HPS_CORE3                                                                                                                        ; power         ;              ; GND     ; --       ;                 ; --       ; --           ; --            ;
; AW60     ;            ;          ; GND                                                                                                                                   ; gnd           ;              ;         ; --       ;                 ; --       ; --           ; --            ;
; AY64     ;            ;          ; GND                                                                                                                                   ; gnd           ;              ;         ; --       ;                 ; --       ; --           ; --            ;
; AY67     ; 42         ; HPS      ; HPS_IOA_3, GPIO0_IO2, SPIS0_SS0_N, UART0_TX, I2C1_SDA, NAND_WE_N, SDMMC_CLK, USB0_DIR, EMAC1_PPS1, TRACE_D8                           ;               ;              ;         ; --       ;                 ; --       ; --           ; 71ps          ;
; AY69     ; 44         ; HPS      ; HPS_IOA_5, GPIO0_IO4, SPIM0_CLK, UART1_CTS_N, I2C0_SDA, NAND_WP_N, SDMMC_WRITE_PROTECT, USB0_DATA1, EMAC2_PPS2, TRACE_D6              ;               ;              ;         ; --       ;                 ; --       ; --           ; 75ps          ;
; AY71     ; 48         ; HPS      ; HPS_IOA_9, GPIO0_IO8, SPIM1_CLK, SPIS1_CLK, MDIO1_MDIO, I2C_EMAC1_SDA, NAND_ADQ4, SDMMC_DATA4, USB0_DATA4, I3C1_SDA, TRACE_D14        ;               ;              ;         ; --       ;                 ; --       ; --           ; 89ps          ;
; AY72     ;            ;          ; GND                                                                                                                                   ; gnd           ;              ;         ; --       ;                 ; --       ; --           ; --            ;
; B2       ;            ;          ; DNU                                                                                                                                   ;               ;              ;         ; --       ;                 ; --       ; --           ; --            ;
; B3       ; 404        ; 6D       ; lcd_blk                                                                                                                               ; output        ; 3.3-V LVCMOS ; 3.3V    ; --       ; Y               ; no       ; Off          ; 113ps         ;
; B5       ; 407        ; 6D       ; RESERVED_INPUT_WITHOUT_WEAK_PULLUP                                                                                                    ;               ;              ; 3.3V    ; --       ;                 ; no       ; On           ; 112ps         ;
; B10      ; 409        ; 6D       ; RESERVED_INPUT_WITHOUT_WEAK_PULLUP                                                                                                    ;               ;              ; 3.3V    ; --       ;                 ; no       ; On           ; 104ps         ;
; B13      ;            ;          ; GND                                                                                                                                   ; gnd           ;              ;         ; --       ;                 ; --       ; --           ; --            ;
; B15      ; 413        ; 6D       ; RESERVED_INPUT_WITHOUT_WEAK_PULLUP                                                                                                    ;               ;              ; 3.3V    ; --       ;                 ; no       ; On           ; 100ps         ;
; B17      ; 377        ; 6C       ; RESERVED_INPUT_WITHOUT_WEAK_PULLUP                                                                                                    ;               ;              ; 3.3V    ; --       ;                 ; no       ; On           ; 104ps         ;
; B20      ;            ;          ; GND                                                                                                                                   ; gnd           ;              ;         ; --       ;                 ; --       ; --           ; --            ;
; B22      ; 188        ; 3A_T     ; RESERVED_INPUT_WITHOUT_WEAK_PULLUP                                                                                                    ;               ;              ; 1.2V    ; --       ;                 ; no       ; On           ; 115ps         ;
; B23      ;            ;          ; GND                                                                                                                                   ; gnd           ;              ;         ; --       ;                 ; --       ; --           ; --            ;
; B25      ; 191        ; 3A_T     ; RESERVED_INPUT_WITHOUT_WEAK_PULLUP                                                                                                    ;               ;              ; 1.2V    ; --       ;                 ; no       ; On           ; 120ps         ;
; B28      ; 194        ; 3A_T     ; RESERVED_INPUT_WITHOUT_WEAK_PULLUP                                                                                                    ;               ;              ; 1.2V    ; --       ;                 ; no       ; On           ; 96ps          ;
; B30      ; 196        ; 3A_T     ; RESERVED_INPUT_WITHOUT_WEAK_PULLUP                                                                                                    ;               ;              ; 1.2V    ; --       ;                 ; no       ; On           ; 117ps         ;
; B33      ; 198        ; 3A_T     ; RESERVED_INPUT_WITHOUT_WEAK_PULLUP                                                                                                    ;               ;              ; 1.2V    ; --       ;                 ; no       ; On           ; 97ps          ;
; B36      ;            ;          ; GND                                                                                                                                   ; gnd           ;              ;         ; --       ;                 ; --       ; --           ; --            ;
; B38      ; 223        ; 3A_T     ; RESERVED_INPUT_WITHOUT_WEAK_PULLUP                                                                                                    ;               ;              ; 1.2V    ; --       ;                 ; no       ; On           ; 102ps         ;
; B41      ; 226        ; 3A_T     ; RESERVED_INPUT_WITHOUT_WEAK_PULLUP                                                                                                    ;               ;              ; 1.2V    ; --       ;                 ; no       ; On           ; 91ps          ;
; B43      ; 228        ; 3A_T     ; RESERVED_INPUT_WITHOUT_WEAK_PULLUP                                                                                                    ;               ;              ; 1.2V    ; --       ;                 ; no       ; On           ; 95ps          ;
; B45      ; 230        ; 3A_T     ; RESERVED_INPUT_WITHOUT_WEAK_PULLUP                                                                                                    ;               ;              ; 1.2V    ; --       ;                 ; no       ; On           ; 102ps         ;
; B47      ;            ;          ; GND                                                                                                                                   ; gnd           ;              ;         ; --       ;                 ; --       ; --           ; --            ;
; B50      ; 233        ; 3A_T     ; RESERVED_INPUT_WITHOUT_WEAK_PULLUP                                                                                                    ;               ;              ; 1.2V    ; --       ;                 ; no       ; On           ; 117ps         ;
; B53      ; 232        ; 3A_T     ; RESERVED_INPUT_WITHOUT_WEAK_PULLUP                                                                                                    ;               ;              ; 1.2V    ; --       ;                 ; no       ; On           ; 106ps         ;
; B55      ; 248        ; 3A_B     ; RESERVED_INPUT_WITHOUT_WEAK_PULLUP                                                                                                    ;               ;              ; 1.2V    ; --       ;                 ; no       ; On           ; 98ps          ;
; B58      ; 250        ; 3A_B     ; RESERVED_INPUT_WITHOUT_WEAK_PULLUP                                                                                                    ;               ;              ; 1.2V    ; --       ;                 ; no       ; On           ; 105ps         ;
; B60      ;            ;          ; GND                                                                                                                                   ; gnd           ;              ;         ; --       ;                 ; --       ; --           ; --            ;
; B61      ; 251        ; 3A_B     ; RESERVED_INPUT_WITHOUT_WEAK_PULLUP                                                                                                    ;               ;              ; 1.2V    ; --       ;                 ; no       ; On           ; 112ps         ;
; B63      ; 254        ; 3A_B     ; RESERVED_INPUT_WITHOUT_WEAK_PULLUP                                                                                                    ;               ;              ; 1.2V    ; --       ;                 ; no       ; On           ; 126ps         ;
; B66      ; 258        ; 3A_B     ; RESERVED_INPUT_WITHOUT_WEAK_PULLUP                                                                                                    ;               ;              ; 1.2V    ; --       ;                 ; no       ; On           ; 131ps         ;
; B68      ; 256        ; 3A_B     ; RESERVED_INPUT_WITHOUT_WEAK_PULLUP                                                                                                    ;               ;              ; 1.2V    ; --       ;                 ; no       ; On           ; 133ps         ;
; B70      ;            ;          ; GND                                                                                                                                   ; gnd           ;              ;         ; --       ;                 ; --       ; --           ; --            ;
; B73      ;            ;          ; NC                                                                                                                                    ;               ;              ;         ; --       ;                 ; --       ; --           ; --            ;
; B74      ;            ;          ; NC                                                                                                                                    ;               ;              ;         ; --       ;                 ; --       ; --           ; --            ;
; B75      ;            ;          ; GND                                                                                                                                   ; gnd           ;              ;         ; --       ;                 ; --       ; --           ; --            ;
; BA1      ; 486        ; 6H       ; RESERVED_INPUT_WITHOUT_WEAK_PULLUP                                                                                                    ;               ;              ; 3.3V    ; --       ;                 ; no       ; On           ; 83ps          ;
; BA2      ;            ;          ; GND                                                                                                                                   ; gnd           ;              ;         ; --       ;                 ; --       ; --           ; --            ;
; BA74     ;            ;          ; GND                                                                                                                                   ; gnd           ;              ;         ; --       ;                 ; --       ; --           ; --            ;
; BA75     ; 45         ; HPS      ; HPS_IOA_6, GPIO0_IO5, SPIM0_MOSI, UART1_RTS_N, I2C0_SCL, NAND_ADQ2, SDMMC_DATA2, USB0_NXT, EMAC2_PPSTRIG2, TRACE_D5                   ;               ;              ;         ; --       ;                 ; --       ; --           ; 92ps          ;
; BB23     ;            ;          ; GND                                                                                                                                   ; gnd           ;              ;         ; --       ;                 ; --       ; --           ; --            ;
; BB26     ;            ; --       ; VCCPT_HVIO                                                                                                                            ; power         ;              ; 1.8V    ; --       ;                 ; --       ; --           ; --            ;
; BB29     ;            ; --       ; VCCPT_HVIO                                                                                                                            ; power         ;              ; 1.8V    ; --       ;                 ; --       ; --           ; --            ;
; BB31     ;            ;          ; GND                                                                                                                                   ; gnd           ;              ;         ; --       ;                 ; --       ; --           ; --            ;
; BB34     ;            ; --       ; VCCP                                                                                                                                  ; power         ;              ; 0.8V    ; --       ;                 ; --       ; --           ; --            ;
; BB37     ;            ; --       ; VCCP                                                                                                                                  ; power         ;              ; 0.8V    ; --       ;                 ; --       ; --           ; --            ;
; BB40     ;            ;          ; GND                                                                                                                                   ; gnd           ;              ;         ; --       ;                 ; --       ; --           ; --            ;
; BB44     ;            ; --       ; VCCIO_HPS                                                                                                                             ; power         ;              ; 1.8V    ; --       ;                 ; --       ; --           ; --            ;
; BB46     ;            ; --       ; VCCIO_HPS                                                                                                                             ; power         ;              ; 1.8V    ; --       ;                 ; --       ; --           ; --            ;
; BB49     ;            ;          ; GND                                                                                                                                   ; gnd           ;              ;         ; --       ;                 ; --       ; --           ; --            ;
; BB52     ;            ; --       ; VCCPLLDIG2_HPS                                                                                                                        ; power         ;              ; 0.8V    ; --       ;                 ; --       ; --           ; --            ;
; BB54     ;            ; --       ; VCCPLLDIG1_HPS                                                                                                                        ; power         ;              ; 0.8V    ; --       ;                 ; --       ; --           ; --            ;
; BB57     ;            ;          ; GND                                                                                                                                   ; gnd           ;              ;         ; --       ;                 ; --       ; --           ; --            ;
; BB60     ;            ;          ; GND                                                                                                                                   ; gnd           ;              ;         ; --       ;                 ; --       ; --           ; --            ;
; BC64     ; 40         ; HPS      ; HPS_IOA_1, GPIO0_IO0, SPIM0_SS1_N, SPIS0_CLK, UART0_CTS_N, NAND_ADQ0, SDMMC_DATA0, USB0_CLK, EMAC0_PPS0, TRACE_D10                    ;               ;              ;         ; --       ;                 ; --       ; --           ; 67ps          ;
; BC67     ; 41         ; HPS      ; HPS_IOA_2, GPIO0_IO1, SPIM1_SS1_N, SPIS0_MOSI, UART0_RTS_N, NAND_ADQ1, SDMMC_DATA1, USB0_STP, EMAC0_PPSTRIG0, TRACE_D9                ;               ;              ;         ; --       ;                 ; --       ; --           ; 69ps          ;
; BC69     ;            ;          ; GND                                                                                                                                   ; gnd           ;              ;         ; --       ;                 ; --       ; --           ; --            ;
; BC71     ; 46         ; HPS      ; HPS_IOA_7, GPIO0_IO6, SPIM0_MISO, MDIO2_MDIO, UART1_TX, I2C_EMAC2_SDA, NAND_ADQ3, SDMMC_DATA3, USB0_DATA2, TRACE_D4                   ;               ;              ;         ; --       ;                 ; --       ; --           ; 90ps          ;
; BC72     ; 50         ; HPS      ; HPS_IOA_11, GPIO0_IO10, SPIM1_MISO, SPIS1_SS0_N, MDIO0_MDIO, I2C_EMAC0_SDA, NAND_ADQ6, SDMMC_DATA6, USB0_DATA6, I3C0_SDA, TRACE_D12   ;               ;              ;         ; --       ;                 ; --       ; --           ; 92ps          ;
; BD1      ; 484        ; 6H       ; RESERVED_INPUT_WITHOUT_WEAK_PULLUP                                                                                                    ;               ;              ; 3.3V    ; --       ;                 ; no       ; On           ; 84ps          ;
; BD2      ; 483        ; 6H       ; RESERVED_INPUT_WITHOUT_WEAK_PULLUP                                                                                                    ;               ;              ; 3.3V    ; --       ;                 ; no       ; On           ; 79ps          ;
; BD74     ; 58         ; HPS      ; HPS_IOA_19, GPIO0_IO18, I3C0_SDA, NAND_ADQ10, USB1_DATA2, EMAC0_RXD0, TRACE_D4                                                        ;               ;              ;         ; --       ;                 ; --       ; --           ; 115ps         ;
; BD75     ; 60         ; HPS      ; HPS_IOA_21, GPIO0_IO20, SPIM1_CLK, SPIS0_CLK, UART0_CTS_N, I2C1_SDA, NAND_ADQ12, USB1_DATA4, EMAC0_TXD2, TRACE_D0                     ;               ;              ;         ; --       ;                 ; --       ; --           ; 118ps         ;
; BE4      ;            ;          ; GND                                                                                                                                   ; gnd           ;              ;         ; --       ;                 ; --       ; --           ; --            ;
; BE6      ; 492        ; 6H       ; RESERVED_INPUT_WITHOUT_WEAK_PULLUP                                                                                                    ;               ;              ; 3.3V    ; --       ;                 ; no       ; On           ; 125ps         ;
; BE8      ; 495        ; 6H       ; RESERVED_INPUT_WITHOUT_WEAK_PULLUP                                                                                                    ;               ;              ; 3.3V    ; --       ;                 ; no       ; On           ; 134ps         ;
; BE11     ; 432        ; 6E       ; RESERVED_INPUT_WITHOUT_WEAK_PULLUP                                                                                                    ;               ;              ; 3.3V    ; --       ;                 ; no       ; On           ; 106ps         ;
; BE14     ; 433        ; 6E       ; RESERVED_INPUT_WITHOUT_WEAK_PULLUP                                                                                                    ;               ;              ; 3.3V    ; --       ;                 ; no       ; On           ; 110ps         ;
; BE16     ;            ;          ; GND                                                                                                                                   ; gnd           ;              ;         ; --       ;                 ; --       ; --           ; --            ;
; BE19     ; 426        ; 6E       ; RESERVED_INPUT_WITHOUT_WEAK_PULLUP                                                                                                    ;               ;              ; 3.3V    ; --       ;                 ; no       ; On           ; 112ps         ;
; BF23     ; 427        ; 6E       ; RESERVED_INPUT_WITHOUT_WEAK_PULLUP                                                                                                    ;               ;              ; 3.3V    ; --       ;                 ; no       ; On           ; 101ps         ;
; BF26     ;            ; 6H       ; VCCIO_HVIO_6H                                                                                                                         ; power         ;              ; 3.3V    ; --       ;                 ; --       ; --           ; --            ;
; BF29     ;            ;          ; GND                                                                                                                                   ; gnd           ;              ;         ; --       ;                 ; --       ; --           ; --            ;
; BF31     ;            ; --       ; VCCPT_HVIO                                                                                                                            ; power         ;              ; 1.8V    ; --       ;                 ; --       ; --           ; --            ;
; BF34     ;            ; --       ; VCCP                                                                                                                                  ; power         ;              ; 0.8V    ; --       ;                 ; --       ; --           ; --            ;
; BF37     ;            ;          ; GND                                                                                                                                   ; gnd           ;              ;         ; --       ;                 ; --       ; --           ; --            ;
; BF40     ;            ; --       ; VCCP                                                                                                                                  ; power         ;              ; 0.8V    ; --       ;                 ; --       ; --           ; --            ;
; BF44     ;            ; --       ; VCC                                                                                                                                   ; power         ;              ; 0.8V    ; --       ;                 ; --       ; --           ; --            ;
; BF46     ;            ;          ; GND                                                                                                                                   ; gnd           ;              ;         ; --       ;                 ; --       ; --           ; --            ;
; BF49     ;            ; --       ; VCC                                                                                                                                   ; power         ;              ; 0.8V    ; --       ;                 ; --       ; --           ; --            ;
; BF52     ;            ; --       ; VCCPLL2_HPS                                                                                                                           ; power         ;              ; 1.8V    ; --       ;                 ; --       ; --           ; --            ;
; BF54     ;            ;          ; GND                                                                                                                                   ; gnd           ;              ;         ; --       ;                 ; --       ; --           ; --            ;
; BF57     ;            ; --       ; VCCPLL1_HPS                                                                                                                           ; power         ;              ; 1.8V    ; --       ;                 ; --       ; --           ; --            ;
; BF60     ;            ;          ; GND                                                                                                                                   ; gnd           ;              ;         ; --       ;                 ; --       ; --           ; --            ;
; BG1      ;            ;          ; GND                                                                                                                                   ; gnd           ;              ;         ; --       ;                 ; --       ; --           ; --            ;
; BG2      ; 482        ; 6H       ; RESERVED_INPUT_WITHOUT_WEAK_PULLUP                                                                                                    ;               ;              ; 3.3V    ; --       ;                 ; no       ; On           ; 78ps          ;
; BG74     ; 56         ; HPS      ; HPS_IOA_17, GPIO0_IO16, I3C1_SDA, NAND_ADQ8, USB1_DATA1, EMAC0_TXD0, TRACE_D6                                                         ;               ;              ;         ; --       ;                 ; --       ; --           ; 115ps         ;
; BG75     ;            ;          ; GND                                                                                                                                   ; gnd           ;              ;         ; --       ;                 ; --       ; --           ; --            ;
; BH4      ; 481        ; 6H       ; RESERVED_INPUT_WITHOUT_WEAK_PULLUP                                                                                                    ;               ;              ; 3.3V    ; --       ;                 ; no       ; On           ; 95ps          ;
; BH6      ; 485        ; 6H       ; RESERVED_INPUT_WITHOUT_WEAK_PULLUP                                                                                                    ;               ;              ; 3.3V    ; --       ;                 ; no       ; On           ; 106ps         ;
; BH8      ;            ;          ; GND                                                                                                                                   ; gnd           ;              ;         ; --       ;                 ; --       ; --           ; --            ;
; BH11     ; 430        ; 6E       ; RESERVED_INPUT_WITHOUT_WEAK_PULLUP                                                                                                    ;               ;              ; 3.3V    ; --       ;                 ; no       ; On           ; 87ps          ;
; BH14     ; 428        ; 6E       ; RESERVED_INPUT_WITHOUT_WEAK_PULLUP                                                                                                    ;               ;              ; 3.3V    ; --       ;                 ; no       ; On           ; 93ps          ;
; BH16     ; 431        ; 6E       ; RESERVED_INPUT_WITHOUT_WEAK_PULLUP                                                                                                    ;               ;              ; 3.3V    ; --       ;                 ; no       ; On           ; 104ps         ;
; BH19     ; 434        ; 6E       ; RESERVED_INPUT_WITHOUT_WEAK_PULLUP                                                                                                    ;               ;              ; 3.3V    ; --       ;                 ; no       ; On           ; 109ps         ;
; BJ23     ; 429        ; 6E       ; RESERVED_INPUT_WITHOUT_WEAK_PULLUP                                                                                                    ;               ;              ; 3.3V    ; --       ;                 ; no       ; On           ; 103ps         ;
; BJ26     ;            ; 6H       ; VCCIO_HVIO_6H                                                                                                                         ; power         ;              ; 3.3V    ; --       ;                 ; --       ; --           ; --            ;
; BJ29     ;            ; 6G       ; VCCIO_HVIO_6G                                                                                                                         ; power         ;              ; 3.3V    ; --       ;                 ; --       ; --           ; --            ;
; BJ31     ;            ; --       ; VCCPT_HVIO                                                                                                                            ; power         ;              ; 1.8V    ; --       ;                 ; --       ; --           ; --            ;
; BJ34     ;            ;          ; GND                                                                                                                                   ; gnd           ;              ;         ; --       ;                 ; --       ; --           ; --            ;
; BJ37     ;            ; --       ; VCCRCORE                                                                                                                              ; power         ;              ; 1.2V    ; --       ;                 ; --       ; --           ; --            ;
; BJ40     ;            ; --       ; VCC                                                                                                                                   ; power         ;              ; 0.8V    ; --       ;                 ; --       ; --           ; --            ;
; BJ44     ;            ;          ; GND                                                                                                                                   ; gnd           ;              ;         ; --       ;                 ; --       ; --           ; --            ;
; BJ46     ;            ; --       ; VCC                                                                                                                                   ; power         ;              ; 0.8V    ; --       ;                 ; --       ; --           ; --            ;
; BJ49     ;            ; --       ; VCC                                                                                                                                   ; power         ;              ; 0.8V    ; --       ;                 ; --       ; --           ; --            ;
; BJ52     ;            ;          ; GND                                                                                                                                   ; gnd           ;              ;         ; --       ;                 ; --       ; --           ; --            ;
; BJ54     ;            ; --       ; VCC_HSSI_L1                                                                                                                           ; power         ;              ; 0.8V    ; --       ;                 ; --       ; --           ; --            ;
; BJ57     ;            ;          ; GND                                                                                                                                   ; gnd           ;              ;         ; --       ;                 ; --       ; --           ; --            ;
; BJ60     ;            ;          ; DNU                                                                                                                                   ;               ;              ;         ; --       ;                 ; --       ; --           ; --            ;
; BK64     ;            ;          ; GND                                                                                                                                   ; gnd           ;              ;         ; --       ;                 ; --       ; --           ; --            ;
; BK67     ; 15         ; SDM      ; SDM_IO0, PWRMGT_SCL, PWRMGT_ALERT                                                                                                     ;               ;              ;         ; --       ;                 ; --       ; --           ; 160ps         ;
; BK69     ; 21         ; SDM      ; SDM_IO12, PWRMGT_SDA, PWRMGT_ALERT                                                                                                    ;               ;              ;         ; --       ;                 ; --       ; --           ; 154ps         ;
; BK71     ; 8          ; SDM      ; ^nCONFIG                                                                                                                              ;               ;              ;         ; --       ;                 ; --       ; --           ; 143ps         ;
; BK72     ;            ;          ; GND                                                                                                                                   ; gnd           ;              ;         ; --       ;                 ; --       ; --           ; --            ;
; BL1      ; 480        ; 6H       ; RESERVED_INPUT_WITHOUT_WEAK_PULLUP                                                                                                    ;               ;              ; 3.3V    ; --       ;                 ; no       ; On           ; 81ps          ;
; BL2      ; 479        ; 6H       ; RESERVED_INPUT_WITHOUT_WEAK_PULLUP                                                                                                    ;               ;              ; 3.3V    ; --       ;                 ; no       ; On           ; 75ps          ;
; BL74     ; 53         ; HPS      ; HPS_IOA_14, GPIO0_IO13, NAND_RB_N, SDMMC_PWR_ENA, USB1_STP, EMAC0_TX_CTL, TRACE_D9                                                    ;               ;              ;         ; --       ;                 ; --       ; --           ; 119ps         ;
; BL75     ; 54         ; HPS      ; HPS_IOA_15, GPIO0_IO14, NAND_CE_N, USB1_DIR, EMAC0_RX_CLK, TRACE_D8                                                                   ;               ;              ;         ; --       ;                 ; --       ; --           ; 122ps         ;
; BM64     ;            ;          ; GND                                                                                                                                   ; gnd           ;              ;         ; --       ;                 ; --       ; --           ; --            ;
; BM67     ;            ;          ; GND                                                                                                                                   ; gnd           ;              ;         ; --       ;                 ; --       ; --           ; --            ;
; BM69     ;            ;          ; GND                                                                                                                                   ; gnd           ;              ;         ; --       ;                 ; --       ; --           ; --            ;
; BM71     ; 13         ; SDM      ; ^nSTATUS                                                                                                                              ;               ;              ;         ; --       ;                 ; --       ; --           ; 136ps         ;
; BM72     ;            ;          ; DNU                                                                                                                                   ;               ;              ;         ; --       ;                 ; --       ; --           ; --            ;
; BN23     ;            ;          ; GND                                                                                                                                   ; gnd           ;              ;         ; --       ;                 ; --       ; --           ; --            ;
; BN26     ;            ; 6F       ; VCCIO_HVIO_6F                                                                                                                         ; power         ;              ; 3.3V    ; --       ;                 ; --       ; --           ; --            ;
; BN29     ;            ; 6G       ; VCCIO_HVIO_6G                                                                                                                         ; power         ;              ; 3.3V    ; --       ;                 ; --       ; --           ; --            ;
; BN31     ;            ;          ; GND                                                                                                                                   ; gnd           ;              ;         ; --       ;                 ; --       ; --           ; --            ;
; BN34     ;            ; --       ; VCC                                                                                                                                   ; power         ;              ; 0.8V    ; --       ;                 ; --       ; --           ; --            ;
; BN37     ;            ; --       ; VCC                                                                                                                                   ; power         ;              ; 0.8V    ; --       ;                 ; --       ; --           ; --            ;
; BN40     ;            ;          ; GND                                                                                                                                   ; gnd           ;              ;         ; --       ;                 ; --       ; --           ; --            ;
; BN44     ;            ;          ; GNDSENSE                                                                                                                              ;               ;              ;         ; --       ;                 ; --       ; --           ; --            ;
; BN46     ;            ;          ; VCCLSENSE                                                                                                                             ;               ;              ;         ; --       ;                 ; --       ; --           ; --            ;
; BN49     ;            ;          ; GND                                                                                                                                   ; gnd           ;              ;         ; --       ;                 ; --       ; --           ; --            ;
; BN52     ;            ; --       ; VCCRCORE                                                                                                                              ; power         ;              ; 1.2V    ; --       ;                 ; --       ; --           ; --            ;
; BN54     ;            ; --       ; VCC_HSSI_L1                                                                                                                           ; power         ;              ; 0.8V    ; --       ;                 ; --       ; --           ; --            ;
; BN57     ;            ;          ; GND                                                                                                                                   ; gnd           ;              ;         ; --       ;                 ; --       ; --           ; --            ;
; BN60     ;            ;          ; DNU                                                                                                                                   ;               ;              ;         ; --       ;                 ; --       ; --           ; --            ;
; BP1      ; 457        ; 6F       ; RESERVED_INPUT_WITHOUT_WEAK_PULLUP                                                                                                    ;               ;              ; 3.3V    ; --       ;                 ; no       ; On           ; 85ps          ;
; BP2      ; 458        ; 6F       ; RESERVED_INPUT_WITHOUT_WEAK_PULLUP                                                                                                    ;               ;              ; 3.3V    ; --       ;                 ; no       ; On           ; 77ps          ;
; BP74     ; 51         ; HPS      ; HPS_IOA_12, GPIO0_IO11, SPIM1_SS0_N, SPIS1_MISO, MDIO0_MDC, I2C_EMAC0_SCL, NAND_ADQ7, SDMMC_DATA7, USB0_DATA7, I3C0_SCL, TRACE_D11    ;               ;              ;         ; --       ;                 ; --       ; --           ; 112ps         ;
; BP75     ; 52         ; HPS      ; HPS_IOA_13, GPIO0_IO12, NAND_ALE, SDMMC_PU_PD_DATA2, USB1_CLK, EMAC0_TX_CLK, TRACE_D10                                                ;               ;              ;         ; --       ;                 ; --       ; --           ; 124ps         ;
; BR4      ;            ;          ; GND                                                                                                                                   ; gnd           ;              ;         ; --       ;                 ; --       ; --           ; --            ;
; BR6      ; 451        ; 6F       ; RESERVED_INPUT_WITHOUT_WEAK_PULLUP                                                                                                    ;               ;              ; 3.3V    ; --       ;                 ; no       ; On           ; 96ps          ;
; BR8      ; 456        ; 6F       ; RESERVED_INPUT_WITHOUT_WEAK_PULLUP                                                                                                    ;               ;              ; 3.3V    ; --       ;                 ; no       ; On           ; 93ps          ;
; BR11     ; 437        ; 6E       ; RESERVED_INPUT_WITHOUT_WEAK_PULLUP                                                                                                    ;               ;              ; 3.3V    ; --       ;                 ; no       ; On           ; 90ps          ;
; BR14     ; 438        ; 6E       ; RESERVED_INPUT_WITHOUT_WEAK_PULLUP                                                                                                    ;               ;              ; 3.3V    ; --       ;                 ; no       ; On           ; 88ps          ;
; BR16     ;            ;          ; GND                                                                                                                                   ; gnd           ;              ;         ; --       ;                 ; --       ; --           ; --            ;
; BR19     ; 436        ; 6E       ; RESERVED_INPUT_WITHOUT_WEAK_PULLUP                                                                                                    ;               ;              ; 3.3V    ; --       ;                 ; no       ; On           ; 83ps          ;
; BT1      ; 455        ; 6F       ; RESERVED_INPUT_WITHOUT_WEAK_PULLUP                                                                                                    ;               ;              ; 3.3V    ; --       ;                 ; no       ; On           ; 79ps          ;
; BT2      ;            ;          ; GND                                                                                                                                   ; gnd           ;              ;         ; --       ;                 ; --       ; --           ; --            ;
; BT74     ;            ;          ; GND                                                                                                                                   ; gnd           ;              ;         ; --       ;                 ; --       ; --           ; --            ;
; BT75     ;            ;          ; NC                                                                                                                                    ;               ;              ;         ; --       ;                 ; --       ; --           ; --            ;
; BU23     ; 435        ; 6E       ; RESERVED_INPUT_WITHOUT_WEAK_PULLUP                                                                                                    ;               ;              ; 3.3V    ; --       ;                 ; no       ; On           ; 82ps          ;
; BU26     ;            ; 6F       ; VCCIO_HVIO_6F                                                                                                                         ; power         ;              ; 3.3V    ; --       ;                 ; --       ; --           ; --            ;
; BU29     ;            ;          ; GND                                                                                                                                   ; gnd           ;              ;         ; --       ;                 ; --       ; --           ; --            ;
; BU31     ;            ; --       ; VCCPT_HVIO                                                                                                                            ; power         ;              ; 1.8V    ; --       ;                 ; --       ; --           ; --            ;
; BU34     ;            ; --       ; VCC                                                                                                                                   ; power         ;              ; 0.8V    ; --       ;                 ; --       ; --           ; --            ;
; BU37     ;            ;          ; GND                                                                                                                                   ; gnd           ;              ;         ; --       ;                 ; --       ; --           ; --            ;
; BU40     ;            ; --       ; VCC                                                                                                                                   ; power         ;              ; 0.8V    ; --       ;                 ; --       ; --           ; --            ;
; BU44     ;            ; --       ; VCC                                                                                                                                   ; power         ;              ; 0.8V    ; --       ;                 ; --       ; --           ; --            ;
; BU46     ;            ;          ; GND                                                                                                                                   ; gnd           ;              ;         ; --       ;                 ; --       ; --           ; --            ;
; BU49     ;            ; --       ; VCC                                                                                                                                   ; power         ;              ; 0.8V    ; --       ;                 ; --       ; --           ; --            ;
; BU52     ;            ; --       ; VCCRCORE                                                                                                                              ; power         ;              ; 1.2V    ; --       ;                 ; --       ; --           ; --            ;
; BU54     ;            ;          ; GND                                                                                                                                   ; gnd           ;              ;         ; --       ;                 ; --       ; --           ; --            ;
; BU57     ;            ;          ; GND                                                                                                                                   ; gnd           ;              ;         ; --       ;                 ; --       ; --           ; --            ;
; BU60     ;            ;          ; GND                                                                                                                                   ; gnd           ;              ;         ; --       ;                 ; --       ; --           ; --            ;
; BV4      ; 446        ; 6F       ; RESERVED_INPUT_WITHOUT_WEAK_PULLUP                                                                                                    ;               ;              ; 3.3V    ; --       ;                 ; no       ; On           ; 103ps         ;
; BV6      ; 442        ; 6F       ; RESERVED_INPUT_WITHOUT_WEAK_PULLUP                                                                                                    ;               ;              ; 3.3V    ; --       ;                 ; no       ; On           ; 122ps         ;
; BV8      ;            ;          ; GND                                                                                                                                   ; gnd           ;              ;         ; --       ;                 ; --       ; --           ; --            ;
; BV11     ; 339        ; 6A       ; RESERVED_INPUT_WITHOUT_WEAK_PULLUP                                                                                                    ;               ;              ; 3.3V    ; --       ;                 ; no       ; On           ; 117ps         ;
; BV14     ; 337        ; 6A       ; RESERVED_INPUT_WITHOUT_WEAK_PULLUP                                                                                                    ;               ;              ; 3.3V    ; --       ;                 ; no       ; On           ; 107ps         ;
; BV16     ; 343        ; 6A       ; RESERVED_INPUT_WITHOUT_WEAK_PULLUP                                                                                                    ;               ;              ; 3.3V    ; --       ;                 ; no       ; On           ; 97ps          ;
; BV19     ; 346        ; 6A       ; RESERVED_INPUT_WITHOUT_WEAK_PULLUP                                                                                                    ;               ;              ; 3.3V    ; --       ;                 ; no       ; On           ; 72ps          ;
; BW1      ; 453        ; 6F       ; RESERVED_INPUT_WITHOUT_WEAK_PULLUP                                                                                                    ;               ;              ; 3.3V    ; --       ;                 ; no       ; On           ; 79ps          ;
; BW2      ; 454        ; 6F       ; RESERVED_INPUT_WITHOUT_WEAK_PULLUP                                                                                                    ;               ;              ; 3.3V    ; --       ;                 ; no       ; On           ; 74ps          ;
; BW74     ; 37         ; SDM      ; ^VSIGN_0                                                                                                                              ;               ;              ;         ; --       ;                 ; --       ; --           ; 118ps         ;
; BW75     ; 36         ; SDM      ; ^VSIGP_0                                                                                                                              ;               ;              ;         ; --       ;                 ; --       ; --           ; 119ps         ;
; BY64     ;            ;          ; GND                                                                                                                                   ; gnd           ;              ;         ; --       ;                 ; --       ; --           ; --            ;
; BY67     ; 0          ; SDM      ; #TDO                                                                                                                                  ; output        ;              ;         ; --       ;                 ; --       ; --           ; 98ps          ;
; BY69     ; 23         ; SDM      ; SDM_IO14, AVSTx8_CLK, PWRMGT_SCL                                                                                                      ;               ;              ;         ; --       ;                 ; --       ; --           ; 132ps         ;
; BY71     ; 6          ; SDM      ; ~ALTERA_AS_nCSO0,ALTERA_MSEL0~                                                                                                        ; output, input ; 1.8-V        ;         ; --       ; N               ; no       ; Off          ; 133ps         ;
; BY72     ;            ;          ; GND                                                                                                                                   ; gnd           ;              ;         ; --       ;                 ; --       ; --           ; --            ;
; C1       ;            ;          ; GND                                                                                                                                   ; gnd           ;              ;         ; --       ;                 ; --       ; --           ; --            ;
; C2       ; 402        ; 6D       ; lcd_sda                                                                                                                               ; output        ; 3.3-V LVCMOS ; 3.3V    ; --       ; Y               ; no       ; Off          ; 107ps         ;
; C4       ;            ;          ; GND                                                                                                                                   ; gnd           ;              ;         ; --       ;                 ; --       ; --           ; --            ;
; C6       ; 401        ; 6D       ; RESERVED_INPUT_WITHOUT_WEAK_PULLUP                                                                                                    ;               ;              ; 3.3V    ; --       ;                 ; no       ; On           ; 120ps         ;
; C8       ; 403        ; 6D       ; sys_rst_n                                                                                                                             ; input         ; 3.3-V LVCMOS ; 3.3V    ; --       ; Y               ; no       ; Off          ; 130ps         ;
; C11      ; 405        ; 6D       ; RESERVED_INPUT_WITHOUT_WEAK_PULLUP                                                                                                    ;               ;              ; 3.3V    ; --       ;                 ; no       ; On           ; 133ps         ;
; C14      ; 406        ; 6D       ; RESERVED_INPUT_WITHOUT_WEAK_PULLUP                                                                                                    ;               ;              ; 3.3V    ; --       ;                 ; no       ; On           ; 131ps         ;
; C16      ;            ;          ; GND                                                                                                                                   ; gnd           ;              ;         ; --       ;                 ; --       ; --           ; --            ;
; C19      ; 374        ; 6C       ; RESERVED_INPUT_WITHOUT_WEAK_PULLUP                                                                                                    ;               ;              ; 3.3V    ; --       ;                 ; no       ; On           ; 103ps         ;
; C74      ; 86         ; HPS      ; HPS_IOB_23, GPIO1_IO22, SPIM0_MISO, SPIS1_SS0_N, MDIO0_MDIO, I2C_EMAC0_SDA, NAND_ADQ14, EMAC2_RXD2, TRACE_D2                          ;               ;              ;         ; --       ;                 ; --       ; --           ; 148ps         ;
; C75      ;            ;          ; GND                                                                                                                                   ; gnd           ;              ;         ; --       ;                 ; --       ; --           ; --            ;
; CA23     ; 330        ; 6A       ; RESERVED_INPUT_WITHOUT_WEAK_PULLUP                                                                                                    ;               ;              ; 3.3V    ; --       ;                 ; no       ; On           ; 119ps         ;
; CA26     ;            ;          ; GND                                                                                                                                   ; gnd           ;              ;         ; --       ;                 ; --       ; --           ; --            ;
; CA29     ;            ; 6E       ; VCCIO_HVIO_6E                                                                                                                         ; power         ;              ; 3.3V    ; --       ;                 ; --       ; --           ; --            ;
; CA31     ;            ; --       ; VCCPT_HVIO                                                                                                                            ; power         ;              ; 1.8V    ; --       ;                 ; --       ; --           ; --            ;
; CA34     ;            ;          ; GND                                                                                                                                   ; gnd           ;              ;         ; --       ;                 ; --       ; --           ; --            ;
; CA37     ;            ; --       ; VCC                                                                                                                                   ; power         ;              ; 0.8V    ; --       ;                 ; --       ; --           ; --            ;
; CA40     ;            ; --       ; VCC                                                                                                                                   ; power         ;              ; 0.8V    ; --       ;                 ; --       ; --           ; --            ;
; CA44     ;            ;          ; GND                                                                                                                                   ; gnd           ;              ;         ; --       ;                 ; --       ; --           ; --            ;
; CA46     ;            ; --       ; VCCL_SDM                                                                                                                              ; power         ;              ; 0.8V    ; --       ;                 ; --       ; --           ; --            ;
; CA49     ;            ; --       ; VCCL_SDM                                                                                                                              ; power         ;              ; 0.8V    ; --       ;                 ; --       ; --           ; --            ;
; CA52     ;            ;          ; GND                                                                                                                                   ; gnd           ;              ;         ; --       ;                 ; --       ; --           ; --            ;
; CA54     ;            ; --       ; VCCL_SDM                                                                                                                              ; power         ;              ; 0.8V    ; --       ;                 ; --       ; --           ; --            ;
; CA57     ;            ; --       ; VCCL_SDM                                                                                                                              ; power         ;              ; 0.8V    ; --       ;                 ; --       ; --           ; --            ;
; CA60     ;            ;          ; GND                                                                                                                                   ; gnd           ;              ;         ; --       ;                 ; --       ; --           ; --            ;
; CB1      ;            ;          ; GND                                                                                                                                   ; gnd           ;              ;         ; --       ;                 ; --       ; --           ; --            ;
; CB2      ; 452        ; 6F       ; RESERVED_INPUT_WITHOUT_WEAK_PULLUP                                                                                                    ;               ;              ; 3.3V    ; --       ;                 ; no       ; On           ; 81ps          ;
; CB74     ;            ;          ; NC                                                                                                                                    ;               ;              ;         ; --       ;                 ; --       ; --           ; --            ;
; CB75     ;            ;          ; GND                                                                                                                                   ; gnd           ;              ;         ; --       ;                 ; --       ; --           ; --            ;
; CC64     ; 2          ; SDM      ; #TCK                                                                                                                                  ; input         ;              ;         ; --       ;                 ; --       ; --           ; 110ps         ;
; CC67     ; 3          ; SDM      ; #TDI                                                                                                                                  ; input         ;              ;         ; --       ;                 ; --       ; --           ; 93ps          ;
; CC69     ;            ;          ; GND                                                                                                                                   ; gnd           ;              ;         ; --       ;                 ; --       ; --           ; --            ;
; CC71     ;            ;          ; DNU                                                                                                                                   ;               ;              ;         ; --       ;                 ; --       ; --           ; --            ;
; CC72     ;            ;          ; NC                                                                                                                                    ;               ;              ;         ; --       ;                 ; --       ; --           ; --            ;
; CD23     ; 332        ; 6A       ; RESERVED_INPUT_WITHOUT_WEAK_PULLUP                                                                                                    ;               ;              ; 3.3V    ; --       ;                 ; no       ; On           ; 114ps         ;
; CD26     ;            ;          ; DNU                                                                                                                                   ;               ;              ;         ; --       ;                 ; --       ; --           ; --            ;
; CD29     ;            ; 6E       ; VCCIO_HVIO_6E                                                                                                                         ; power         ;              ; 3.3V    ; --       ;                 ; --       ; --           ; --            ;
; CD31     ;            ;          ; GND                                                                                                                                   ; gnd           ;              ;         ; --       ;                 ; --       ; --           ; --            ;
; CD34     ;            ; --       ; VCCP                                                                                                                                  ; power         ;              ; 0.8V    ; --       ;                 ; --       ; --           ; --            ;
; CD37     ;            ; --       ; VCCP                                                                                                                                  ; power         ;              ; 0.8V    ; --       ;                 ; --       ; --           ; --            ;
; CD40     ;            ;          ; GND                                                                                                                                   ; gnd           ;              ;         ; --       ;                 ; --       ; --           ; --            ;
; CD44     ;            ; --       ; VCC                                                                                                                                   ; power         ;              ; 0.8V    ; --       ;                 ; --       ; --           ; --            ;
; CD46     ;            ; --       ; VCC                                                                                                                                   ; power         ;              ; 0.8V    ; --       ;                 ; --       ; --           ; --            ;
; CD49     ;            ;          ; GND                                                                                                                                   ; gnd           ;              ;         ; --       ;                 ; --       ; --           ; --            ;
; CD52     ;            ; --       ; VCCFUSEWR_SDM                                                                                                                         ; power         ;              ; 1.8V    ; --       ;                 ; --       ; --           ; --            ;
; CD54     ;            ; --       ; VCCH_SDM                                                                                                                              ; power         ;              ; 1.0V    ; --       ;                 ; --       ; --           ; --            ;
; CD57     ;            ;          ; GND                                                                                                                                   ; gnd           ;              ;         ; --       ;                 ; --       ; --           ; --            ;
; CD60     ;            ;          ; DNU                                                                                                                                   ;               ;              ;         ; --       ;                 ; --       ; --           ; --            ;
; CE4      ;            ;          ; GND                                                                                                                                   ; gnd           ;              ;         ; --       ;                 ; --       ; --           ; --            ;
; CE6      ; 366        ; 6B       ; RESERVED_INPUT_WITHOUT_WEAK_PULLUP                                                                                                    ;               ;              ; 3.3V    ; --       ;                 ; no       ; On           ; 151ps         ;
; CE8      ; 361        ; 6B       ; RESERVED_INPUT_WITHOUT_WEAK_PULLUP                                                                                                    ;               ;              ; 3.3V    ; --       ;                 ; no       ; On           ; 114ps         ;
; CE11     ; 363        ; 6B       ; RESERVED_INPUT_WITHOUT_WEAK_PULLUP                                                                                                    ;               ;              ; 3.3V    ; --       ;                 ; no       ; On           ; 125ps         ;
; CE14     ; 347        ; 6A       ; RESERVED_INPUT_WITHOUT_WEAK_PULLUP                                                                                                    ;               ;              ; 3.3V    ; --       ;                 ; no       ; On           ; 65ps          ;
; CE16     ;            ;          ; GND                                                                                                                                   ; gnd           ;              ;         ; --       ;                 ; --       ; --           ; --            ;
; CE19     ; 338        ; 6A       ; RESERVED_INPUT_WITHOUT_WEAK_PULLUP                                                                                                    ;               ;              ; 3.3V    ; --       ;                 ; no       ; On           ; 78ps          ;
; CF1      ; 450        ; 6F       ; RESERVED_INPUT_WITHOUT_WEAK_PULLUP                                                                                                    ;               ;              ; 3.3V    ; --       ;                 ; no       ; On           ; 80ps          ;
; CF2      ; 449        ; 6F       ; RESERVED_INPUT_WITHOUT_WEAK_PULLUP                                                                                                    ;               ;              ; 3.3V    ; --       ;                 ; no       ; On           ; 81ps          ;
; CF74     ; 35         ; SDM      ; ^VREFN_ADC                                                                                                                            ;               ;              ;         ; --       ;                 ; --       ; --           ; 97ps          ;
; CF75     ; 34         ; SDM      ; ^VREFP_ADC                                                                                                                            ;               ;              ;         ; --       ;                 ; --       ; --           ; 96ps          ;
; CG23     ; 331        ; 6A       ; RESERVED_INPUT_WITHOUT_WEAK_PULLUP                                                                                                    ;               ;              ; 3.3V    ; --       ;                 ; no       ; On           ; 101ps         ;
; CG26     ; 329        ; 6A       ; RESERVED_INPUT_WITHOUT_WEAK_PULLUP                                                                                                    ;               ;              ; 3.3V    ; --       ;                 ; no       ; On           ; 105ps         ;
; CG29     ;            ;          ; GND                                                                                                                                   ; gnd           ;              ;         ; --       ;                 ; --       ; --           ; --            ;
; CG31     ;            ; 2A_T     ; VCCIO_PIO_2A_T                                                                                                                        ; power         ;              ; 1.2V    ; --       ;                 ; --       ; --           ; --            ;
; CG34     ;            ; --       ; VCCP                                                                                                                                  ; power         ;              ; 0.8V    ; --       ;                 ; --       ; --           ; --            ;
; CG37     ;            ;          ; GND                                                                                                                                   ; gnd           ;              ;         ; --       ;                 ; --       ; --           ; --            ;
; CG40     ;            ; --       ; VCC                                                                                                                                   ; power         ;              ; 0.8V    ; --       ;                 ; --       ; --           ; --            ;
; CG44     ;            ; --       ; VCC                                                                                                                                   ; power         ;              ; 0.8V    ; --       ;                 ; --       ; --           ; --            ;
; CG46     ;            ;          ; GND                                                                                                                                   ; gnd           ;              ;         ; --       ;                 ; --       ; --           ; --            ;
; CG49     ;            ; --       ; VCCBAT                                                                                                                                ; power         ;              ; 1.8V    ; --       ;                 ; --       ; --           ; --            ;
; CG52     ;            ; --       ; VCCADC                                                                                                                                ; power         ;              ; 1.8V    ; --       ;                 ; --       ; --           ; --            ;
; CG54     ;            ;          ; GND                                                                                                                                   ; gnd           ;              ;         ; --       ;                 ; --       ; --           ; --            ;
; CG57     ;            ;          ; DNU                                                                                                                                   ;               ;              ;         ; --       ;                 ; --       ; --           ; --            ;
; CG60     ;            ;          ; DNU                                                                                                                                   ;               ;              ;         ; --       ;                 ; --       ; --           ; --            ;
; CH4      ; 352        ; 6B       ; RESERVED_INPUT_WITHOUT_WEAK_PULLUP                                                                                                    ;               ;              ; 3.3V    ; --       ;                 ; no       ; On           ; 120ps         ;
; CH6      ; 358        ; 6B       ; RESERVED_INPUT_WITHOUT_WEAK_PULLUP                                                                                                    ;               ;              ; 3.3V    ; --       ;                 ; no       ; On           ; 146ps         ;
; CH8      ;            ;          ; GND                                                                                                                                   ; gnd           ;              ;         ; --       ;                 ; --       ; --           ; --            ;
; CH11     ; 367        ; 6B       ; RESERVED_INPUT_WITHOUT_WEAK_PULLUP                                                                                                    ;               ;              ; 3.3V    ; --       ;                 ; no       ; On           ; 127ps         ;
; CH14     ; 348        ; 6A       ; RESERVED_INPUT_WITHOUT_WEAK_PULLUP                                                                                                    ;               ;              ; 3.3V    ; --       ;                 ; no       ; On           ; 63ps          ;
; CH16     ; 345        ; 6A       ; RESERVED_INPUT_WITHOUT_WEAK_PULLUP                                                                                                    ;               ;              ; 3.3V    ; --       ;                 ; no       ; On           ; 54ps          ;
; CH19     ; 340        ; 6A       ; RESERVED_INPUT_WITHOUT_WEAK_PULLUP                                                                                                    ;               ;              ; 3.3V    ; --       ;                 ; no       ; On           ; 69ps          ;
; CJ1      ; 447        ; 6F       ; RESERVED_INPUT_WITHOUT_WEAK_PULLUP                                                                                                    ;               ;              ; 3.3V    ; --       ;                 ; no       ; On           ; 82ps          ;
; CJ2      ; 448        ; 6F       ; RESERVED_INPUT_WITHOUT_WEAK_PULLUP                                                                                                    ;               ;              ; 3.3V    ; --       ;                 ; no       ; On           ; 82ps          ;
; CJ74     ; 38         ; SDM      ; ^VSIGP_1                                                                                                                              ;               ;              ;         ; --       ;                 ; --       ; --           ; 104ps         ;
; CJ75     ; 39         ; SDM      ; ^VSIGN_1                                                                                                                              ;               ;              ;         ; --       ;                 ; --       ; --           ; 108ps         ;
; CK64     ;            ;          ; GND                                                                                                                                   ; gnd           ;              ;         ; --       ;                 ; --       ; --           ; --            ;
; CK67     ; 5          ; SDM      ; ~ALTERA_AS_DATA1~                                                                                                                     ; bidir         ; 1.8-V        ;         ; --       ; N               ; no       ; Off          ; 132ps         ;
; CK69     ; 19         ; SDM      ; SDM_IO10, AVSTx8_DATA7                                                                                                                ;               ;              ;         ; --       ;                 ; --       ; --           ; 143ps         ;
; CK71     ; 26         ; SDM      ; ^TEMPDIODE0Ap                                                                                                                         ;               ;              ;         ; --       ;                 ; --       ; --           ; 101ps         ;
; CK72     ;            ;          ; GND                                                                                                                                   ; gnd           ;              ;         ; --       ;                 ; --       ; --           ; --            ;
; CL23     ;            ;          ; GND                                                                                                                                   ; gnd           ;              ;         ; --       ;                 ; --       ; --           ; --            ;
; CL26     ;            ;          ; GND                                                                                                                                   ; gnd           ;              ;         ; --       ;                 ; --       ; --           ; --            ;
; CL29     ;            ; 6A       ; VCCIO_HVIO_6A                                                                                                                         ; power         ;              ; 3.3V    ; --       ;                 ; --       ; --           ; --            ;
; CL31     ;            ; 2A_T     ; VCCIO_PIO_2A_T                                                                                                                        ; power         ;              ; 1.2V    ; --       ;                 ; --       ; --           ; --            ;
; CL34     ;            ;          ; GND                                                                                                                                   ; gnd           ;              ;         ; --       ;                 ; --       ; --           ; --            ;
; CL37     ;            ; 2A_B     ; VCCIO_PIO_2A_B                                                                                                                        ; power         ;              ; 1.2V    ; --       ;                 ; --       ; --           ; --            ;
; CL40     ;            ; --       ; VCC                                                                                                                                   ; power         ;              ; 0.8V    ; --       ;                 ; --       ; --           ; --            ;
; CL44     ;            ;          ; GND                                                                                                                                   ; gnd           ;              ;         ; --       ;                 ; --       ; --           ; --            ;
; CL46     ;            ; --       ; VCCPLL_SDM                                                                                                                            ; power         ;              ; 1.8V    ; --       ;                 ; --       ; --           ; --            ;
; CL49     ;            ; --       ; VCCPLLDIG_SDM                                                                                                                         ; power         ;              ; 0.8V    ; --       ;                 ; --       ; --           ; --            ;
; CL52     ;            ;          ; GND                                                                                                                                   ; gnd           ;              ;         ; --       ;                 ; --       ; --           ; --            ;
; CL54     ;            ; --       ; VCCPT                                                                                                                                 ; power         ;              ; 1.8V    ; --       ;                 ; --       ; --           ; --            ;
; CL57     ;            ; --       ; VCCPT                                                                                                                                 ; power         ;              ; 1.8V    ; --       ;                 ; --       ; --           ; --            ;
; CL60     ;            ;          ; GND                                                                                                                                   ; gnd           ;              ;         ; --       ;                 ; --       ; --           ; --            ;
; CM1      ; 445        ; 6F       ; RESERVED_INPUT_WITHOUT_WEAK_PULLUP                                                                                                    ;               ;              ; 3.3V    ; --       ;                 ; no       ; On           ; 87ps          ;
; CM2      ;            ;          ; GND                                                                                                                                   ; gnd           ;              ;         ; --       ;                 ; --       ; --           ; --            ;
; CM74     ;            ;          ; GND                                                                                                                                   ; gnd           ;              ;         ; --       ;                 ; --       ; --           ; --            ;
; CM75     ;            ;          ; NC                                                                                                                                    ;               ;              ;         ; --       ;                 ; --       ; --           ; --            ;
; CN64     ; 9          ; SDM      ; ~ALTERA_AS_DATA0~                                                                                                                     ; bidir         ; 1.8-V        ;         ; --       ; N               ; no       ; Off          ; 77ps          ;
; CN67     ; 11         ; SDM      ; ~ALTERA_AS_nCSO2,ALTERA_MSEL1~                                                                                                        ; output, input ; 1.8-V        ;         ; --       ; N               ; no       ; Off          ; 148ps         ;
; CN69     ;            ;          ; GND                                                                                                                                   ; gnd           ;              ;         ; --       ;                 ; --       ; --           ; --            ;
; CN71     ; 17         ; SDM      ; ~ALTERA_AS_nCSO1,ALTERA_MSEL2~                                                                                                        ; output, input ; 1.8-V        ;         ; --       ; N               ; no       ; Off          ; 111ps         ;
; CN72     ; 25         ; SDM      ; ^TEMPDIODE0An                                                                                                                         ;               ;              ;         ; --       ;                 ; --       ; --           ; 99ps          ;
; CP1      ; 443        ; 6F       ; RESERVED_INPUT_WITHOUT_WEAK_PULLUP                                                                                                    ;               ;              ; 3.3V    ; --       ;                 ; no       ; On           ; 86ps          ;
; CP2      ; 444        ; 6F       ; RESERVED_INPUT_WITHOUT_WEAK_PULLUP                                                                                                    ;               ;              ; 3.3V    ; --       ;                 ; no       ; On           ; 86ps          ;
; CP74     ;            ;          ; DNU                                                                                                                                   ;               ;              ;         ; --       ;                 ; --       ; --           ; --            ;
; CP75     ;            ;          ; DNU                                                                                                                                   ;               ;              ;         ; --       ;                 ; --       ; --           ; --            ;
; CR4      ;            ;          ; GND                                                                                                                                   ; gnd           ;              ;         ; --       ;                 ; --       ; --           ; --            ;
; CR6      ; 359        ; 6B       ; RESERVED_INPUT_WITHOUT_WEAK_PULLUP                                                                                                    ;               ;              ; 3.3V    ; --       ;                 ; no       ; On           ; 98ps          ;
; CR8      ; 360        ; 6B       ; RESERVED_INPUT_WITHOUT_WEAK_PULLUP                                                                                                    ;               ;              ; 3.3V    ; --       ;                 ; no       ; On           ; 98ps          ;
; CR11     ; 344        ; 6A       ; RESERVED_INPUT_WITHOUT_WEAK_PULLUP                                                                                                    ;               ;              ; 3.3V    ; --       ;                 ; no       ; On           ; 66ps          ;
; CR14     ; 342        ; 6A       ; RESERVED_INPUT_WITHOUT_WEAK_PULLUP                                                                                                    ;               ;              ; 3.3V    ; --       ;                 ; no       ; On           ; 66ps          ;
; CR16     ;            ;          ; GND                                                                                                                                   ; gnd           ;              ;         ; --       ;                 ; --       ; --           ; --            ;
; CR19     ; 333        ; 6A       ; RESERVED_INPUT_WITHOUT_WEAK_PULLUP                                                                                                    ;               ;              ; 3.3V    ; --       ;                 ; no       ; On           ; 76ps          ;
; CT23     ;            ;          ; DNU                                                                                                                                   ;               ;              ;         ; --       ;                 ; --       ; --           ; --            ;
; CT26     ;            ; 6B       ; VCCIO_HVIO_6B                                                                                                                         ; power         ;              ; 3.3V    ; --       ;                 ; --       ; --           ; --            ;
; CT29     ;            ; 6A       ; VCCIO_HVIO_6A                                                                                                                         ; power         ;              ; 3.3V    ; --       ;                 ; --       ; --           ; --            ;
; CT31     ;            ;          ; GND                                                                                                                                   ; gnd           ;              ;         ; --       ;                 ; --       ; --           ; --            ;
; CT34     ;            ;          ; DNU                                                                                                                                   ;               ;              ;         ; --       ;                 ; --       ; --           ; --            ;
; CT37     ;            ; 2A_B     ; VCCIO_PIO_2A_B                                                                                                                        ; power         ;              ; 1.2V    ; --       ;                 ; --       ; --           ; --            ;
; CT40     ;            ;          ; GND                                                                                                                                   ; gnd           ;              ;         ; --       ;                 ; --       ; --           ; --            ;
; CT44     ;            ; --       ; VCC                                                                                                                                   ; power         ;              ; 0.8V    ; --       ;                 ; --       ; --           ; --            ;
; CT46     ;            ;          ; NC                                                                                                                                    ;               ;              ;         ; --       ;                 ; --       ; --           ; --            ;
; CT49     ;            ;          ; GND                                                                                                                                   ; gnd           ;              ;         ; --       ;                 ; --       ; --           ; --            ;
; CT52     ;            ;          ; DNU                                                                                                                                   ;               ;              ;         ; --       ;                 ; --       ; --           ; --            ;
; CT54     ;            ; --       ; VCC_IO_SDM                                                                                                                            ; power         ;              ; 0.8V    ; --       ;                 ; --       ; --           ; --            ;
; CT57     ;            ;          ; GND                                                                                                                                   ; gnd           ;              ;         ; --       ;                 ; --       ; --           ; --            ;
; CT60     ;            ; --       ; VCCPT_HVIO                                                                                                                            ; power         ;              ; 1.8V    ; --       ;                 ; --       ; --           ; --            ;
; CU1      ;            ;          ; GND                                                                                                                                   ; gnd           ;              ;         ; --       ;                 ; --       ; --           ; --            ;
; CU2      ; 441        ; 6F       ; RESERVED_INPUT_WITHOUT_WEAK_PULLUP                                                                                                    ;               ;              ; 3.3V    ; --       ;                 ; no       ; On           ; 90ps          ;
; CU74     ;            ;          ; GND                                                                                                                                   ; gnd           ;              ;         ; --       ;                 ; --       ; --           ; --            ;
; CU75     ;            ;          ; GND                                                                                                                                   ; gnd           ;              ;         ; --       ;                 ; --       ; --           ; --            ;
; CV4      ; 356        ; 6B       ; RESERVED_INPUT_WITHOUT_WEAK_PULLUP                                                                                                    ;               ;              ; 3.3V    ; --       ;                 ; no       ; On           ; 81ps          ;
; CV6      ; 355        ; 6B       ; RESERVED_INPUT_WITHOUT_WEAK_PULLUP                                                                                                    ;               ;              ; 3.3V    ; --       ;                 ; no       ; On           ; 84ps          ;
; CV8      ;            ;          ; GND                                                                                                                                   ; gnd           ;              ;         ; --       ;                 ; --       ; --           ; --            ;
; CV11     ; 341        ; 6A       ; RESERVED_INPUT_WITHOUT_WEAK_PULLUP                                                                                                    ;               ;              ; 3.3V    ; --       ;                 ; no       ; On           ; 71ps          ;
; CV14     ; 336        ; 6A       ; RESERVED_INPUT_WITHOUT_WEAK_PULLUP                                                                                                    ;               ;              ; 3.3V    ; --       ;                 ; no       ; On           ; 90ps          ;
; CV16     ; 334        ; 6A       ; RESERVED_INPUT_WITHOUT_WEAK_PULLUP                                                                                                    ;               ;              ; 3.3V    ; --       ;                 ; no       ; On           ; 90ps          ;
; CV19     ; 335        ; 6A       ; RESERVED_INPUT_WITHOUT_WEAK_PULLUP                                                                                                    ;               ;              ; 3.3V    ; --       ;                 ; no       ; On           ; 79ps          ;
; CW23     ;            ;          ; DNU                                                                                                                                   ;               ;              ;         ; --       ;                 ; --       ; --           ; --            ;
; CW26     ;            ; 6B       ; VCCIO_HVIO_6B                                                                                                                         ; power         ;              ; 3.3V    ; --       ;                 ; --       ; --           ; --            ;
; CW29     ;            ;          ; GND                                                                                                                                   ; gnd           ;              ;         ; --       ;                 ; --       ; --           ; --            ;
; CW31     ;            ; --       ; VCCPT_HVIO                                                                                                                            ; power         ;              ; 1.8V    ; --       ;                 ; --       ; --           ; --            ;
; CW34     ;            ; --       ; VCCPT_HVIO                                                                                                                            ; power         ;              ; 1.8V    ; --       ;                 ; --       ; --           ; --            ;
; CW37     ;            ;          ; GND                                                                                                                                   ; gnd           ;              ;         ; --       ;                 ; --       ; --           ; --            ;
; CW40     ;            ; --       ; VCC                                                                                                                                   ; power         ;              ; 0.8V    ; --       ;                 ; --       ; --           ; --            ;
; CW44     ;            ; --       ; VCC                                                                                                                                   ; power         ;              ; 0.8V    ; --       ;                 ; --       ; --           ; --            ;
; CW46     ;            ;          ; GND                                                                                                                                   ; gnd           ;              ;         ; --       ;                 ; --       ; --           ; --            ;
; CW49     ;            ; --       ; VCCIO_SDM                                                                                                                             ; power         ;              ; 1.8V    ; --       ;                 ; --       ; --           ; --            ;
; CW52     ;            ; --       ; VCCL_ADC_SDM                                                                                                                          ; power         ;              ; 0.8V    ; --       ;                 ; --       ; --           ; --            ;
; CW54     ;            ;          ; GND                                                                                                                                   ; gnd           ;              ;         ; --       ;                 ; --       ; --           ; --            ;
; CW57     ;            ; --       ; VCCIO_PIO_SDM                                                                                                                         ; power         ;              ; 1.2V    ; --       ;                 ; --       ; --           ; --            ;
; CW60     ;            ; --       ; VCCPT_HVIO                                                                                                                            ; power         ;              ; 1.8V    ; --       ;                 ; --       ; --           ; --            ;
; CY64     ;            ;          ; GND                                                                                                                                   ; gnd           ;              ;         ; --       ;                 ; --       ; --           ; --            ;
; CY67     ; 1          ; SDM      ; #TMS                                                                                                                                  ; input         ;              ;         ; --       ;                 ; --       ; --           ; 147ps         ;
; CY69     ; 10         ; SDM      ; ~ALTERA_AS_CLK~                                                                                                                       ; output        ; 1.8-V        ;         ; --       ; N               ; no       ; Off          ; 147ps         ;
; CY71     ; 22         ; SDM      ; ~ALTERA_AS_nRST~                                                                                                                      ; output        ; 1.8-V        ;         ; --       ; N               ; no       ; Off          ; 96ps          ;
; CY72     ;            ;          ; GND                                                                                                                                   ; gnd           ;              ;         ; --       ;                 ; --       ; --           ; --            ;
; D71      ; 87         ; HPS      ; HPS_IOB_24, GPIO1_IO23, SPIM0_SS0_N, SPIS1_MISO, MDIO0_MDC, I2C_EMAC0_SCL, NAND_ADQ15, EMAC2_RXD3, TRACE_D3                           ;               ;              ;         ; --       ;                 ; --       ; --           ; 135ps         ;
; D72      ;            ;          ; GND                                                                                                                                   ; gnd           ;              ;         ; --       ;                 ; --       ; --           ; --            ;
; DA1      ; 439        ; 6F       ; RESERVED_INPUT_WITHOUT_WEAK_PULLUP                                                                                                    ;               ;              ; 3.3V    ; --       ;                 ; no       ; On           ; 93ps          ;
; DA2      ; 440        ; 6F       ; RESERVED_INPUT_WITHOUT_WEAK_PULLUP                                                                                                    ;               ;              ; 3.3V    ; --       ;                 ; no       ; On           ; 93ps          ;
; DA74     ; 14         ; SDM      ; SDM_IO16, PWRMGT_SDA                                                                                                                  ;               ;              ;         ; --       ;                 ; --       ; --           ; 104ps         ;
; DA75     ; 16         ; SDM      ; SDM_IO13, AVSTx8_DATA5                                                                                                                ;               ;              ;         ; --       ;                 ; --       ; --           ; 106ps         ;
; DB71     ; 20         ; SDM      ; ~ALTERA_AS_nCSO3~                                                                                                                     ; output        ; 1.8-V        ;         ; --       ; N               ; no       ; Off          ; 108ps         ;
; DB72     ; 4          ; SDM      ; ^OSC_CLK_1                                                                                                                            ;               ;              ;         ; --       ;                 ; --       ; --           ; 111ps         ;
; DC1      ; 350        ; 6B       ; RESERVED_INPUT_WITHOUT_WEAK_PULLUP                                                                                                    ;               ;              ; 3.3V    ; --       ;                 ; no       ; On           ; 92ps          ;
; DC2      ; 349        ; 6B       ; RESERVED_INPUT_WITHOUT_WEAK_PULLUP                                                                                                    ;               ;              ; 3.3V    ; --       ;                 ; no       ; On           ; 88ps          ;
; DC74     ; 7          ; SDM      ; ~ALTERA_AS_DATA2~                                                                                                                     ; bidir         ; 1.8-V        ;         ; --       ; N               ; no       ; Off          ; 108ps         ;
; DC75     ; 18         ; SDM      ; ~ALTERA_AS_DATA3~                                                                                                                     ; bidir         ; 1.8-V        ;         ; --       ; N               ; no       ; Off          ; 111ps         ;
; DD3      ; 362        ; 6B       ; RESERVED_INPUT_WITHOUT_WEAK_PULLUP                                                                                                    ;               ;              ; 3.3V    ; --       ;                 ; no       ; On           ; 92ps          ;
; DD9      ; 92         ; 2A_T     ; RESERVED_INPUT_WITHOUT_WEAK_PULLUP                                                                                                    ;               ;              ; 1.2V    ; --       ;                 ; no       ; On           ; 100ps         ;
; DD12     ; 93         ; 2A_T     ; RESERVED_INPUT_WITHOUT_WEAK_PULLUP                                                                                                    ;               ;              ; 1.2V    ; --       ;                 ; no       ; On           ; 99ps          ;
; DD18     ; 98         ; 2A_T     ; RESERVED_INPUT_WITHOUT_WEAK_PULLUP                                                                                                    ;               ;              ; 1.2V    ; --       ;                 ; no       ; On           ; 85ps          ;
; DD21     ; 99         ; 2A_T     ; RESERVED_INPUT_WITHOUT_WEAK_PULLUP                                                                                                    ;               ;              ; 1.2V    ; --       ;                 ; no       ; On           ; 84ps          ;
; DD24     ; 116        ; 2A_T     ; RESERVED_INPUT_WITHOUT_WEAK_PULLUP                                                                                                    ;               ;              ; 1.2V    ; --       ;                 ; no       ; On           ; 81ps          ;
; DD27     ; 117        ; 2A_T     ; RESERVED_INPUT_WITHOUT_WEAK_PULLUP                                                                                                    ;               ;              ; 1.2V    ; --       ;                 ; no       ; On           ; 81ps          ;
; DD32     ; 122        ; 2A_T     ; RESERVED_INPUT_WITHOUT_WEAK_PULLUP                                                                                                    ;               ;              ; 1.2V    ; --       ;                 ; no       ; On           ; 89ps          ;
; DD35     ; 123        ; 2A_T     ; RESERVED_INPUT_WITHOUT_WEAK_PULLUP                                                                                                    ;               ;              ; 1.2V    ; --       ;                 ; no       ; On           ; 90ps          ;
; DD39     ; 152        ; 2A_B     ; RESERVED_INPUT_WITHOUT_WEAK_PULLUP                                                                                                    ;               ;              ; 1.2V    ; --       ;                 ; no       ; On           ; 80ps          ;
; DD42     ; 153        ; 2A_B     ; RESERVED_INPUT_WITHOUT_WEAK_PULLUP                                                                                                    ;               ;              ; 1.2V    ; --       ;                 ; no       ; On           ; 79ps          ;
; DD48     ; 158        ; 2A_B     ; RESERVED_INPUT_WITHOUT_WEAK_PULLUP                                                                                                    ;               ;              ; 1.2V    ; --       ;                 ; no       ; On           ; 103ps         ;
; DD51     ; 159        ; 2A_B     ; RESERVED_INPUT_WITHOUT_WEAK_PULLUP                                                                                                    ;               ;              ; 1.2V    ; --       ;                 ; no       ; On           ; 104ps         ;
; DD56     ; 176        ; 2A_B     ; RESERVED_INPUT_WITHOUT_WEAK_PULLUP                                                                                                    ;               ;              ; 1.2V    ; --       ;                 ; no       ; On           ; 105ps         ;
; DD59     ; 177        ; 2A_B     ; RESERVED_INPUT_WITHOUT_WEAK_PULLUP                                                                                                    ;               ;              ; 1.2V    ; --       ;                 ; no       ; On           ; 104ps         ;
; DD62     ; 182        ; 2A_B     ; RESERVED_INPUT_WITHOUT_WEAK_PULLUP                                                                                                    ;               ;              ; 1.2V    ; --       ;                 ; no       ; On           ; 126ps         ;
; DD65     ; 183        ; 2A_B     ; RESERVED_INPUT_WITHOUT_WEAK_PULLUP                                                                                                    ;               ;              ; 1.2V    ; --       ;                 ; no       ; On           ; 126ps         ;
; DE1      ; 351        ; 6B       ; RESERVED_INPUT_WITHOUT_WEAK_PULLUP                                                                                                    ;               ;              ; 3.3V    ; --       ;                 ; no       ; On           ; 96ps          ;
; DE2      ;            ;          ; GND                                                                                                                                   ; gnd           ;              ;         ; --       ;                 ; --       ; --           ; --            ;
; DE74     ;            ;          ; GND                                                                                                                                   ; gnd           ;              ;         ; --       ;                 ; --       ; --           ; --            ;
; DE75     ;            ;          ; NC                                                                                                                                    ;               ;              ;         ; --       ;                 ; --       ; --           ; --            ;
; DF3      ; 364        ; 6B       ; RESERVED_INPUT_WITHOUT_WEAK_PULLUP                                                                                                    ;               ;              ; 3.3V    ; --       ;                 ; no       ; On           ; 89ps          ;
; DF9      ;            ;          ; GND                                                                                                                                   ; gnd           ;              ;         ; --       ;                 ; --       ; --           ; --            ;
; DF12     ; 94         ; 2A_T     ; RESERVED_INPUT_WITHOUT_WEAK_PULLUP                                                                                                    ;               ;              ; 1.2V    ; --       ;                 ; no       ; On           ; 92ps          ;
; DF18     ;            ;          ; GND                                                                                                                                   ; gnd           ;              ;         ; --       ;                 ; --       ; --           ; --            ;
; DF21     ; 100        ; 2A_T     ; RESERVED_INPUT_WITHOUT_WEAK_PULLUP                                                                                                    ;               ;              ; 1.2V    ; --       ;                 ; no       ; On           ; 96ps          ;
; DF24     ;            ;          ; GND                                                                                                                                   ; gnd           ;              ;         ; --       ;                 ; --       ; --           ; --            ;
; DF27     ; 118        ; 2A_T     ; RESERVED_INPUT_WITHOUT_WEAK_PULLUP                                                                                                    ;               ;              ; 1.2V    ; --       ;                 ; no       ; On           ; 83ps          ;
; DF32     ;            ;          ; GND                                                                                                                                   ; gnd           ;              ;         ; --       ;                 ; --       ; --           ; --            ;
; DF35     ; 124        ; 2A_T     ; RESERVED_INPUT_WITHOUT_WEAK_PULLUP                                                                                                    ;               ;              ; 1.2V    ; --       ;                 ; no       ; On           ; 88ps          ;
; DF39     ;            ;          ; GND                                                                                                                                   ; gnd           ;              ;         ; --       ;                 ; --       ; --           ; --            ;
; DF42     ; 154        ; 2A_B     ; RESERVED_INPUT_WITHOUT_WEAK_PULLUP                                                                                                    ;               ;              ; 1.2V    ; --       ;                 ; no       ; On           ; 83ps          ;
; DF48     ;            ;          ; GND                                                                                                                                   ; gnd           ;              ;         ; --       ;                 ; --       ; --           ; --            ;
; DF51     ; 160        ; 2A_B     ; RESERVED_INPUT_WITHOUT_WEAK_PULLUP                                                                                                    ;               ;              ; 1.2V    ; --       ;                 ; no       ; On           ; 81ps          ;
; DF56     ;            ;          ; GND                                                                                                                                   ; gnd           ;              ;         ; --       ;                 ; --       ; --           ; --            ;
; DF59     ; 178        ; 2A_B     ; RESERVED_INPUT_WITHOUT_WEAK_PULLUP                                                                                                    ;               ;              ; 1.2V    ; --       ;                 ; no       ; On           ; 94ps          ;
; DF62     ;            ;          ; GND                                                                                                                                   ; gnd           ;              ;         ; --       ;                 ; --       ; --           ; --            ;
; DF65     ; 184        ; 2A_B     ; RESERVED_INPUT_WITHOUT_WEAK_PULLUP                                                                                                    ;               ;              ; 1.2V    ; --       ;                 ; no       ; On           ; 123ps         ;
; DG71     ; 12         ; SDM      ; SDM_IO11, AVSTx8_VALID, PWRMGT_SDA                                                                                                    ;               ;              ;         ; --       ;                 ; --       ; --           ; 98ps          ;
; DG72     ;            ;          ; GND                                                                                                                                   ; gnd           ;              ;         ; --       ;                 ; --       ; --           ; --            ;
; DH1      ; 354        ; 6B       ; RESERVED_INPUT_WITHOUT_WEAK_PULLUP                                                                                                    ;               ;              ; 3.3V    ; --       ;                 ; no       ; On           ; 99ps          ;
; DH2      ; 353        ; 6B       ; RESERVED_INPUT_WITHOUT_WEAK_PULLUP                                                                                                    ;               ;              ; 3.3V    ; --       ;                 ; no       ; On           ; 96ps          ;
; DH74     ;            ;          ; NC                                                                                                                                    ;               ;              ;         ; --       ;                 ; --       ; --           ; --            ;
; DH75     ; 24         ; SDM      ; ^RREF_SDM                                                                                                                             ;               ;              ;         ; --       ;                 ; --       ; --           ; 143ps         ;
; DJ3      ; 368        ; 6B       ; RESERVED_INPUT_WITHOUT_WEAK_PULLUP                                                                                                    ;               ;              ; 3.3V    ; --       ;                 ; no       ; On           ; 91ps          ;
; DJ9      ; 90         ; 2A_T     ; RESERVED_INPUT_WITHOUT_WEAK_PULLUP                                                                                                    ;               ;              ; 1.2V    ; --       ;                 ; no       ; On           ; 89ps          ;
; DJ12     ; 95         ; 2A_T     ; RESERVED_INPUT_WITHOUT_WEAK_PULLUP                                                                                                    ;               ;              ; 1.2V    ; --       ;                 ; no       ; On           ; 94ps          ;
; DJ18     ; 96         ; 2A_T     ; RESERVED_INPUT_WITHOUT_WEAK_PULLUP                                                                                                    ;               ;              ; 1.2V    ; --       ;                 ; no       ; On           ; 80ps          ;
; DJ21     ; 101        ; 2A_T     ; RESERVED_INPUT_WITHOUT_WEAK_PULLUP                                                                                                    ;               ;              ; 1.2V    ; --       ;                 ; no       ; On           ; 96ps          ;
; DJ24     ; 114        ; 2A_T     ; RESERVED_INPUT_WITHOUT_WEAK_PULLUP                                                                                                    ;               ;              ; 1.2V    ; --       ;                 ; no       ; On           ; 74ps          ;
; DJ27     ; 119        ; 2A_T     ; RESERVED_INPUT_WITHOUT_WEAK_PULLUP                                                                                                    ;               ;              ; 1.2V    ; --       ;                 ; no       ; On           ; 83ps          ;
; DJ32     ; 120        ; 2A_T     ; RESERVED_INPUT_WITHOUT_WEAK_PULLUP                                                                                                    ;               ;              ; 1.2V    ; --       ;                 ; no       ; On           ; 68ps          ;
; DJ35     ; 125        ; 2A_T     ; RESERVED_INPUT_WITHOUT_WEAK_PULLUP                                                                                                    ;               ;              ; 1.2V    ; --       ;                 ; no       ; On           ; 89ps          ;
; DJ39     ; 150        ; 2A_B     ; RESERVED_INPUT_WITHOUT_WEAK_PULLUP                                                                                                    ;               ;              ; 1.2V    ; --       ;                 ; no       ; On           ; 64ps          ;
; DJ42     ; 155        ; 2A_B     ; RESERVED_INPUT_WITHOUT_WEAK_PULLUP                                                                                                    ;               ;              ; 1.2V    ; --       ;                 ; no       ; On           ; 84ps          ;
; DJ48     ; 156        ; 2A_B     ; RESERVED_INPUT_WITHOUT_WEAK_PULLUP                                                                                                    ;               ;              ; 1.2V    ; --       ;                 ; no       ; On           ; 81ps          ;
; DJ51     ; 161        ; 2A_B     ; RESERVED_INPUT_WITHOUT_WEAK_PULLUP                                                                                                    ;               ;              ; 1.2V    ; --       ;                 ; no       ; On           ; 83ps          ;
; DJ56     ; 174        ; 2A_B     ; RESERVED_INPUT_WITHOUT_WEAK_PULLUP                                                                                                    ;               ;              ; 1.2V    ; --       ;                 ; no       ; On           ; 78ps          ;
; DJ59     ; 179        ; 2A_B     ; RESERVED_INPUT_WITHOUT_WEAK_PULLUP                                                                                                    ;               ;              ; 1.2V    ; --       ;                 ; no       ; On           ; 95ps          ;
; DJ62     ; 180        ; 2A_B     ; RESERVED_INPUT_WITHOUT_WEAK_PULLUP                                                                                                    ;               ;              ; 1.2V    ; --       ;                 ; no       ; On           ; 107ps         ;
; DJ65     ; 185        ; 2A_B     ; RESERVED_INPUT_WITHOUT_WEAK_PULLUP                                                                                                    ;               ;              ; 1.2V    ; --       ;                 ; no       ; On           ; 123ps         ;
; DK3      ;            ;          ; GND                                                                                                                                   ; gnd           ;              ;         ; --       ;                 ; --       ; --           ; --            ;
; DK9      ; 91         ; 2A_T     ; RESERVED_INPUT_WITHOUT_WEAK_PULLUP                                                                                                    ;               ;              ; 1.2V    ; --       ;                 ; no       ; On           ; 89ps          ;
; DK12     ;            ;          ; GND                                                                                                                                   ; gnd           ;              ;         ; --       ;                 ; --       ; --           ; --            ;
; DK18     ; 97         ; 2A_T     ; RESERVED_INPUT_WITHOUT_WEAK_PULLUP                                                                                                    ;               ;              ; 1.2V    ; --       ;                 ; no       ; On           ; 82ps          ;
; DK21     ;            ;          ; GND                                                                                                                                   ; gnd           ;              ;         ; --       ;                 ; --       ; --           ; --            ;
; DK24     ; 115        ; 2A_T     ; RESERVED_INPUT_WITHOUT_WEAK_PULLUP                                                                                                    ;               ;              ; 1.2V    ; --       ;                 ; no       ; On           ; 75ps          ;
; DK27     ;            ;          ; GND                                                                                                                                   ; gnd           ;              ;         ; --       ;                 ; --       ; --           ; --            ;
; DK32     ; 121        ; 2A_T     ; RESERVED_INPUT_WITHOUT_WEAK_PULLUP                                                                                                    ;               ;              ; 1.2V    ; --       ;                 ; no       ; On           ; 69ps          ;
; DK35     ;            ;          ; GND                                                                                                                                   ; gnd           ;              ;         ; --       ;                 ; --       ; --           ; --            ;
; DK39     ; 151        ; 2A_B     ; RESERVED_INPUT_WITHOUT_WEAK_PULLUP                                                                                                    ;               ;              ; 1.2V    ; --       ;                 ; no       ; On           ; 65ps          ;
; DK42     ;            ;          ; GND                                                                                                                                   ; gnd           ;              ;         ; --       ;                 ; --       ; --           ; --            ;
; DK48     ; 157        ; 2A_B     ; RESERVED_INPUT_WITHOUT_WEAK_PULLUP                                                                                                    ;               ;              ; 1.2V    ; --       ;                 ; no       ; On           ; 82ps          ;
; DK51     ;            ;          ; GND                                                                                                                                   ; gnd           ;              ;         ; --       ;                 ; --       ; --           ; --            ;
; DK56     ; 175        ; 2A_B     ; RESERVED_INPUT_WITHOUT_WEAK_PULLUP                                                                                                    ;               ;              ; 1.2V    ; --       ;                 ; no       ; On           ; 79ps          ;
; DK59     ;            ;          ; GND                                                                                                                                   ; gnd           ;              ;         ; --       ;                 ; --       ; --           ; --            ;
; DK62     ; 181        ; 2A_B     ; RESERVED_INPUT_WITHOUT_WEAK_PULLUP                                                                                                    ;               ;              ; 1.2V    ; --       ;                 ; no       ; On           ; 107ps         ;
; DK65     ;            ;          ; GND                                                                                                                                   ; gnd           ;              ;         ; --       ;                 ; --       ; --           ; --            ;
; DL71     ;            ;          ; NC                                                                                                                                    ;               ;              ;         ; --       ;                 ; --       ; --           ; --            ;
; DL72     ;            ;          ; GND                                                                                                                                   ; gnd           ;              ;         ; --       ;                 ; --       ; --           ; --            ;
; DM1      ;            ;          ; GND                                                                                                                                   ; gnd           ;              ;         ; --       ;                 ; --       ; --           ; --            ;
; DM2      ; 357        ; 6B       ; RESERVED_INPUT_WITHOUT_WEAK_PULLUP                                                                                                    ;               ;              ; 3.3V    ; --       ;                 ; no       ; On           ; 97ps          ;
; DM74     ;            ;          ; GND                                                                                                                                   ; gnd           ;              ;         ; --       ;                 ; --       ; --           ; --            ;
; DM75     ;            ;          ; GND                                                                                                                                   ; gnd           ;              ;         ; --       ;                 ; --       ; --           ; --            ;
; DN1      ;            ;          ; GND                                                                                                                                   ; gnd           ;              ;         ; --       ;                 ; --       ; --           ; --            ;
; DN2      ; 365        ; 6B       ; RESERVED_INPUT_WITHOUT_WEAK_PULLUP                                                                                                    ;               ;              ; 3.3V    ; --       ;                 ; no       ; On           ; 105ps         ;
; DN3      ; 103        ; 2A_T     ; RESERVED_INPUT_WITHOUT_WEAK_PULLUP                                                                                                    ;               ;              ; 1.2V    ; --       ;                 ; no       ; On           ; 107ps         ;
; DN7      ; 102        ; 2A_T     ; RESERVED_INPUT_WITHOUT_WEAK_PULLUP                                                                                                    ;               ;              ; 1.2V    ; --       ;                 ; no       ; On           ; 107ps         ;
; DN10     ; 104        ; 2A_T     ; RESERVED_INPUT_WITHOUT_WEAK_PULLUP                                                                                                    ;               ;              ; 1.2V    ; --       ;                 ; no       ; On           ; 97ps          ;
; DN13     ;            ;          ; GND                                                                                                                                   ; gnd           ;              ;         ; --       ;                 ; --       ; --           ; --            ;
; DN15     ; 108        ; 2A_T     ; RESERVED_INPUT_WITHOUT_WEAK_PULLUP                                                                                                    ;               ;              ; 1.2V    ; --       ;                 ; no       ; On           ; 95ps          ;
; DN17     ; 112        ; 2A_T     ; RESERVED_INPUT_WITHOUT_WEAK_PULLUP                                                                                                    ;               ;              ; 1.2V    ; --       ;                 ; no       ; On           ; 88ps          ;
; DN20     ; 110        ; 2A_T     ; RESERVED_INPUT_WITHOUT_WEAK_PULLUP                                                                                                    ;               ;              ; 1.2V    ; --       ;                 ; no       ; On           ; 86ps          ;
; DN22     ; 126        ; 2A_T     ; RESERVED_INPUT_WITHOUT_WEAK_PULLUP                                                                                                    ;               ;              ; 1.2V    ; --       ;                 ; no       ; On           ; 85ps          ;
; DN23     ;            ;          ; GND                                                                                                                                   ; gnd           ;              ;         ; --       ;                 ; --       ; --           ; --            ;
; DN25     ; 128        ; 2A_T     ; RESERVED_INPUT_WITHOUT_WEAK_PULLUP                                                                                                    ;               ;              ; 1.2V    ; --       ;                 ; no       ; On           ; 83ps          ;
; DN28     ; 130        ; 2A_T     ; RESERVED_INPUT_WITHOUT_WEAK_PULLUP                                                                                                    ;               ;              ; 1.2V    ; --       ;                 ; no       ; On           ; 79ps          ;
; DN30     ; 132        ; 2A_T     ; RESERVED_INPUT_WITHOUT_WEAK_PULLUP                                                                                                    ;               ;              ; 1.2V    ; --       ;                 ; no       ; On           ; 87ps          ;
; DN33     ; 136        ; 2A_T     ; RESERVED_INPUT_WITHOUT_WEAK_PULLUP                                                                                                    ;               ;              ; 1.2V    ; --       ;                 ; no       ; On           ; 89ps          ;
; DN36     ;            ;          ; GND                                                                                                                                   ; gnd           ;              ;         ; --       ;                 ; --       ; --           ; --            ;
; DN38     ; 134        ; 2A_T     ; RESERVED_INPUT_WITHOUT_WEAK_PULLUP                                                                                                    ;               ;              ; 1.2V    ; --       ;                 ; no       ; On           ; 88ps          ;
; DN41     ; 138        ; 2A_B     ; RESERVED_INPUT_WITHOUT_WEAK_PULLUP                                                                                                    ;               ;              ; 1.2V    ; --       ;                 ; no       ; On           ; 75ps          ;
; DN43     ; 140        ; 2A_B     ; RESERVED_INPUT_WITHOUT_WEAK_PULLUP                                                                                                    ;               ;              ; 1.2V    ; --       ;                 ; no       ; On           ; 77ps          ;
; DN45     ; 142        ; 2A_B     ; RESERVED_INPUT_WITHOUT_WEAK_PULLUP                                                                                                    ;               ;              ; 1.2V    ; --       ;                 ; no       ; On           ; 81ps          ;
; DN47     ;            ;          ; GND                                                                                                                                   ; gnd           ;              ;         ; --       ;                 ; --       ; --           ; --            ;
; DN50     ; 144        ; 2A_B     ; RESERVED_INPUT_WITHOUT_WEAK_PULLUP                                                                                                    ;               ;              ; 1.2V    ; --       ;                 ; no       ; On           ; 87ps          ;
; DN53     ; 148        ; 2A_B     ; RESERVED_INPUT_WITHOUT_WEAK_PULLUP                                                                                                    ;               ;              ; 1.2V    ; --       ;                 ; no       ; On           ; 95ps          ;
; DN55     ; 146        ; 2A_B     ; RESERVED_INPUT_WITHOUT_WEAK_PULLUP                                                                                                    ;               ;              ; 1.2V    ; --       ;                 ; no       ; On           ; 95ps          ;
; DN58     ; 162        ; 2A_B     ; RESERVED_INPUT_WITHOUT_WEAK_PULLUP                                                                                                    ;               ;              ; 1.2V    ; --       ;                 ; no       ; On           ; 88ps          ;
; DN60     ;            ;          ; GND                                                                                                                                   ; gnd           ;              ;         ; --       ;                 ; --       ; --           ; --            ;
; DN61     ; 164        ; 2A_B     ; RESERVED_INPUT_WITHOUT_WEAK_PULLUP                                                                                                    ;               ;              ; 1.2V    ; --       ;                 ; no       ; On           ; 96ps          ;
; DN63     ; 166        ; 2A_B     ; RESERVED_INPUT_WITHOUT_WEAK_PULLUP                                                                                                    ;               ;              ; 1.2V    ; --       ;                 ; no       ; On           ; 99ps          ;
; DN66     ; 168        ; 2A_B     ; RESERVED_INPUT_WITHOUT_WEAK_PULLUP                                                                                                    ;               ;              ; 1.2V    ; --       ;                 ; no       ; On           ; 112ps         ;
; DN68     ; 172        ; 2A_B     ; RESERVED_INPUT_WITHOUT_WEAK_PULLUP                                                                                                    ;               ;              ; 1.2V    ; --       ;                 ; no       ; On           ; 126ps         ;
; DN70     ;            ;          ; GND                                                                                                                                   ; gnd           ;              ;         ; --       ;                 ; --       ; --           ; --            ;
; DN73     ; 171        ; 2A_B     ; RESERVED_INPUT_WITHOUT_WEAK_PULLUP                                                                                                    ;               ;              ; 1.2V    ; --       ;                 ; no       ; On           ; 134ps         ;
; DN74     ; 170        ; 2A_B     ; RESERVED_INPUT_WITHOUT_WEAK_PULLUP                                                                                                    ;               ;              ; 1.2V    ; --       ;                 ; no       ; On           ; 134ps         ;
; DN75     ;            ;          ; GND                                                                                                                                   ; gnd           ;              ;         ; --       ;                 ; --       ; --           ; --            ;
; DP2      ;            ;          ; GND                                                                                                                                   ; gnd           ;              ;         ; --       ;                 ; --       ; --           ; --            ;
; DP3      ;            ;          ; GND                                                                                                                                   ; gnd           ;              ;         ; --       ;                 ; --       ; --           ; --            ;
; DP7      ; 105        ; 2A_T     ; RESERVED_INPUT_WITHOUT_WEAK_PULLUP                                                                                                    ;               ;              ; 1.2V    ; --       ;                 ; no       ; On           ; 98ps          ;
; DP10     ; 107        ; 2A_T     ; RESERVED_INPUT_WITHOUT_WEAK_PULLUP                                                                                                    ;               ;              ; 1.2V    ; --       ;                 ; no       ; On           ; 123ps         ;
; DP13     ; 106        ; 2A_T     ; RESERVED_INPUT_WITHOUT_WEAK_PULLUP                                                                                                    ;               ;              ; 1.2V    ; --       ;                 ; no       ; On           ; 121ps         ;
; DP15     ; 109        ; 2A_T     ; RESERVED_INPUT_WITHOUT_WEAK_PULLUP                                                                                                    ;               ;              ; 1.2V    ; --       ;                 ; no       ; On           ; 96ps          ;
; DP17     ;            ;          ; GND                                                                                                                                   ; gnd           ;              ;         ; --       ;                 ; --       ; --           ; --            ;
; DP20     ; 113        ; 2A_T     ; RESERVED_INPUT_WITHOUT_WEAK_PULLUP                                                                                                    ;               ;              ; 1.2V    ; --       ;                 ; no       ; On           ; 90ps          ;
; DP22     ; 111        ; 2A_T     ; RESERVED_INPUT_WITHOUT_WEAK_PULLUP                                                                                                    ;               ;              ; 1.2V    ; --       ;                 ; no       ; On           ; 87ps          ;
; DP23     ; 127        ; 2A_T     ; RESERVED_INPUT_WITHOUT_WEAK_PULLUP                                                                                                    ;               ;              ; 1.2V    ; --       ;                 ; no       ; On           ; 86ps          ;
; DP25     ; 129        ; 2A_T     ; RESERVED_INPUT_WITHOUT_WEAK_PULLUP                                                                                                    ;               ;              ; 1.2V    ; --       ;                 ; no       ; On           ; 85ps          ;
; DP28     ;            ;          ; GND                                                                                                                                   ; gnd           ;              ;         ; --       ;                 ; --       ; --           ; --            ;
; DP30     ; 131        ; 2A_T     ; RESERVED_INPUT_WITHOUT_WEAK_PULLUP                                                                                                    ;               ;              ; 1.2V    ; --       ;                 ; no       ; On           ; 80ps          ;
; DP33     ; 133        ; 2A_T     ; RESERVED_INPUT_WITHOUT_WEAK_PULLUP                                                                                                    ;               ;              ; 1.2V    ; --       ;                 ; no       ; On           ; 88ps          ;
; DP36     ; 137        ; 2A_T     ; RESERVED_INPUT_WITHOUT_WEAK_PULLUP                                                                                                    ;               ;              ; 1.2V    ; --       ;                 ; no       ; On           ; 89ps          ;
; DP38     ; 135        ; 2A_T     ; RESERVED_INPUT_WITHOUT_WEAK_PULLUP                                                                                                    ;               ;              ; 1.2V    ; --       ;                 ; no       ; On           ; 90ps          ;
; DP41     ;            ;          ; GND                                                                                                                                   ; gnd           ;              ;         ; --       ;                 ; --       ; --           ; --            ;
; DP43     ; 139        ; 2A_B     ; RESERVED_INPUT_WITHOUT_WEAK_PULLUP                                                                                                    ;               ;              ; 1.2V    ; --       ;                 ; no       ; On           ; 74ps          ;
; DP45     ; 141        ; 2A_B     ; RESERVED_INPUT_WITHOUT_WEAK_PULLUP                                                                                                    ;               ;              ; 1.2V    ; --       ;                 ; no       ; On           ; 76ps          ;
; DP47     ; 143        ; 2A_B     ; RESERVED_INPUT_WITHOUT_WEAK_PULLUP                                                                                                    ;               ;              ; 1.2V    ; --       ;                 ; no       ; On           ; 80ps          ;
; DP50     ; 145        ; 2A_B     ; RESERVED_INPUT_WITHOUT_WEAK_PULLUP                                                                                                    ;               ;              ; 1.2V    ; --       ;                 ; no       ; On           ; 88ps          ;
; DP53     ;            ;          ; GND                                                                                                                                   ; gnd           ;              ;         ; --       ;                 ; --       ; --           ; --            ;
; DP55     ; 149        ; 2A_B     ; RESERVED_INPUT_WITHOUT_WEAK_PULLUP                                                                                                    ;               ;              ; 1.2V    ; --       ;                 ; no       ; On           ; 96ps          ;
; DP58     ; 147        ; 2A_B     ; RESERVED_INPUT_WITHOUT_WEAK_PULLUP                                                                                                    ;               ;              ; 1.2V    ; --       ;                 ; no       ; On           ; 95ps          ;
; DP60     ; 163        ; 2A_B     ; RESERVED_INPUT_WITHOUT_WEAK_PULLUP                                                                                                    ;               ;              ; 1.2V    ; --       ;                 ; no       ; On           ; 89ps          ;
; DP61     ; 165        ; 2A_B     ; RESERVED_INPUT_WITHOUT_WEAK_PULLUP                                                                                                    ;               ;              ; 1.2V    ; --       ;                 ; no       ; On           ; 97ps          ;
; DP63     ;            ;          ; GND                                                                                                                                   ; gnd           ;              ;         ; --       ;                 ; --       ; --           ; --            ;
; DP66     ; 167        ; 2A_B     ; RESERVED_INPUT_WITHOUT_WEAK_PULLUP                                                                                                    ;               ;              ; 1.2V    ; --       ;                 ; no       ; On           ; 101ps         ;
; DP68     ; 169        ; 2A_B     ; RESERVED_INPUT_WITHOUT_WEAK_PULLUP                                                                                                    ;               ;              ; 1.2V    ; --       ;                 ; no       ; On           ; 113ps         ;
; DP70     ; 173        ; 2A_B     ; RESERVED_INPUT_WITHOUT_WEAK_PULLUP                                                                                                    ;               ;              ; 1.2V    ; --       ;                 ; no       ; On           ; 125ps         ;
; DP73     ;            ;          ; GND                                                                                                                                   ; gnd           ;              ;         ; --       ;                 ; --       ; --           ; --            ;
; DP74     ;            ;          ; GND                                                                                                                                   ; gnd           ;              ;         ; --       ;                 ; --       ; --           ; --            ;
; E24      ; 199        ; 3A_T     ; RESERVED_INPUT_WITHOUT_WEAK_PULLUP                                                                                                    ;               ;              ; 1.2V    ; --       ;                 ; no       ; On           ; 85ps          ;
; E27      ;            ;          ; GND                                                                                                                                   ; gnd           ;              ;         ; --       ;                 ; --       ; --           ; --            ;
; E32      ; 205        ; 3A_T     ; RESERVED_INPUT_WITHOUT_WEAK_PULLUP                                                                                                    ;               ;              ; 1.2V    ; --       ;                 ; no       ; On           ; 81ps          ;
; E35      ;            ;          ; GND                                                                                                                                   ; gnd           ;              ;         ; --       ;                 ; --       ; --           ; --            ;
; E39      ; 235        ; 3A_B     ; RESERVED_INPUT_WITHOUT_WEAK_PULLUP                                                                                                    ;               ;              ; 1.2V    ; --       ;                 ; no       ; On           ; 82ps          ;
; E42      ;            ;          ; GND                                                                                                                                   ; gnd           ;              ;         ; --       ;                 ; --       ; --           ; --            ;
; E48      ; 241        ; 3A_B     ; RESERVED_INPUT_WITHOUT_WEAK_PULLUP                                                                                                    ;               ;              ; 1.2V    ; --       ;                 ; no       ; On           ; 92ps          ;
; E51      ;            ;          ; GND                                                                                                                                   ; gnd           ;              ;         ; --       ;                 ; --       ; --           ; --            ;
; E56      ; 271        ; 3A_B     ; RESERVED_INPUT_WITHOUT_WEAK_PULLUP                                                                                                    ;               ;              ; 1.2V    ; --       ;                 ; no       ; On           ; 107ps         ;
; E59      ;            ;          ; GND                                                                                                                                   ; gnd           ;              ;         ; --       ;                 ; --       ; --           ; --            ;
; E62      ; 277        ; 3A_B     ; RESERVED_INPUT_WITHOUT_WEAK_PULLUP                                                                                                    ;               ;              ; 1.2V    ; --       ;                 ; no       ; On           ; 111ps         ;
; E65      ;            ;          ; GND                                                                                                                                   ; gnd           ;              ;         ; --       ;                 ; --       ; --           ; --            ;
; F1       ;            ;          ; GND                                                                                                                                   ; gnd           ;              ;         ; --       ;                 ; --       ; --           ; --            ;
; F2       ; 400        ; 6D       ; RESERVED_INPUT_WITHOUT_WEAK_PULLUP                                                                                                    ;               ;              ; 3.3V    ; --       ;                 ; no       ; On           ; 107ps         ;
; F74      ; 84         ; HPS      ; HPS_IOB_21, GPIO1_IO20, SPIM0_CLK, SPIS1_CLK, I2C_EMAC2_SDA, NAND_ADQ12, I3C0_SDA_PULLUP_EN, EMAC2_TXD2, TRACE_D0                     ;               ;              ;         ; --       ;                 ; --       ; --           ; 145ps         ;
; F75      ; 80         ; HPS      ; HPS_IOB_17, GPIO1_IO16, UART1_CTS_N, NAND_ADQ8, I3C0_SDA, EMAC2_TXD0, TRACE_D6                                                        ;               ;              ;         ; --       ;                 ; --       ; --           ; 138ps         ;
; G24      ; 200        ; 3A_T     ; RESERVED_INPUT_WITHOUT_WEAK_PULLUP                                                                                                    ;               ;              ; 1.2V    ; --       ;                 ; no       ; On           ; 85ps          ;
; G27      ; 203        ; 3A_T     ; RESERVED_INPUT_WITHOUT_WEAK_PULLUP                                                                                                    ;               ;              ; 1.2V    ; --       ;                 ; no       ; On           ; 93ps          ;
; G32      ; 206        ; 3A_T     ; RESERVED_INPUT_WITHOUT_WEAK_PULLUP                                                                                                    ;               ;              ; 1.2V    ; --       ;                 ; no       ; On           ; 81ps          ;
; G35      ; 209        ; 3A_T     ; RESERVED_INPUT_WITHOUT_WEAK_PULLUP                                                                                                    ;               ;              ; 1.2V    ; --       ;                 ; no       ; On           ; 91ps          ;
; G39      ; 236        ; 3A_B     ; RESERVED_INPUT_WITHOUT_WEAK_PULLUP                                                                                                    ;               ;              ; 1.2V    ; --       ;                 ; no       ; On           ; 83ps          ;
; G42      ; 239        ; 3A_B     ; RESERVED_INPUT_WITHOUT_WEAK_PULLUP                                                                                                    ;               ;              ; 1.2V    ; --       ;                 ; no       ; On           ; 98ps          ;
; G48      ; 242        ; 3A_B     ; RESERVED_INPUT_WITHOUT_WEAK_PULLUP                                                                                                    ;               ;              ; 1.2V    ; --       ;                 ; no       ; On           ; 93ps          ;
; G51      ; 245        ; 3A_B     ; RESERVED_INPUT_WITHOUT_WEAK_PULLUP                                                                                                    ;               ;              ; 1.2V    ; --       ;                 ; no       ; On           ; 100ps         ;
; G56      ; 272        ; 3A_B     ; RESERVED_INPUT_WITHOUT_WEAK_PULLUP                                                                                                    ;               ;              ; 1.2V    ; --       ;                 ; no       ; On           ; 108ps         ;
; G59      ; 275        ; 3A_B     ; RESERVED_INPUT_WITHOUT_WEAK_PULLUP                                                                                                    ;               ;              ; 1.2V    ; --       ;                 ; no       ; On           ; 112ps         ;
; G62      ; 278        ; 3A_B     ; RESERVED_INPUT_WITHOUT_WEAK_PULLUP                                                                                                    ;               ;              ; 1.2V    ; --       ;                 ; no       ; On           ; 112ps         ;
; G65      ; 281        ; 3A_B     ; RESERVED_INPUT_WITHOUT_WEAK_PULLUP                                                                                                    ;               ;              ; 1.2V    ; --       ;                 ; no       ; On           ; 121ps         ;
; H4       ; 393        ; 6C       ; RESERVED_INPUT_WITHOUT_WEAK_PULLUP                                                                                                    ;               ;              ; 3.3V    ; --       ;                 ; no       ; On           ; 111ps         ;
; H6       ; 390        ; 6C       ; RESERVED_INPUT_WITHOUT_WEAK_PULLUP                                                                                                    ;               ;              ; 3.3V    ; --       ;                 ; no       ; On           ; 107ps         ;
; H8       ;            ;          ; GND                                                                                                                                   ; gnd           ;              ;         ; --       ;                 ; --       ; --           ; --            ;
; H11      ; 387        ; 6C       ; RESERVED_INPUT_WITHOUT_WEAK_PULLUP                                                                                                    ;               ;              ; 3.3V    ; --       ;                 ; no       ; On           ; 100ps         ;
; H14      ; 385        ; 6C       ; RESERVED_INPUT_WITHOUT_WEAK_PULLUP                                                                                                    ;               ;              ; 3.3V    ; --       ;                 ; no       ; On           ; 94ps          ;
; H16      ; 382        ; 6C       ; lcd_sclk                                                                                                                              ; output        ; 3.3-V LVCMOS ; 3.3V    ; --       ; Y               ; no       ; Off          ; 93ps          ;
; H19      ; 379        ; 6C       ; RESERVED_INPUT_WITHOUT_WEAK_PULLUP                                                                                                    ;               ;              ; 3.3V    ; --       ;                 ; no       ; On           ; 93ps          ;
; J24      ;            ;          ; GND                                                                                                                                   ; gnd           ;              ;         ; --       ;                 ; --       ; --           ; --            ;
; J27      ; 204        ; 3A_T     ; RESERVED_INPUT_WITHOUT_WEAK_PULLUP                                                                                                    ;               ;              ; 1.2V    ; --       ;                 ; no       ; On           ; 93ps          ;
; J32      ;            ;          ; GND                                                                                                                                   ; gnd           ;              ;         ; --       ;                 ; --       ; --           ; --            ;
; J35      ; 210        ; 3A_T     ; RESERVED_INPUT_WITHOUT_WEAK_PULLUP                                                                                                    ;               ;              ; 1.2V    ; --       ;                 ; no       ; On           ; 91ps          ;
; J39      ;            ;          ; GND                                                                                                                                   ; gnd           ;              ;         ; --       ;                 ; --       ; --           ; --            ;
; J42      ; 240        ; 3A_B     ; RESERVED_INPUT_WITHOUT_WEAK_PULLUP                                                                                                    ;               ;              ; 1.2V    ; --       ;                 ; no       ; On           ; 100ps         ;
; J48      ;            ;          ; GND                                                                                                                                   ; gnd           ;              ;         ; --       ;                 ; --       ; --           ; --            ;
; J51      ; 246        ; 3A_B     ; RESERVED_INPUT_WITHOUT_WEAK_PULLUP                                                                                                    ;               ;              ; 1.2V    ; --       ;                 ; no       ; On           ; 100ps         ;
; J56      ;            ;          ; GND                                                                                                                                   ; gnd           ;              ;         ; --       ;                 ; --       ; --           ; --            ;
; J59      ; 276        ; 3A_B     ; RESERVED_INPUT_WITHOUT_WEAK_PULLUP                                                                                                    ;               ;              ; 1.2V    ; --       ;                 ; no       ; On           ; 113ps         ;
; J62      ;            ;          ; GND                                                                                                                                   ; gnd           ;              ;         ; --       ;                 ; --       ; --           ; --            ;
; J65      ; 282        ; 3A_B     ; RESERVED_INPUT_WITHOUT_WEAK_PULLUP                                                                                                    ;               ;              ; 1.2V    ; --       ;                 ; no       ; On           ; 122ps         ;
; K71      ; 82         ; HPS      ; HPS_IOB_19, GPIO1_IO18, SPIM0_MISO, MDIO1_MDIO, I2C_EMAC1_SDA, NAND_ADQ10, EMAC2_RXD0, TRACE_D4                                       ;               ;              ;         ; --       ;                 ; --       ; --           ; 130ps         ;
; K72      ;            ;          ; GND                                                                                                                                   ; gnd           ;              ;         ; --       ;                 ; --       ; --           ; --            ;
; L1       ; 399        ; 6D       ; lcd_dc                                                                                                                                ; output        ; 3.3-V LVCMOS ; 3.3V    ; --       ; Y               ; no       ; Off          ; 103ps         ;
; L2       ;            ;          ; GND                                                                                                                                   ; gnd           ;              ;         ; --       ;                 ; --       ; --           ; --            ;
; L74      ;            ;          ; GND                                                                                                                                   ; gnd           ;              ;         ; --       ;                 ; --       ; --           ; --            ;
; L75      ; 76         ; HPS      ; HPS_IOB_13, GPIO1_IO12, I2C1_SDA, NAND_ALE, SDMMC_PU_PD_DATA2, EMAC2_TX_CLK, TRACE_D10                                                ;               ;              ;         ; --       ;                 ; --       ; --           ; 131ps         ;
; M24      ; 201        ; 3A_T     ; RESERVED_INPUT_WITHOUT_WEAK_PULLUP                                                                                                    ;               ;              ; 1.2V    ; --       ;                 ; no       ; On           ; 101ps         ;
; M27      ; 211        ; 3A_T     ; RESERVED_INPUT_WITHOUT_WEAK_PULLUP                                                                                                    ;               ;              ; 1.2V    ; --       ;                 ; no       ; On           ; 86ps          ;
; M32      ; 207        ; 3A_T     ; RESERVED_INPUT_WITHOUT_WEAK_PULLUP                                                                                                    ;               ;              ; 1.2V    ; --       ;                 ; no       ; On           ; 102ps         ;
; M35      ; 215        ; 3A_T     ; RESERVED_INPUT_WITHOUT_WEAK_PULLUP                                                                                                    ;               ;              ; 1.2V    ; --       ;                 ; no       ; On           ; 81ps          ;
; M39      ; 237        ; 3A_B     ; RESERVED_INPUT_WITHOUT_WEAK_PULLUP                                                                                                    ;               ;              ; 1.2V    ; --       ;                 ; no       ; On           ; 103ps         ;
; M42      ; 220        ; 3A_T     ; RESERVED_INPUT_WITHOUT_WEAK_PULLUP                                                                                                    ;               ;              ; 1.2V    ; --       ;                 ; no       ; On           ; 92ps          ;
; M48      ; 243        ; 3A_B     ; RESERVED_INPUT_WITHOUT_WEAK_PULLUP                                                                                                    ;               ;              ; 1.2V    ; --       ;                 ; no       ; On           ; 116ps         ;
; M51      ; 259        ; 3A_B     ; RESERVED_INPUT_WITHOUT_WEAK_PULLUP                                                                                                    ;               ;              ; 1.2V    ; --       ;                 ; no       ; On           ; 97ps          ;
; M56      ; 273        ; 3A_B     ; RESERVED_INPUT_WITHOUT_WEAK_PULLUP                                                                                                    ;               ;              ; 1.2V    ; --       ;                 ; no       ; On           ; 122ps         ;
; M59      ; 263        ; 3A_B     ; RESERVED_INPUT_WITHOUT_WEAK_PULLUP                                                                                                    ;               ;              ; 1.2V    ; --       ;                 ; no       ; On           ; 90ps          ;
; M62      ; 279        ; 3A_B     ; RESERVED_INPUT_WITHOUT_WEAK_PULLUP                                                                                                    ;               ;              ; 1.2V    ; --       ;                 ; no       ; On           ; 132ps         ;
; M65      ; 267        ; 3A_B     ; RESERVED_INPUT_WITHOUT_WEAK_PULLUP                                                                                                    ;               ;              ; 1.2V    ; --       ;                 ; no       ; On           ; 114ps         ;
; N71      ; 78         ; HPS      ; HPS_IOB_15, GPIO1_IO14, UART1_TX, NAND_CE_N, I3C1_SDA, EMAC2_RX_CLK, TRACE_D8                                                         ;               ;              ;         ; --       ;                 ; --       ; --           ; 120ps         ;
; N72      ; 77         ; HPS      ; HPS_IOB_14, GPIO1_IO13, I2C1_SCL, NAND_RB_N, SDMMC_PWR_ENA, EMAC2_TX_CTL, TRACE_D9                                                    ;               ;              ;         ; --       ;                 ; --       ; --           ; 124ps         ;
; P1       ; 396        ; 6D       ; RESERVED_INPUT_WITHOUT_WEAK_PULLUP                                                                                                    ;               ;              ; 3.3V    ; --       ;                 ; no       ; On           ; 101ps         ;
; P2       ; 397        ; 6D       ; lcd_cs                                                                                                                                ; output        ; 3.3-V LVCMOS ; 3.3V    ; --       ; Y               ; no       ; Off          ; 94ps          ;
; P74      ; 75         ; HPS      ; HPS_IOB_12, GPIO1_IO11, JTAG_TDI, SPIS0_MISO, MDIO0_MDC, I2C_EMAC0_SCL, NAND_ADQ7, SDMMC_DATA7, EMAC1_RXD3, TRACE_D11                 ;               ;              ;         ; --       ;                 ; --       ; --           ; 125ps         ;
; P75      ; 74         ; HPS      ; HPS_IOB_11, GPIO1_IO10, JTAG_TDO, SPIS0_SS0_N, MDIO0_MDIO, I2C_EMAC0_SDA, NAND_ADQ6, SDMMC_DATA6, EMAC1_RXD2, TRACE_D12               ;               ;              ;         ; --       ;                 ; --       ; --           ; 123ps         ;
; R4       ;            ;          ; GND                                                                                                                                   ; gnd           ;              ;         ; --       ;                 ; --       ; --           ; --            ;
; R6       ; 465        ; 6G       ; RESERVED_INPUT_WITHOUT_WEAK_PULLUP                                                                                                    ;               ;              ; 3.3V    ; --       ;                 ; no       ; On           ; 100ps         ;
; R8       ; 462        ; 6G       ; RESERVED_INPUT_WITHOUT_WEAK_PULLUP                                                                                                    ;               ;              ; 3.3V    ; --       ;                 ; no       ; On           ; 93ps          ;
; R11      ; 459        ; 6G       ; RESERVED_INPUT_WITHOUT_WEAK_PULLUP                                                                                                    ;               ;              ; 3.3V    ; --       ;                 ; no       ; On           ; 92ps          ;
; R14      ; 391        ; 6C       ; RESERVED_INPUT_WITHOUT_WEAK_PULLUP                                                                                                    ;               ;              ; 3.3V    ; --       ;                 ; no       ; On           ; 129ps         ;
; R16      ;            ;          ; GND                                                                                                                                   ; gnd           ;              ;         ; --       ;                 ; --       ; --           ; --            ;
; R19      ; 376        ; 6C       ; RESERVED_INPUT_WITHOUT_WEAK_PULLUP                                                                                                    ;               ;              ; 3.3V    ; --       ;                 ; no       ; On           ; 121ps         ;
; T24      ; 202        ; 3A_T     ; RESERVED_INPUT_WITHOUT_WEAK_PULLUP                                                                                                    ;               ;              ; 1.2V    ; --       ;                 ; no       ; On           ; 101ps         ;
; T27      ; 212        ; 3A_T     ; RESERVED_INPUT_WITHOUT_WEAK_PULLUP                                                                                                    ;               ;              ; 1.2V    ; --       ;                 ; no       ; On           ; 85ps          ;
; T32      ; 208        ; 3A_T     ; RESERVED_INPUT_WITHOUT_WEAK_PULLUP                                                                                                    ;               ;              ; 1.2V    ; --       ;                 ; no       ; On           ; 103ps         ;
; T35      ; 216        ; 3A_T     ; RESERVED_INPUT_WITHOUT_WEAK_PULLUP                                                                                                    ;               ;              ; 1.2V    ; --       ;                 ; no       ; On           ; 83ps          ;
; T39      ; 238        ; 3A_B     ; RESERVED_INPUT_WITHOUT_WEAK_PULLUP                                                                                                    ;               ;              ; 1.2V    ; --       ;                 ; no       ; On           ; 102ps         ;
; T42      ; 219        ; 3A_T     ; RESERVED_INPUT_WITHOUT_WEAK_PULLUP                                                                                                    ;               ;              ; 1.2V    ; --       ;                 ; no       ; On           ; 90ps          ;
; T48      ; 244        ; 3A_B     ; RESERVED_INPUT_WITHOUT_WEAK_PULLUP                                                                                                    ;               ;              ; 1.2V    ; --       ;                 ; no       ; On           ; 116ps         ;
; T51      ; 260        ; 3A_B     ; RESERVED_INPUT_WITHOUT_WEAK_PULLUP                                                                                                    ;               ;              ; 1.2V    ; --       ;                 ; no       ; On           ; 97ps          ;
; T56      ; 274        ; 3A_B     ; RESERVED_INPUT_WITHOUT_WEAK_PULLUP                                                                                                    ;               ;              ; 1.2V    ; --       ;                 ; no       ; On           ; 122ps         ;
; T59      ; 264        ; 3A_B     ; RESERVED_INPUT_WITHOUT_WEAK_PULLUP                                                                                                    ;               ;              ; 1.2V    ; --       ;                 ; no       ; On           ; 89ps          ;
; T62      ; 280        ; 3A_B     ; RESERVED_INPUT_WITHOUT_WEAK_PULLUP                                                                                                    ;               ;              ; 1.2V    ; --       ;                 ; no       ; On           ; 133ps         ;
; T65      ; 268        ; 3A_B     ; RESERVED_INPUT_WITHOUT_WEAK_PULLUP                                                                                                    ;               ;              ; 1.2V    ; --       ;                 ; no       ; On           ; 113ps         ;
; U1       ;            ;          ; GND                                                                                                                                   ; gnd           ;              ;         ; --       ;                 ; --       ; --           ; --            ;
; U2       ; 394        ; 6D       ; RESERVED_INPUT_WITHOUT_WEAK_PULLUP                                                                                                    ;               ;              ; 3.3V    ; --       ;                 ; no       ; On           ; 92ps          ;
; U74      ; 72         ; HPS      ; HPS_IOB_9, GPIO1_IO8, JTAG_TCK, SPIS0_CLK, MDIO2_MDIO, I2C_EMAC2_SDA, NAND_ADQ4, SDMMC_DATA4, EMAC1_TXD2, TRACE_D14                   ;               ;              ;         ; --       ;                 ; --       ; --           ; 116ps         ;
; U75      ;            ;          ; GND                                                                                                                                   ; gnd           ;              ;         ; --       ;                 ; --       ; --           ; --            ;
; V4       ; 466        ; 6G       ; RESERVED_INPUT_WITHOUT_WEAK_PULLUP                                                                                                    ;               ;              ; 3.3V    ; --       ;                 ; no       ; On           ; 102ps         ;
; V6       ; 463        ; 6G       ; RESERVED_INPUT_WITHOUT_WEAK_PULLUP                                                                                                    ;               ;              ; 3.3V    ; --       ;                 ; no       ; On           ; 97ps          ;
; V8       ;            ;          ; GND                                                                                                                                   ; gnd           ;              ;         ; --       ;                 ; --       ; --           ; --            ;
; V11      ; 461        ; 6G       ; RESERVED_INPUT_WITHOUT_WEAK_PULLUP                                                                                                    ;               ;              ; 3.3V    ; --       ;                 ; no       ; On           ; 95ps          ;
; V14      ; 392        ; 6C       ; RESERVED_INPUT_WITHOUT_WEAK_PULLUP                                                                                                    ;               ;              ; 3.3V    ; --       ;                 ; no       ; On           ; 138ps         ;
; V16      ; 383        ; 6C       ; clk_50m                                                                                                                               ; input         ; 3.3-V LVCMOS ; 3.3V    ; --       ; Y               ; no       ; Off          ; 110ps         ;
; V19      ; 384        ; 6C       ; RESERVED_INPUT_WITHOUT_WEAK_PULLUP                                                                                                    ;               ;              ; 3.3V    ; --       ;                 ; no       ; On           ; 108ps         ;
; W24      ; 213        ; 3A_T     ; RESERVED_INPUT_WITHOUT_WEAK_PULLUP                                                                                                    ;               ;              ; 1.2V    ; --       ;                 ; no       ; On           ; 93ps          ;
; W27      ;            ;          ; GND                                                                                                                                   ; gnd           ;              ;         ; --       ;                 ; --       ; --           ; --            ;
; W32      ; 217        ; 3A_T     ; RESERVED_INPUT_WITHOUT_WEAK_PULLUP                                                                                                    ;               ;              ; 1.2V    ; --       ;                 ; no       ; On           ; 95ps          ;
; W35      ;            ;          ; GND                                                                                                                                   ; gnd           ;              ;         ; --       ;                 ; --       ; --           ; --            ;
; W39      ; 221        ; 3A_T     ; RESERVED_INPUT_WITHOUT_WEAK_PULLUP                                                                                                    ;               ;              ; 1.2V    ; --       ;                 ; no       ; On           ; 85ps          ;
; W42      ;            ;          ; GND                                                                                                                                   ; gnd           ;              ;         ; --       ;                 ; --       ; --           ; --            ;
; W48      ; 261        ; 3A_B     ; RESERVED_INPUT_WITHOUT_WEAK_PULLUP                                                                                                    ;               ;              ; 1.2V    ; --       ;                 ; no       ; On           ; 98ps          ;
; W51      ;            ;          ; GND                                                                                                                                   ; gnd           ;              ;         ; --       ;                 ; --       ; --           ; --            ;
; W56      ; 265        ; 3A_B     ; RESERVED_INPUT_WITHOUT_WEAK_PULLUP                                                                                                    ;               ;              ; 1.2V    ; --       ;                 ; no       ; On           ; 117ps         ;
; W59      ;            ;          ; GND                                                                                                                                   ; gnd           ;              ;         ; --       ;                 ; --       ; --           ; --            ;
; W62      ; 269        ; 3A_B     ; RESERVED_INPUT_WITHOUT_WEAK_PULLUP                                                                                                    ;               ;              ; 1.2V    ; --       ;                 ; no       ; On           ; 105ps         ;
; W65      ;            ;          ; GND                                                                                                                                   ; gnd           ;              ;         ; --       ;                 ; --       ; --           ; --            ;
; Y1       ; 395        ; 6D       ; RESERVED_INPUT_WITHOUT_WEAK_PULLUP                                                                                                    ;               ;              ; 3.3V    ; --       ;                 ; no       ; On           ; 104ps         ;
; Y2       ; 398        ; 6D       ; lcd_res                                                                                                                               ; output        ; 3.3-V LVCMOS ; 3.3V    ; --       ; Y               ; no       ; Off          ; 117ps         ;
; Y74      ; 70         ; HPS      ; HPS_IOB_7, GPIO1_IO6, SPIS1_SS0_N, UART1_TX, I2C1_SDA, NAND_ADQ3, SDMMC_DATA3, I3C0_SDA, EMAC1_RXD0, TRACE_D4                         ;               ;              ;         ; --       ;                 ; --       ; --           ; 118ps         ;
; Y75      ; 68         ; HPS      ; HPS_IOB_5, GPIO1_IO4, SPIM1_SS1_N, SPIS1_CLK, UART1_CTS_N, EMAC2_PPS2, NAND_WP_N, SDMMC_WRITE_PROTECT, I3C1_SDA, EMAC1_TXD0, TRACE_D6 ;               ;              ;         ; --       ;                 ; --       ; --           ; 120ps         ;
+----------+------------+----------+---------------------------------------------------------------------------------------------------------------------------------------+---------------+--------------+---------+----------+-----------------+----------+--------------+---------------+
Note: Pin directions (input, output or bidir) are based on device operating in user mode.


+--------------------------------------------------------------------+
; Output Pin Default Load For Reported TCO                           ;
+------------------------------------+------+------------------------+
; I/O Standard                       ; Load ; Termination Resistance ;
+------------------------------------+------+------------------------+
; 1.2-V                              ; 0 pF ; Not Available          ;
; SSTL-12                            ; 0 pF ; Not Available          ;
; Differential 1.2-V SSTL            ; 0 pF ; Not Available          ;
; 1.2-V POD                          ; 0 pF ; Not Available          ;
; Differential 1.2-V POD             ; 0 pF ; Not Available          ;
; 1.2-V HSTL                         ; 0 pF ; Not Available          ;
; Differential 1.2-V HSTL            ; 0 pF ; Not Available          ;
; 1.2-V HSUL                         ; 0 pF ; Not Available          ;
; Differential 1.2-V HSUL            ; 0 pF ; Not Available          ;
; 1.0-V                              ; 0 pF ; Not Available          ;
; 1.8-V                              ; 0 pF ; Not Available          ;
; High Speed Differential I/O        ; 0 pF ; Not Available          ;
; Current Mode Logic (CML)           ; 0 pF ; 50 Ohm (Parallel)      ;
; HCSL                               ; 0 pF ; Not Available          ;
; 1.3-V True Differential Signaling  ; 0 pF ; Not Available          ;
; 1.1-V POD                          ; 0 pF ; Not Available          ;
; Differential 1.1-V POD             ; 0 pF ; Not Available          ;
; 1.1-V LVSTL                        ; 0 pF ; Not Available          ;
; Differential 1.1-V LVSTL           ; 0 pF ; Not Available          ;
; 1.05-V LVSTL                       ; 0 pF ; Not Available          ;
; Differential 1.05-V LVSTL          ; 0 pF ; Not Available          ;
; 0.7-V LVSTL                        ; 0 pF ; Not Available          ;
; Differential 0.7-V LVSTL           ; 0 pF ; Not Available          ;
; 0.4-V SLVS                         ; 0 pF ; Not Available          ;
; DPHY                               ; 0 pF ; Not Available          ;
; 1.2-V True Differential Signaling  ; 0 pF ; Not Available          ;
; 1.1-V True Differential Signaling  ; 0 pF ; Not Available          ;
; 1.05-V True Differential Signaling ; 0 pF ; Not Available          ;
; 1.05-V                             ; 0 pF ; Not Available          ;
; 1.1-V                              ; 0 pF ; Not Available          ;
; 1.8-V LVCMOS                       ; 0 pF ; Not Available          ;
; 2.5-V LVCMOS                       ; 0 pF ; Not Available          ;
; 3.3-V LVCMOS                       ; 0 pF ; Not Available          ;
; 1.3-V LVCMOS                       ; 0 pF ; Not Available          ;
+------------------------------------+------+------------------------+
Note: User assignments will override these defaults. The user specified values are listed in the Output Pins and Bidir Pins tables.


+----------------------------------------+
; I/O Assignment Warnings                ;
+----------+-----------------------------+
; Pin Name ; Reason                      ;
+----------+-----------------------------+
; lcd_sclk ; Missing termination setting ;
; lcd_sda  ; Missing termination setting ;
; lcd_res  ; Missing termination setting ;
; lcd_dc   ; Missing termination setting ;
; lcd_cs   ; Missing termination setting ;
; lcd_blk  ; Missing termination setting ;
+----------+-----------------------------+


+--------------------------------------------------------------+
; Control Signals                                              ;
+------------------------+------------+---------+--------------+
; Name                   ; Location   ; Fan-Out ; Usage        ;
+------------------------+------------+---------+--------------+
; Mux_15~2               ; Unassigned ; 2       ; Clock enable ;
; Mux_31~0               ; Unassigned ; 3       ; Clock enable ;
; Select_11~0            ; Unassigned ; 2       ; Clock enable ;
; Select_15~0            ; Unassigned ; 7       ; Clock enable ;
; Select_26~0            ; Unassigned ; 4       ; Clock enable ;
; Select_33~2            ; Unassigned ; 6       ; Clock enable ;
; Select_59~0            ; Unassigned ; 17      ; Clock enable ;
; Select_8~1             ; Unassigned ; 4       ; Clock enable ;
; clk_50m                ; PIN_V16    ; 110     ; Clock        ;
; i138~0                 ; Unassigned ; 25      ; Clock enable ;
; spi_shift[0]~0         ; Unassigned ; 8       ; Clock enable ;
; spi_state[0]~_wirecell ; Unassigned ; 2       ; Sync. clear  ;
; state.S_FILL~_wirecell ; Unassigned ; 17      ; Sync. clear  ;
; sys_rst_n              ; PIN_C8     ; 110     ; Async. clear ;
+------------------------+------------+---------+--------------+


+----------------------------------------------+
; Global & Other Fast Signals Summary          ;
+---------+----------+---------+---------------+
; Name    ; Location ; Fan-Out ; Clock Region  ;
+---------+----------+---------+---------------+
; clk_50m ; PIN_V16  ; 180     ; Sector (1, 0) ;
+---------+----------+---------+---------------+


-------------------------------
; Global Signal Visualization ;
-------------------------------
This report is unavailable in plain text report export.


+--------------------------------------------------------------------------------------------------+
; Global & Other Fast Signals Details                                                              ;
+---------------------------------------------------+----------------------------------------------+
; Property                                          ; Value                                        ;
+---------------------------------------------------+----------------------------------------------+
; Name                                              ; clk_50m                                      ;
;     -- Source Node                                ; clk_50m~pad                                  ;
;     -- Source Type                                ; I/O pad                                      ;
;     -- Source Location                            ; PIN_V16                                      ;
;     -- Fan-Out                                    ; 180                                          ;
;     -- Promotion Reason                           ; Mandatory                                    ;
;     -- Clock Region                               ; Sector (1, 0)                                ;
;     -- Clock Partition Ownership for Preservation ; root_partition                               ;
;     -- Clock Region Size (in Sectors)             ; 1 x 1 (1 total)                              ;
;     -- Clock Region Bounding Box                  ; (61, 5) to (121, 51)                         ;
;     -- Clock Region Constraint                    ; SX1 SY0 SX1 SY0                              ;
;     -- Terminating Spine Index                    ; 27                                           ;
;     -- Path Length                                ; 0.5 clock sector wire(s) and 0 layer jump(s) ;
;         -- Length from Clock Source to Clock Tree ; 0.5 clock sector wire(s) and 0 layer jump(s) ;
;         -- Clock Tree Length                      ; 0.0 clock sector wire(s) and 0 layer jump(s) ;
+---------------------------------------------------+----------------------------------------------+
To visualize how these signals are routed, use the Chip Planner task "Report Clock Details".
To manually specify the size and placement of these signals, use the Assignment Editor to make Clock Region assignments.


+------------------------------------------------------------------------------------------+
; Fitter Resource Usage Summary                                                            ;
+-------------------------------------------------------------+--------------------+-------+
; Resource                                                    ; Usage              ; %     ;
+-------------------------------------------------------------+--------------------+-------+
; Usage Report Generated after: Finalize                      ;                    ;       ;
;                                                             ;                    ;       ;
; Logic utilization (ALMs needed / total ALMs on device)      ; 155 / 46,800       ; < 1 % ;
; ALMs needed [=A-B+C]                                        ; 155                ;       ;
;     [A] ALMs used in final placement [=a+b+c+d]             ; 165 / 46,800       ; < 1 % ;
;         [a] ALMs used for LUT logic and register circuitry  ; 82                 ;       ;
;         [b] ALMs used for LUT logic                         ; 75                 ;       ;
;         [c] ALMs used for register circuitry                ; 8                  ;       ;
;         [d] ALMs used for memory (up to half of total ALMs) ; 0                  ;       ;
;     [B] Estimate of ALMs recoverable by dense packing       ; 10 / 46,800        ; < 1 % ;
;     [C] Estimate of ALMs unavailable [=a+b+c+d]             ; 0 / 46,800         ; 0 %   ;
;         [a] Due to location constrained logic               ; 0                  ;       ;
;         [b] Due to LAB-wide signal conflicts                ; 0                  ;       ;
;         [c] Due to LAB input limits                         ; 0                  ;       ;
;         [d] Due to virtual I/Os                             ; 0                  ;       ;
;                                                             ;                    ;       ;
; Difficulty packing design                                   ; Low                ;       ;
;                                                             ;                    ;       ;
; Total LABs:  partially or completely used                   ; 20 / 4,680         ; < 1 % ;
;     -- Logic LABs                                           ; 20                 ;       ;
;     -- Memory LABs (up to half of total LABs)               ; 0                  ;       ;
;                                                             ;                    ;       ;
; Combinational ALUT usage for logic                          ; 270                ;       ;
;     -- 8 input functions                                    ; 3                  ;       ;
;     -- 7 input functions                                    ; 1                  ;       ;
;     -- 6 input functions                                    ; 25                 ;       ;
;     -- 5 input functions                                    ; 34                 ;       ;
;     -- 4 input functions                                    ; 42                 ;       ;
;     -- <=3 input functions                                  ; 165                ;       ;
; Combinational ALUT usage for route-throughs                 ; 6                  ;       ;
;                                                             ;                    ;       ;
; Dedicated logic registers                                   ; 216                ;       ;
;     -- By type:                                             ;                    ;       ;
;         -- LAB logic registers:                             ;                    ;       ;
;             -- Primary logic registers                      ; 179 / 93,600       ; < 1 % ;
;             -- Secondary logic registers                    ; 37 / 93,600        ; < 1 % ;
;         -- Hyper-Registers:                                 ; 0                  ;       ;
;                                                             ;                    ;       ;
; Register control circuitry for power estimation             ; 124                ;       ;
;                                                             ;                    ;       ;
; ALMs adjustment for power estimation                        ; 16                 ;       ;
;                                                             ;                    ;       ;
; I/O pins                                                    ; 8 / 351            ; 2 %   ;
;     -- Clock pins                                           ; 0 / 16             ; 0 %   ;
;     -- Dedicated input pins                                 ; 3 / 6              ; 50 %  ;
;                                                             ;                    ;       ;
; M20K blocks                                                 ; 0 / 358            ; 0 %   ;
; Total MLAB memory bits                                      ; 0                  ;       ;
; Total block memory bits                                     ; 0 / 7,331,840      ; 0 %   ;
;                                                             ;                    ;       ;
; DSP Blocks Needed [=A+B+C-D]                                ; 0 / 188            ; 0 %   ;
;     [A] Total Fixed Point DSP Blocks                        ; 0                  ;       ;
;     [B] Total Floating Point DSP Blocks                     ; 0                  ;       ;
;     [C] Total DSP_PRIME Blocks                              ; 0                  ;       ;
;     [D] Estimate of DSP Blocks recoverable by dense merging ; 0                  ;       ;
;                                                             ;                    ;       ;
; IOPLLs                                                      ; 0 / 11             ; 0 %   ;
; Global signals                                              ; 1                  ;       ;
; LVDS_RX blocks                                              ; 0 / 96             ; 0 %   ;
; HMC blocks                                                  ; 0 / 4              ; 0 %   ;
; Average interconnect usage (total/H/V)                      ; 0.0% / 0.0% / 0.0% ;       ;
; Peak interconnect usage (total/H/V)                         ; 1.2% / 1.4% / 0.8% ;       ;
; Maximum fan-out                                             ; 216                ;       ;
; Highest non-global fan-out                                  ; 216                ;       ;
; Total fan-out                                               ; 1695               ;       ;
; Average fan-out                                             ; 3.17               ;       ;
+-------------------------------------------------------------+--------------------+-------+
The Fitter Resource Usage Summary report displays a detailed analysis of logic utilization based on calculations of ALM usage. Refer to <a class="xref" href="https://www.intel.com/content/www/us/en/programmable/quartushelp/current/index.htm#mapIdTopics/mwh1465496451103.htm" target="_blank">Fitter Resource Usage Summary Report</a> in the <i>Intel® Quartus® Prime Pro Edition Help</i> for more information.


+------------------------------------------------------------------------------------------------------------------------------------------------------------------------------------------------------------------------------------------------------------------------------------------------------------------------------------------------------------------------------------------------------------------------------------------------------------------------------------------------+
; Fitter Resource Utilization by Entity                                                                                                                                                                                                                                                                                                                                                                                                                                                          ;
+----------------------------+----------------------+----------------------------------+---------------------------------------------------+----------------------------------+----------------------+---------------------+---------------------------+---------------+-------------------+-------+--------------------------+----------------------------------------+---------------------------------------------------+------+--------+---------------------+----------------+--------------+
; Compilation Hierarchy Node ; ALMs needed [=A-B+C] ; [A] ALMs used in final placement ; [B] Estimate of ALMs recoverable by dense packing ; [C] Estimate of ALMs unavailable ; ALMs used for memory ; Combinational ALUTs ; Dedicated Logic Registers ; I/O Registers ; Block Memory Bits ; M20Ks ; DSP Blocks needed [=A-B] ; [A] DSP Blocks used in final placement ; [B] Estimate of DSPs recoverable by dense merging ; Pins ; IOPLLs ; Full Hierarchy Name ; Entity Name    ; Library Name ;
+----------------------------+----------------------+----------------------------------+---------------------------------------------------+----------------------------------+----------------------+---------------------+---------------------------+---------------+-------------------+-------+--------------------------+----------------------------------------+---------------------------------------------------+------+--------+---------------------+----------------+--------------+
; |                          ; 155.0 (155.0)        ; 164.5 (164.5)                    ; 9.5 (9.5)                                         ; 0.0 (0.0)                        ; 0.0 (0.0)            ; 270 (270)           ; 216 (216)                 ; 0 (0)         ; 0                 ; 0     ; 0                        ; 0                                      ; 0                                                 ; 16   ; 0 (0)  ; |                   ; top_lcd_st7789 ; altera_work  ;
+----------------------------+----------------------+----------------------------------+---------------------------------------------------+----------------------------------+----------------------+---------------------+---------------------------+---------------+-------------------+-------+--------------------------+----------------------------------------+---------------------------------------------------+------+--------+---------------------+----------------+--------------+
Note: For table entries with two numbers listed, the numbers in parentheses indicate the number of resources of the given type used by the specific entity alone. The numbers listed outside of parentheses indicate the total resources of the given type used by the specific entity and all of its sub-entities in the hierarchy.


+------------------------------------------------------------------------------------------------------------------------------------------------------------------------------------+
; Fitter Netlist Optimizations                                                                                                                                                       ;
+-----------------------+------------+---------------------------------------------------+--------------------------+-----------+---------------------------------+------------------+
; Node                  ; Action     ; Operation                                         ; Reason                   ; Node Port ; Destination Node                ; Destination Port ;
+-----------------------+------------+---------------------------------------------------+--------------------------+-----------+---------------------------------+------------------+
; delay_active          ; Duplicated ; Router Logic Cell Insertion and Logic Duplication ; Routability optimization ;           ; delay_active~DUPLICATE          ;                  ;
; delay_cnt[12]         ; Duplicated ; Router Logic Cell Insertion and Logic Duplication ; Routability optimization ;           ; delay_cnt[12]~DUPLICATE         ;                  ;
; delay_cnt[15]         ; Duplicated ; Router Logic Cell Insertion and Logic Duplication ; Routability optimization ;           ; delay_cnt[15]~DUPLICATE         ;                  ;
; delay_cnt[3]          ; Duplicated ; Router Logic Cell Insertion and Logic Duplication ; Routability optimization ;           ; delay_cnt[3]~DUPLICATE          ;                  ;
; delay_cnt[7]          ; Duplicated ; Router Logic Cell Insertion and Logic Duplication ; Routability optimization ;           ; delay_cnt[7]~DUPLICATE          ;                  ;
; delay_cnt[8]          ; Duplicated ; Router Logic Cell Insertion and Logic Duplication ; Routability optimization ;           ; delay_cnt[8]~DUPLICATE          ;                  ;
; delay_cnt[9]          ; Duplicated ; Router Logic Cell Insertion and Logic Duplication ; Routability optimization ;           ; delay_cnt[9]~DUPLICATE          ;                  ;
; delay_ms[0]           ; Duplicated ; Router Logic Cell Insertion and Logic Duplication ; Routability optimization ;           ; delay_ms[0]~DUPLICATE           ;                  ;
; delay_ms[1]           ; Duplicated ; Router Logic Cell Insertion and Logic Duplication ; Routability optimization ;           ; delay_ms[1]~DUPLICATE           ;                  ;
; delay_ms[2]           ; Duplicated ; Router Logic Cell Insertion and Logic Duplication ; Routability optimization ;           ; delay_ms[2]~DUPLICATE           ;                  ;
; delay_ms[7]           ; Duplicated ; Router Logic Cell Insertion and Logic Duplication ; Routability optimization ;           ; delay_ms[7]~DUPLICATE           ;                  ;
; init_idx[0]~RTM       ; Duplicated ; Router Logic Cell Insertion and Logic Duplication ; Routability optimization ;           ; init_idx[0]~RTMDUPLICATE        ;                  ;
; init_idx[1]           ; Duplicated ; Router Logic Cell Insertion and Logic Duplication ; Routability optimization ;           ; init_idx[1]~DUPLICATE           ;                  ;
; init_idx[1]~RTM_10    ; Duplicated ; Router Logic Cell Insertion and Logic Duplication ; Routability optimization ;           ; init_idx[1]~RTM_10DUPLICATE     ;                  ;
; init_idx[1]~RTM_21    ; Duplicated ; Router Logic Cell Insertion and Logic Duplication ; Routability optimization ;           ; init_idx[1]~RTM_21DUPLICATE     ;                  ;
; init_idx[1]~RTM_5     ; Duplicated ; Router Logic Cell Insertion and Logic Duplication ; Routability optimization ;           ; init_idx[1]~RTM_5DUPLICATE      ;                  ;
; init_idx[2]           ; Duplicated ; Router Logic Cell Insertion and Logic Duplication ; Routability optimization ;           ; init_idx[2]~DUPLICATE           ;                  ;
; init_idx[2]~RTM_13    ; Duplicated ; Router Logic Cell Insertion and Logic Duplication ; Routability optimization ;           ; init_idx[2]~RTM_13DUPLICATE     ;                  ;
; init_idx[2]~RTM_15    ; Duplicated ; Router Logic Cell Insertion and Logic Duplication ; Routability optimization ;           ; init_idx[2]~RTM_15DUPLICATE     ;                  ;
; init_idx[2]~RTM_16    ; Duplicated ; Router Logic Cell Insertion and Logic Duplication ; Routability optimization ;           ; init_idx[2]~RTM_16DUPLICATE     ;                  ;
; lcd_res~reg0          ; Duplicated ; Router Logic Cell Insertion and Logic Duplication ; Routability optimization ;           ; lcd_res~reg0DUPLICATE           ;                  ;
; pixel_cnt[16]         ; Duplicated ; Router Logic Cell Insertion and Logic Duplication ; Routability optimization ;           ; pixel_cnt[16]~DUPLICATE         ;                  ;
; return_state.S_WINDOW ; Duplicated ; Router Logic Cell Insertion and Logic Duplication ; Routability optimization ;           ; return_state.S_WINDOW~DUPLICATE ;                  ;
; spi_bit_cnt[1]        ; Duplicated ; Router Logic Cell Insertion and Logic Duplication ; Routability optimization ;           ; spi_bit_cnt[1]~DUPLICATE        ;                  ;
; spi_dc_r              ; Duplicated ; Router Logic Cell Insertion and Logic Duplication ; Routability optimization ;           ; spi_dc_r~DUPLICATE              ;                  ;
; spi_div[0]            ; Duplicated ; Router Logic Cell Insertion and Logic Duplication ; Routability optimization ;           ; spi_div[0]~DUPLICATE            ;                  ;
; spi_div[1]            ; Duplicated ; Router Logic Cell Insertion and Logic Duplication ; Routability optimization ;           ; spi_div[1]~DUPLICATE            ;                  ;
; spi_shift[0]          ; Duplicated ; Router Logic Cell Insertion and Logic Duplication ; Routability optimization ;           ; spi_shift[0]~DUPLICATE          ;                  ;
; spi_state[1]          ; Duplicated ; Router Logic Cell Insertion and Logic Duplication ; Routability optimization ;           ; spi_state[1]~DUPLICATE          ;                  ;
; state.S_DONE          ; Duplicated ; Router Logic Cell Insertion and Logic Duplication ; Routability optimization ;           ; state.S_DONE~DUPLICATE          ;                  ;
; state.S_FILL          ; Duplicated ; Router Logic Cell Insertion and Logic Duplication ; Routability optimization ;           ; state.S_FILL~DUPLICATE          ;                  ;
; state.S_INIT          ; Duplicated ; Router Logic Cell Insertion and Logic Duplication ; Routability optimization ;           ; state.S_INIT~DUPLICATE          ;                  ;
; state.S_SPI_WAIT      ; Duplicated ; Router Logic Cell Insertion and Logic Duplication ; Routability optimization ;           ; state.S_SPI_WAIT~DUPLICATE      ;                  ;
; win_step[0]           ; Duplicated ; Router Logic Cell Insertion and Logic Duplication ; Routability optimization ;           ; win_step[0]~DUPLICATE           ;                  ;
; win_step[2]           ; Duplicated ; Router Logic Cell Insertion and Logic Duplication ; Routability optimization ;           ; win_step[2]~DUPLICATE           ;                  ;
; win_step[3]           ; Duplicated ; Router Logic Cell Insertion and Logic Duplication ; Routability optimization ;           ; win_step[3]~DUPLICATE           ;                  ;
; lcd_res~reg0_wirecell ; Deleted    ; Placement                                         ; PLL Usage Optimization   ;           ;                                 ;                  ;
; spi_cs_r~_wirecell    ; Deleted    ; Placement                                         ; PLL Usage Optimization   ;           ;                                 ;                  ;
+-----------------------+------------+---------------------------------------------------+--------------------------+-----------+---------------------------------+------------------+
Note: Retiming optimizations are not included in this table. 


+------------------------------------------------------------------------------------------------------------------------------------------------------------+
; Delay Chain Summary                                                                                                                                        ;
+-----------+----------+---------------------+--------------------+----------------+-----------------------------------+-------------------------------------+
; Name      ; Pin Type ; Input Delay Chain 0 ; Output Delay Chain ; OE Delay Chain ; IO_12_LANE Input Data Delay Chain ; IO_12_LANE Input Strobe Delay Chain ;
+-----------+----------+---------------------+--------------------+----------------+-----------------------------------+-------------------------------------+
; lcd_sclk  ; Output   ; --                  ; 0                  ; --             ; --                                ; --                                  ;
; lcd_sda   ; Output   ; --                  ; 0                  ; --             ; --                                ; --                                  ;
; lcd_res   ; Output   ; --                  ; 0                  ; --             ; --                                ; --                                  ;
; lcd_dc    ; Output   ; --                  ; 0                  ; --             ; --                                ; --                                  ;
; lcd_cs    ; Output   ; --                  ; 0                  ; --             ; --                                ; --                                  ;
; lcd_blk   ; Output   ; --                  ; 0                  ; --             ; --                                ; --                                  ;
; clk_50m   ; Input    ; 0                   ; --                 ; --             ; --                                ; --                                  ;
; sys_rst_n ; Input    ; 0                   ; --                 ; --             ; --                                ; --                                  ;
+-----------+----------+---------------------+--------------------+----------------+-----------------------------------+-------------------------------------+


+----------------------------------------------------------------+
; Routing Usage Summary                                          ;
+--------------------------------------+-------------------------+
; Routing Resource Type                ; Usage                   ;
+--------------------------------------+-------------------------+
; Block Input Mux Wrapbacks            ; 1 / 43,616 ( < 1 % )    ;
; Block Input Muxes                    ; 968 / 500,456 ( < 1 % ) ;
; Block interconnects                  ; 686 / 526,400 ( < 1 % ) ;
; C1 interconnects                     ; 165 / 234,240 ( < 1 % ) ;
; C4 interconnects                     ; 0 / 229,360 ( 0 % )     ;
; C8 interconnects                     ; 0 / 22,936 ( 0 % )      ;
; DCM_muxes                            ; 1 / 216 ( < 1 % )       ;
; DELAY_CHAINs                         ; 0 / 1,262 ( 0 % )       ;
; Direct links                         ; 170 / 526,400 ( < 1 % ) ;
; HIO Buffers                          ; 1 / 10,528 ( < 1 % )    ;
; IO75XDDRFMXCKTREE_CLKDRV_BIG_VCO_REs ; 0 / 8 ( 0 % )           ;
; IO75XDDRFMXCKTREE_CLKDRV_GM0_REs     ; 0 / 8 ( 0 % )           ;
; IO75XDDRFMXCKTREE_CLKDRV_VCO_INPUTs  ; 0 / 4 ( 0 % )           ;
; IO75XDDRFMXCKTREE_CLKDRV_VCO_OUTPUTs ; 0 / 4 ( 0 % )           ;
; IO75XDDRFMXCKTREE_FB_MUX31_REs       ; 0 / 24 ( 0 % )          ;
; IOFBRADAPT_C2P_BUF_INPUTs            ; 0 / 66 ( 0 % )          ;
; IOFBRADAPT_C2P_BUF_OUTPUTs           ; 0 / 66 ( 0 % )          ;
; IOFBRADAPT_FRZ_BUFS_REs              ; 0 / 308 ( 0 % )         ;
; IOFBRADAPT_P2C_BUF_INPUTs            ; 0 / 142 ( 0 % )         ;
; IOFBRADAPT_P2C_BUF_OUTPUTs           ; 0 / 142 ( 0 % )         ;
; Programmable Invert Buffers          ; 0 / 208 ( 0 % )         ;
; Programmable Invert Inputs           ; 44 / 57,078 ( < 1 % )   ;
; Programmable Inverts                 ; 44 / 57,078 ( < 1 % )   ;
; R0 interconnects                     ; 307 / 401,380 ( < 1 % ) ;
; R1 interconnects                     ; 222 / 229,360 ( < 1 % ) ;
; R12 interconnects                    ; 0 / 34,404 ( 0 % )      ;
; R2 interconnects                     ; 78 / 115,620 ( < 1 % )  ;
; R4 interconnects                     ; 26 / 117,500 ( < 1 % )  ;
; R6 interconnects                     ; 8 / 118,440 ( < 1 % )   ;
; Redundancy Muxes                     ; 7 / 20,728 ( < 1 % )    ;
; Row Clock Tap-Offs                   ; 19 / 34,404 ( < 1 % )   ;
; Switchbox_clock_muxes                ; 2 / 1,920 ( < 1 % )     ;
; VIO Buffers                          ; 0 / 8,320 ( 0 % )       ;
; Vertical_seam_tap_muxes              ; 2 / 576 ( < 1 % )       ;
+--------------------------------------+-------------------------+


--------------------------------------
; Global Router Wire Utilization Map ;
--------------------------------------
This report is unavailable in plain text report export.


+-------------------------------------------------------------------------------+
; Peak Wire Demand Summary                                                      ;
+-----------------+-----------+-----------------------------------+-------------+
; Wire            ; Direction ; Grid [(Xmin, Ymin), (Xmax, Ymax)] ; Peak Demand ;
+-----------------+-----------+-----------------------------------+-------------+
; short           ; down      ; [(120, 48), (122, 54)]            ; 0.833 %     ;
; long high speed ; right     ; [(108, 40), (119, 47)]            ; 62.500 %    ;
; long high speed ; left      ; [(120, 40), (122, 47)]            ; 6.250 %     ;
; long high speed ; up        ; [(120, 40), (122, 47)]            ; 66.667 %    ;
; long high speed ; down      ; [(108, 48), (119, 54)]            ; 25.556 %    ;
+-----------------+-----------+-----------------------------------+-------------+


+---------------------------------------------------------------------------------------------------------+
; Peak Wire Demand Details                                                                                ;
+-----------------+-----------+-----------------------------------+-------------+-------------------------+
; Wire            ; Direction ; Grid [(Xmin, Ymin), (Xmax, Ymax)] ; Peak Demand ; Net Names               ;
+-----------------+-----------+-----------------------------------+-------------+-------------------------+
; short           ; down      ; [(120, 48), (122, 54)]            ; 0.833 %     ;    High Routing Fan-Out ;
;     --          ;           ;                                   ;             ; sys_rst_n~input         ;
; short           ; down      ; [(120, 48), (122, 54)]            ; 0.833 %     ;    Long Distance        ;
;     --          ;           ;                                   ;             ; sys_rst_n~input         ;
; long high speed ; right     ; [(108, 40), (119, 47)]            ; 62.500 %    ;    High Routing Fan-Out ;
;     --          ;           ;                                   ;             ; state.S_INIT            ;
;     --          ;           ;                                   ;             ; win_step[0]~RTM         ;
;     --          ;           ;                                   ;             ; Select_33~1             ;
;     --          ;           ;                                   ;             ; i232~0xsyn              ;
;     --          ;           ;                                   ;             ; lcd_res~reg0            ;
;     --          ;           ;                                   ;             ; lcd_blk~reg0            ;
;     --          ;           ;                                   ;             ; Select_42~2             ;
;     --          ;           ;                                   ;             ; spi_data[7]             ;
;     --          ;           ;                                   ;             ; spi_data[5]             ;
;     --          ;           ;                                   ;             ; spi_data[6]             ;
; long high speed ; right     ; [(108, 40), (119, 47)]            ; 62.500 %    ;    Long Distance        ;
;     --          ;           ;                                   ;             ; lcd_res~reg0            ;
;     --          ;           ;                                   ;             ; lcd_blk~reg0            ;
;     --          ;           ;                                   ;             ; state.S_INIT            ;
;     --          ;           ;                                   ;             ; win_step[0]~RTM         ;
;     --          ;           ;                                   ;             ; Select_33~1             ;
;     --          ;           ;                                   ;             ; i232~0xsyn              ;
;     --          ;           ;                                   ;             ; Select_42~2             ;
;     --          ;           ;                                   ;             ; spi_data[7]             ;
;     --          ;           ;                                   ;             ; spi_data[5]             ;
;     --          ;           ;                                   ;             ; spi_data[6]             ;
; long high speed ; left      ; [(120, 40), (122, 47)]            ; 6.250 %     ;    High Routing Fan-Out ;
;     --          ;           ;                                   ;             ; Select_28~1             ;
;     --          ;           ;                                   ;             ; Select_33~2             ;
;     --          ;           ;                                   ;             ; spi_state[0]~RTM        ;
; long high speed ; left      ; [(120, 40), (122, 47)]            ; 6.250 %     ;    Long Distance        ;
;     --          ;           ;                                   ;             ; Select_28~1             ;
;     --          ;           ;                                   ;             ; Select_33~2             ;
;     --          ;           ;                                   ;             ; spi_state[0]~RTM        ;
; long high speed ; up        ; [(120, 40), (122, 47)]            ; 66.667 %    ;    High Routing Fan-Out ;
;     --          ;           ;                                   ;             ; spi_state[0]            ;
;     --          ;           ;                                   ;             ; spi_state[1]            ;
;     --          ;           ;                                   ;             ; spi_div[1]              ;
;     --          ;           ;                                   ;             ; spi_div[0]              ;
;     --          ;           ;                                   ;             ; lcd_res~reg0            ;
;     --          ;           ;                                   ;             ; spi_dc_r                ;
;     --          ;           ;                                   ;             ; lcd_blk~reg0            ;
;     --          ;           ;                                   ;             ; spi_shift[7]            ;
; long high speed ; up        ; [(120, 40), (122, 47)]            ; 66.667 %    ;    Long Distance        ;
;     --          ;           ;                                   ;             ; lcd_res~reg0            ;
;     --          ;           ;                                   ;             ; lcd_blk~reg0            ;
;     --          ;           ;                                   ;             ; spi_state[0]            ;
;     --          ;           ;                                   ;             ; spi_state[1]            ;
;     --          ;           ;                                   ;             ; spi_div[1]              ;
;     --          ;           ;                                   ;             ; spi_div[0]              ;
;     --          ;           ;                                   ;             ; spi_dc_r                ;
;     --          ;           ;                                   ;             ; spi_shift[7]            ;
; long high speed ; down      ; [(108, 48), (119, 54)]            ; 25.556 %    ;    High Routing Fan-Out ;
;     --          ;           ;                                   ;             ; sys_rst_n~input         ;
;     --          ;           ;                                   ;             ; delay_ms[6]             ;
;     --          ;           ;                                   ;             ; delay_ms[5]             ;
;     --          ;           ;                                   ;             ; delay_ms[3]             ;
;     --          ;           ;                                   ;             ; Select_6~1xsyn          ;
;     --          ;           ;                                   ;             ; delay_cnt[18]           ;
;     --          ;           ;                                   ;             ; mult_0~26               ;
;     --          ;           ;                                   ;             ; mult_0~31               ;
;     --          ;           ;                                   ;             ; mult_0~36               ;
;     --          ;           ;                                   ;             ; mult_0~41               ;
; long high speed ; down      ; [(108, 48), (119, 54)]            ; 25.556 %    ;    Long Distance        ;
;     --          ;           ;                                   ;             ; sys_rst_n~input         ;
;     --          ;           ;                                   ;             ; delay_ms[6]             ;
;     --          ;           ;                                   ;             ; delay_ms[5]             ;
;     --          ;           ;                                   ;             ; delay_ms[3]             ;
;     --          ;           ;                                   ;             ; Select_6~1xsyn          ;
;     --          ;           ;                                   ;             ; delay_cnt[18]           ;
;     --          ;           ;                                   ;             ; mult_0~26               ;
;     --          ;           ;                                   ;             ; mult_0~31               ;
;     --          ;           ;                                   ;             ; mult_0~36               ;
;     --          ;           ;                                   ;             ; mult_0~41               ;
+-----------------+-----------+-----------------------------------+-------------+-------------------------+


+-----------------------------------------------+
; Peak Total Grid Crossings                     ;
+------------------------+----------------------+
; Net Name               ; Total Grid Crossings ;
+------------------------+----------------------+
; sys_rst_n~input        ; 3                    ;
; lcd_blk~reg0           ; 2                    ;
; lcd_res~reg0           ; 2                    ;
; Select_41~12           ; 1                    ;
; Select_33~1            ; 1                    ;
; Select_41~10           ; 1                    ;
; Select_41~9            ; 1                    ;
; spi_data[3]            ; 1                    ;
; spi_data[4]            ; 1                    ;
; Select_33~2            ; 1                    ;
; spi_data[6]            ; 1                    ;
; spi_data[5]            ; 1                    ;
; spi_data[7]            ; 1                    ;
; win_step[0]~RTM        ; 1                    ;
; i232~0xsyn             ; 1                    ;
; Select_28~1            ; 1                    ;
; Select_42~2            ; 1                    ;
; spi_state[0]~RTM       ; 1                    ;
; spi_shift[7]           ; 1                    ;
; init_idx[1]~RTM_9      ; 1                    ;
; Select_6~1             ; 1                    ;
; Select_3~0             ; 1                    ;
; delay_ms[2]~RTMUXMERGE ; 1                    ;
; delay_ms[5]~RTMUX      ; 1                    ;
; delay_ms[3]~RTMUX      ; 1                    ;
; Select_6~1xsyn         ; 1                    ;
; delay_ms[6]~RTMUX      ; 1                    ;
; init_idx[1]~RTM_19     ; 1                    ;
; state.S_INIT~RTM       ; 1                    ;
; delay_ms[6]            ; 1                    ;
; reduce_or_4~0          ; 1                    ;
; delay_ms[5]~RTM_16     ; 1                    ;
; delay_ms[2]            ; 1                    ;
; i138~0xsyn             ; 1                    ;
; state.S_INIT           ; 1                    ;
; delay_start            ; 1                    ;
; add_2~1                ; 1                    ;
; add_2~46               ; 1                    ;
; add_2~41               ; 1                    ;
; add_2~36               ; 1                    ;
; add_2~31               ; 1                    ;
; add_2~26               ; 1                    ;
; add_2~116              ; 1                    ;
; delay_cnt[19]          ; 1                    ;
; delay_cnt[18]          ; 1                    ;
; delay_cnt[17]          ; 1                    ;
; delay_cnt[16]          ; 1                    ;
; delay_cnt[15]          ; 1                    ;
; delay_cnt[14]          ; 1                    ;
; delay_cnt[13]          ; 1                    ;
+------------------------+----------------------+


--------------------------------------------
; Global Router Congestion Hotspot Summary ;
--------------------------------------------
No congestion hotspots found where global router short wire usage exceeded 100%.
If the design is hard to route, use other techniques to analyze congestion. Refer to the Estimated Delay Added for Hold Timing section in the Fitter report and routing utilization in the Chip Planner.


+--------------------------------------------------+
; Hyper-Retimer Settings                           ;
+------------------------+---------+---------------+
; Option                 ; Setting ; Default Value ;
+------------------------+---------+---------------+
; Enable Auto-Pipelining ; On      ; On            ;
+------------------------+---------+---------------+


+-----------------------------------------------+
; Reset Sequence Requirement                    ;
+-----------------+-----------------------------+
; Clock Name      ; Number of additional cycles ;
+-----------------+-----------------------------+
; clk_50m~derived ; 2                           ;
+-----------------+-----------------------------+
Note: Due to retiming optimizations, a clock domain may require a longer reset sequence to ensure correct functionality.  The table above indicates the minimum number of additional reset sequence cycles needed for each clock domain.


+-------------------------------------------------------------------------------------------------------------------------------------------------------------------------------------------+
; Retiming Limit Summary                                                                                                                                                                    ;
+------------------------------+------------------------+-----------------------------------------------------------------------------------------------------------------------------------+
; Clock Transfer               ; Limiting Reason        ; Recommendation                                                                                                                    ;
+------------------------------+------------------------+-----------------------------------------------------------------------------------------------------------------------------------+
; Clock Domain clk_50m~derived ; Insufficient Registers ; See the Fast Forward Timing Closure Recommendations report for step-by-step suggestions for RTL changes and estimated performance ;
+------------------------------+------------------------+-----------------------------------------------------------------------------------------------------------------------------------+


Critical Chain Summary for Clock Domain clk_50m~derived
===============================================================================
+---------------------------------------------------------------------------------------------------------------------------------------------------------------------------------------------------------------------------------------------------------+
; Recommendations for Critical Chain                                                                                                                                                                                                                      ;
+---------------------------------------------------------------------------------------------------------------------------------------------------------------------------------------------------------------------------------------------------------+
; Recommendation                                                                                                                                                                                                                                          ;
+---------------------------------------------------------------------------------------------------------------------------------------------------------------------------------------------------------------------------------------------------------+
; The critical chain is limited by: Insufficient Registers                                                                                                                                                                                                ;
;                                                                                                                                                                                                                                                         ;
; Reduce the delay of 'Long Paths' in the chain                                                                                                                                                                                                           ;
;   or insert more pipeline stages for 'Long Paths' in the chain                                                                                                                                                                                          ;
;   or remove retiming restrictions                                                                                                                                                                                                                       ;
;    Refer to <a href='https://www.intel.com/content/www/us/en/docs/programmable/683353/current/insufficient-registers.html'>Insufficient Registers</a> in the <i>Intel Hyperflex Architecture High-Performance Design Handbook</i> for more information. ;
;                                                                                                                                                                                                                                                         ;
; Retiming Restrictions at Register #1:                                                                                                                                                                                                                   ;
;  delay_ms[2]~DUPLICATE                                                                                                                                                                                                                                  ;
;   Node uses an asynchronous clear port                                                                                                                                                                                                                  ;
;                                                                                                                                                                                                                                                         ;
; Retiming Restrictions at Register #2:                                                                                                                                                                                                                   ;
;  delay_cnt[23]                                                                                                                                                                                                                                          ;
;   Node uses an asynchronous clear port                                                                                                                                                                                                                  ;
+---------------------------------------------------------------------------------------------------------------------------------------------------------------------------------------------------------------------------------------------------------+

+-----------------------------------------------------------------------------------------------------------------------------------+
; Critical Chain Details                                                                                                            ;
+----------------------+-------------------------+-------------+--------------------------------------------------------------------+
; Path Info            ; Register                ; Register ID ; Element                                                            ;
+----------------------+-------------------------+-------------+--------------------------------------------------------------------+
; Retiming Restriction ; ALM Register            ; #1          ; delay_ms[2]~DUPLICATE                                              ;
; Long Path (Critical) ;                         ;             ; delay_ms[2]~DUPLICATE|q                                            ;
; Long Path (Critical) ;                         ;             ; delay_ms[2]~DUPLICATE~_LAB_RE_X114_Y47_N0_I119                     ;
; Long Path (Critical) ;                         ;             ; delay_ms[2]~DUPLICATE~_R0_X114_Y47_N0_I54                          ;
; Long Path (Critical) ;                         ;             ; delay_ms[2]~DUPLICATE~_R0_X114_Y47_N0_I17                          ;
; Long Path (Critical) ;                         ;             ; delay_ms[2]~DUPLICATE~_R0_X114_Y47_N0_I23                          ;
; Long Path (Critical) ;                         ;             ; delay_ms[2]~DUPLICATE~_C1_X114_Y47_N0_I2                           ;
; Long Path (Critical) ;                         ;             ; delay_ms[2]~DUPLICATE~_LOCAL_INTERCONNECT_X114_Y48_N0_I12          ;
; Long Path (Critical) ; Bypassed Hyper-Register ;             ; delay_ms[2]~DUPLICATE~_BLOCK_INPUT_MUX_PASSTHROUGH_X114_Y48_N0_I20 ;
; Long Path (Critical) ;                         ;             ; delay_ms[2]~DUPLICATE~_LAB_RE_X114_Y48_N0_I19                      ;
; Long Path (Critical) ;                         ;             ; mult_0~206|dataa                                                   ;
; Long Path (Critical) ;                         ;             ; mult_0~146|cout                                                    ;
; Long Path (Critical) ;                         ;             ; mult_0~151|cin                                                     ;
; Long Path (Critical) ;                         ;             ; mult_0~161|cout                                                    ;
; Long Path (Critical) ;                         ;             ; mult_0~166|cin                                                     ;
; Long Path (Critical) ;                         ;             ; mult_0~91|cout                                                     ;
; Long Path (Critical) ;                         ;             ; mult_0~96|cin                                                      ;
; Long Path (Critical) ;                         ;             ; mult_0~96|sumout                                                   ;
; Long Path (Critical) ;                         ;             ; mult_0~96~_LAB_RE_X114_Y48_N0_I118                                 ;
; Long Path (Critical) ;                         ;             ; mult_0~96~_R1_X115_Y48_N0_I30                                      ;
; Long Path (Critical) ;                         ;             ; mult_0~96~_LOCAL_INTERCONNECT_X115_Y48_N0_I62                      ;
; Long Path (Critical) ; Bypassed Hyper-Register ;             ; mult_0~96~_BLOCK_INPUT_MUX_PASSTHROUGH_X115_Y48_N0_I69             ;
; Long Path (Critical) ;                         ;             ; mult_0~96~_LAB_RE_X115_Y48_N0_I68                                  ;
; Long Path (Critical) ;                         ;             ; mult_0~6|datab                                                     ;
; Long Path (Critical) ; Bypassed Hyper-Register ;             ; mult_0~16|cout                                                     ;
; Long Path (Critical) ;                         ;             ; mult_0~16~_LAB_RE_X115_Y48_N0_I88                                  ;
; Long Path (Critical) ;                         ;             ; mult_0~16~_LAB_RE_X115_Y47_N0_I87                                  ;
; Long Path (Critical) ;                         ;             ; mult_0~21|cin                                                      ;
; Long Path (Critical) ;                         ;             ; mult_0~21|sumout                                                   ;
; Long Path (Critical) ;                         ;             ; mult_0~21~_LAB_RE_X115_Y47_N0_I89                                  ;
; Long Path (Critical) ;                         ;             ; mult_0~21~_R0_X115_Y47_N0_I0                                       ;
; Long Path (Critical) ;                         ;             ; mult_0~21~_LOCAL_INTERCONNECT_X115_Y47_N0_I26                      ;
; Long Path (Critical) ; Bypassed Hyper-Register ;             ; mult_0~21~_BLOCK_INPUT_MUX_PASSTHROUGH_X115_Y47_N0_I26             ;
; Long Path (Critical) ;                         ;             ; mult_0~21~_LAB_RE_X115_Y47_N0_I24                                  ;
; Long Path (Critical) ;                         ;             ; i137~4|datae                                                       ;
; Long Path (Critical) ;                         ;             ; i137~4|combout                                                     ;
; Long Path (Critical) ;                         ;             ; delay_cnt[23]|d                                                    ;
; Retiming Restriction ; ALM Register            ; #2          ; delay_cnt[23]                                                      ;
+----------------------+-------------------------+-------------+--------------------------------------------------------------------+



+-------------------------------------------------------------------------------------------------------------------------------------------------------------------------------------------------------------------------------------------------------------------------------------------------------------------+
; Hyper-Retimer INI Usage                                                                                                                                                                                                                                                                                           ;
+----------------------+--------------------------------------------------------------------------------------------------------------------------------------------------------------------------------------------------------------------------------------------------------------------------------------------+
; Option               ; Usage                                                                                                                                                                                                                                                                                      ;
+----------------------+--------------------------------------------------------------------------------------------------------------------------------------------------------------------------------------------------------------------------------------------------------------------------------------------+
; Initialization file: ; c:/altera_pro/25.1.1/quartus/bin64/quartus.ini                                                                                                                                                                                                                                             ;
; dev_password0        ; d0070c637d8467d216785497e7c00f870f7a1a12185e102e5e895c693de70841606127b3ca1ec5b729e9a2b25df63706a8f2a52ba85cfc9770f9c37f3b12233613224222356000434553430301145310420004273404241000430325566225442255633517555454203222702254455551500430554544754441                                       ;
; dev_password1        ; d0070c637d8467d216785497e7c00f870f7a1a12185e102e5e895c693de70841606127b3db1ec5b729e9a2b25df63706a8f2a52ba85cfc9770f9c37f3b12233613224222356000434553430301145310420004273404241000430325566225442255633517555454203222702254455551500430554544754441                                       ;
; dev_password2        ; d0070c637d8467d216785497e7c00f870f7a1a12185e102e5e895c693de70841606127bcff1ec5b729e9a2b25df63706a8f2a52ba85cfc9770f9c37f3b12233613224222356000434553430301145310420004273404241000430325566225442255633517555454203222702254455551500430554544754441                                       ;
; dev_password3        ; d0070c637d8467d216785497e7c00f870f7a1a12185e102ebe009e3467d011d207d32f2a52bafaf86ec15616a984b8e9728a45b50281ece9912233613224222356000434553430301145310420004273404215535227542216233445555154261322232275455165501110551544175444                                                         ;
; dev_password4        ; d0070c637d8467d216785491e1c00f870f7a1ae6099eac19d44978b7f5082a30304d35d5ba40adf229412a4e401e82a018f2a52b00b435b6647e6a984b8e40f7cacc1d25295ee122336132242223560004345534303011453100004233041052422324402224003245311015010425524235753251133544555514227122322257545516500100555144517445 ;
+----------------------+--------------------------------------------------------------------------------------------------------------------------------------------------------------------------------------------------------------------------------------------------------------------------------------------+


+----------------------------------------------------------------+
; Routing Usage Summary                                          ;
+--------------------------------------+-------------------------+
; Routing Resource Type                ; Usage                   ;
+--------------------------------------+-------------------------+
; Block Input Mux Wrapbacks            ; 1 / 43,616 ( < 1 % )    ;
; Block Input Muxes                    ; 968 / 500,456 ( < 1 % ) ;
; Block interconnects                  ; 686 / 526,400 ( < 1 % ) ;
; C1 interconnects                     ; 165 / 234,240 ( < 1 % ) ;
; C4 interconnects                     ; 0 / 229,360 ( 0 % )     ;
; C8 interconnects                     ; 0 / 22,936 ( 0 % )      ;
; DCM_muxes                            ; 1 / 216 ( < 1 % )       ;
; DELAY_CHAINs                         ; 0 / 1,262 ( 0 % )       ;
; Direct links                         ; 170 / 526,400 ( < 1 % ) ;
; HIO Buffers                          ; 1 / 10,528 ( < 1 % )    ;
; IO75XDDRFMXCKTREE_CLKDRV_BIG_VCO_REs ; 0 / 8 ( 0 % )           ;
; IO75XDDRFMXCKTREE_CLKDRV_GM0_REs     ; 0 / 8 ( 0 % )           ;
; IO75XDDRFMXCKTREE_CLKDRV_VCO_INPUTs  ; 0 / 4 ( 0 % )           ;
; IO75XDDRFMXCKTREE_CLKDRV_VCO_OUTPUTs ; 0 / 4 ( 0 % )           ;
; IO75XDDRFMXCKTREE_FB_MUX31_REs       ; 0 / 24 ( 0 % )          ;
; IOFBRADAPT_C2P_BUF_INPUTs            ; 0 / 66 ( 0 % )          ;
; IOFBRADAPT_C2P_BUF_OUTPUTs           ; 0 / 66 ( 0 % )          ;
; IOFBRADAPT_FRZ_BUFS_REs              ; 0 / 308 ( 0 % )         ;
; IOFBRADAPT_P2C_BUF_INPUTs            ; 0 / 142 ( 0 % )         ;
; IOFBRADAPT_P2C_BUF_OUTPUTs           ; 0 / 142 ( 0 % )         ;
; Programmable Invert Buffers          ; 0 / 208 ( 0 % )         ;
; Programmable Invert Inputs           ; 44 / 57,078 ( < 1 % )   ;
; Programmable Inverts                 ; 44 / 57,078 ( < 1 % )   ;
; R0 interconnects                     ; 307 / 401,380 ( < 1 % ) ;
; R1 interconnects                     ; 222 / 229,360 ( < 1 % ) ;
; R12 interconnects                    ; 0 / 34,404 ( 0 % )      ;
; R2 interconnects                     ; 78 / 115,620 ( < 1 % )  ;
; R4 interconnects                     ; 26 / 117,500 ( < 1 % )  ;
; R6 interconnects                     ; 8 / 118,440 ( < 1 % )   ;
; Redundancy Muxes                     ; 7 / 20,728 ( < 1 % )    ;
; Row Clock Tap-Offs                   ; 19 / 34,404 ( < 1 % )   ;
; Switchbox_clock_muxes                ; 2 / 1,920 ( < 1 % )     ;
; VIO Buffers                          ; 0 / 8,320 ( 0 % )       ;
; Vertical_seam_tap_muxes              ; 2 / 576 ( < 1 % )       ;
+--------------------------------------+-------------------------+


+-------------------------------------------------------------------------------------------------------------------------------------------------------------------------------------------------------------------------------------------------------------------------------------------------------------------+
; Fitter INI Usage                                                                                                                                                                                                                                                                                                  ;
+----------------------+--------------------------------------------------------------------------------------------------------------------------------------------------------------------------------------------------------------------------------------------------------------------------------------------+
; Option               ; Usage                                                                                                                                                                                                                                                                                      ;
+----------------------+--------------------------------------------------------------------------------------------------------------------------------------------------------------------------------------------------------------------------------------------------------------------------------------------+
; Initialization file: ; c:/altera_pro/25.1.1/quartus/bin64/quartus.ini                                                                                                                                                                                                                                             ;
; dev_password0        ; d0070c637d8467d216785497e7c00f870f7a1a12185e102e5e895c693de70841606127b3ca1ec5b729e9a2b25df63706a8f2a52ba85cfc9770f9c37f3b12233613224222356000434553430301145310420004273404241000430325566225442255633517555454203222702254455551500430554544754441                                       ;
; dev_password1        ; d0070c637d8467d216785497e7c00f870f7a1a12185e102e5e895c693de70841606127b3db1ec5b729e9a2b25df63706a8f2a52ba85cfc9770f9c37f3b12233613224222356000434553430301145310420004273404241000430325566225442255633517555454203222702254455551500430554544754441                                       ;
; dev_password2        ; d0070c637d8467d216785497e7c00f870f7a1a12185e102e5e895c693de70841606127bcff1ec5b729e9a2b25df63706a8f2a52ba85cfc9770f9c37f3b12233613224222356000434553430301145310420004273404241000430325566225442255633517555454203222702254455551500430554544754441                                       ;
; dev_password3        ; d0070c637d8467d216785497e7c00f870f7a1a12185e102ebe009e3467d011d207d32f2a52bafaf86ec15616a984b8e9728a45b50281ece9912233613224222356000434553430301145310420004273404215535227542216233445555154261322232275455165501110551544175444                                                         ;
; dev_password4        ; d0070c637d8467d216785491e1c00f870f7a1ae6099eac19d44978b7f5082a30304d35d5ba40adf229412a4e401e82a018f2a52b00b435b6647e6a984b8e40f7cacc1d25295ee122336132242223560004345534303011453100004233041052422324402224003245311015010425524235753251133544555514227122322257545516500100555144517445 ;
+----------------------+--------------------------------------------------------------------------------------------------------------------------------------------------------------------------------------------------------------------------------------------------------------------------------------------+


+-----------------+
; Fitter Messages ;
+-----------------+
Can't read Quartus Prime message file C:/Users/wqshj/Desktop/FPGA_Pro/My_Verilog/learn/LCD1/qdb/_compiler/top_lcd_st7789/_flat/25.1.1/legacy/1/top_lcd_st7789.fit.plan.header.qmsgdb.
Make sure the file exists and is up to date, and you have permission to read and write the file.
Info (16677): Loading synthesized database.
Info (16734): Loading "synthesized" snapshot for partition "root_partition".
Info (16678): Successfully loaded synthesized database: elapsed time is 00:00:03.
Info (119006): Selected device A5EB013BB23BE4SR1 for design "top_lcd_st7789"
Info (21077): Low junction temperature is 0 degrees C
Info (21077): High junction temperature is 100 degrees C
Info (171004): Fitter is performing a Standard Fit compilation using maximum Fitter effort to optimize design performance
Info (21077): Low junction temperature is 0 degrees C
Info (21077): High junction temperature is 100 degrees C
Info (12262): Starting Fitter periphery placement operations
Info (12290): Loading the periphery placement data.
Info (12291): Periphery placement data loaded: elapsed time is 00:00:21
Info (12627): Pin ~ALTERA_AS_DATA1~ is reserved at location CK67
Info (12627): Pin ~ALTERA_AS_nCSO0,ALTERA_MSEL0~ is reserved at location BY71
Info (12627): Pin ~ALTERA_AS_DATA2~ is reserved at location DC74
Info (12627): Pin ~ALTERA_AS_DATA0~ is reserved at location CN64
Info (12627): Pin ~ALTERA_AS_CLK~ is reserved at location CY69
Info (12627): Pin ~ALTERA_AS_nCSO2,ALTERA_MSEL1~ is reserved at location CN67
Info (12627): Pin ~ALTERA_AS_nCSO1,ALTERA_MSEL2~ is reserved at location CN71
Info (12627): Pin ~ALTERA_AS_DATA3~ is reserved at location DC75
Info (12627): Pin ~ALTERA_AS_nCSO3~ is reserved at location DB71
Info (12627): Pin ~ALTERA_AS_nRST~ is reserved at location CY71
Warning (25315): Some pins are missing drive strength (current strength) and/or slew rate assignments. Refer to the I/O Assignment Warnings report for details.
Info (16210): Plan updated with currently enabled project assignments.
Info (12295): Periphery placement of all unplaced cells complete: elapsed time is 00:00:00
Info (19539): Reading the HDL-embedded SDC files elapsed 00:00:00.
Info (23353): No SDC file assignments detected, attempting to load a default SDC file: top_lcd_st7789.sdc.
Critical Warning (332012): Synopsys Design Constraints File file not found: 'top_lcd_st7789.sdc'. A Synopsys Design Constraints File is required by the Timing Analyzer to get proper timing constraints. Without it, the Compiler will not properly optimize the design.
Info (19449): Reading SDC files elapsed 00:00:00.
Info (23800): Derived clock name suffix defaults to '~derived'.
Info (332144): No user constrained base clocks found in the design. They will be automatically derived.
Info (332143): No user constrained clock uncertainty found in the design. Calling "derive_clock_uncertainty"
Warning (332158): Clock uncertainty characteristics of the Agilex 5 device family are preliminary
Info (332123): Deriving Clock Uncertainty. Please refer to report_sdc in the Timing Analyzer to see clock uncertainties.
Info (332128): Timing requirements not specified -- optimizing circuit to achieve the following default global requirements
    Info (332127): Assuming a default timing requirement
Info (332111): Found 1 clocks
    Info (332111):   Period   Clock Name
    Info (332111): ======== ============
    Info (332111):    1.000 clk_50m~derived
Info (176233): Starting register packing
Info (176235): Finished register packing
    Extra Info (176219): No registers were packed into other blocks
Info (20273): Intermediate fitter snapshots will not be committed because ENABLE_INTERMEDIATE_SNAPSHOTS QSF assignment is disabled during compilation.
Info (21624): Not running Design Assistant in plan stage because there is no enabled rule to check
Info (12517): Periphery placement operations ending: elapsed time is 00:00:59
Info (11165): Fitter preparation operations ending: elapsed time is 00:00:42
Info (18252): The Fitter is using Physical Synthesis.
Info (22300): Design uses Placement Effort Multiplier = 1.0.
Info (18258): Fitter Physical Synthesis operations beginning
Info (18259): Fitter Physical Synthesis operations ending: elapsed time is 00:00:01
Info (11888): Total time spent on timing analysis during Physical Synthesis is 0.00 seconds.
Info (11178): Promoted 1 clock 
    Info (18386): clk_50m (180 fanout) drives clock sector (1, 0)
Info (22300): Design uses Placement Effort Multiplier = 1.0.
Info (170189): Fitter placement preparation operations beginning
Info (11888): Total time spent on timing analysis during Physical Synthesis is 0.00 seconds.
Info (22300): Design uses Placement Effort Multiplier = 1.0.
Info (170191): Fitter placement operations beginning
Info (170137): Fitter placement was successful
Info (170192): Fitter placement operations ending: elapsed time is 00:00:03
Info (11888): Total time spent on timing analysis during Placement is 0.00 seconds.
Info (21624): Not running Design Assistant in place stage because there is no enabled rule to check
Info (22300): Design uses Placement Effort Multiplier = 1.0.
Info (170193): Fitter routing operations beginning
Info (20215): Router estimated peak short interconnect demand : 0% of down directional wire in region X120_Y48 to X122_Y54
    Info (20265): Estimated peak short right directional wire demand : 0% in region X0_Y0 to X11_Y7
    Info (20265): Estimated peak short left directional wire demand : 0% in region X0_Y0 to X11_Y7
    Info (20265): Estimated peak short up directional wire demand : 0% in region X0_Y0 to X11_Y7
    Info (20265): Estimated peak short down directional wire demand : 0% in region X120_Y48 to X122_Y54
Info (20215): Router estimated peak long high speed interconnect demand : 66% of up directional wire in region X120_Y40 to X122_Y47
    Info (20265): Estimated peak long high speed right directional wire demand : 62% in region X108_Y40 to X119_Y47
    Info (20265): Estimated peak long high speed left directional wire demand : 6% in region X120_Y40 to X122_Y47
    Info (20265): Estimated peak long high speed up directional wire demand : 66% in region X120_Y40 to X122_Y47
    Info (20265): Estimated peak long high speed down directional wire demand : 25% in region X108_Y48 to X119_Y54
    Info (20315): Note that the router may use short wires to implement long connections at higher delay
Info (170239): Router is attempting to preserve 0.30 percent of routes from an earlier compilation, a user specified Routing Constraints File, or internal routing requirements.
Info (11888): Total time spent on timing analysis during Routing is 0.05 seconds.
Warning (18291): Timing characteristics of device A5EB013BB23BE4SR1 are preliminary
Info (16607): Fitter routing operations ending: elapsed time is 00:00:13
Info (17966): Starting Hyper-Retimer operations.
Info (18914): The Hyper-Retimer was unable to optimize the design due to retiming restrictions. Run Fast Forward Timing Closure Recommendations to see step-by-step suggestions for design changes and show the estimated performance improvement from making these changes.
Info (17968): Completed Hyper-Retimer operations.
Info (18821): Fitter Hyper-Retimer operations ending: elapsed time is 00:00:00
Info (21077): Low junction temperature is 0 degrees C
Info (21077): High junction temperature is 100 degrees C
Info (18258): Fitter Physical Synthesis operations beginning
Info (18259): Fitter Physical Synthesis operations ending: elapsed time is 00:00:00
Info (24604): Global preservation of unused transceiver channels is enabled. All unused transceiver channels will be preserved.
Info (16557): Fitter post-fit operations ending: elapsed time is 00:00:11
Info (20274): Successfully committed final database.
Info (21624): Not running Design Assistant in finalize stage because there is no enabled rule to check
Info: Quartus Prime Fitter was successful. 0 errors, 4 warnings
    Info: Peak virtual memory: 5263 megabytes
    Info: Processing ended: Sun Sep  6 00:46:47 2026
    Info: Elapsed time: 00:01:57
    Info: System process ID: 20940


